scope,file_path,url,post_key
e_drive,E:\0404\threads_live_report_0403_2114.xlsx,https://www.threads.com/@_cos._.kiki/post/DWp2OWej_mZ,_cos._.kiki/post/DWp2OWej_mZ
e_drive,E:\0404\threads_live_report_0403_2114.xlsx,https://www.threads.com/@_quokka_cute/post/DWoUgFQj5ce,_quokka_cute/post/DWoUgFQj5ce
e_drive,E:\0404\threads_live_report_0403_2114.xlsx,https://www.threads.com/@_todaypick_home/post/DWoYky0GP3s,_todaypick_home/post/DWoYky0GP3s
e_drive,E:\0404\threads_live_report_0403_2114.xlsx,https://www.threads.com/@am.09_59/post/DWoV9oXAYXg,am.09_59/post/DWoV9oXAYXg
e_drive,E:\0404\threads_live_report_0403_2114.xlsx,https://www.threads.com/@arch_dotori/post/DWjPCJTjtPu,arch_dotori/post/DWjPCJTjtPu
e_drive,E:\0404\threads_live_report_0403_2114.xlsx,https://www.threads.com/@arch_dotori/post/DWjXDRcFVMQ,arch_dotori/post/DWjXDRcFVMQ
e_drive,E:\0404\threads_live_report_0403_2114.xlsx,https://www.threads.com/@arch_dotori/post/DWjaueOCcmQ,arch_dotori/post/DWjaueOCcmQ
e_drive,E:\0404\threads_live_report_0403_2114.xlsx,https://www.threads.com/@arch_dotori/post/DWjdi_qGjng,arch_dotori/post/DWjdi_qGjng
e_drive,E:\0404\threads_live_report_0403_2114.xlsx,https://www.threads.com/@arin_item_/post/DWqAN-rGGiS,arin_item_/post/DWqAN-rGGiS
e_drive,E:\0404\threads_live_report_0403_2114.xlsx,https://www.threads.com/@bestday.happy/post/DWoXQNSAS66,bestday.happy/post/DWoXQNSAS66
e_drive,E:\0404\threads_live_report_0403_2114.xlsx,https://www.threads.com/@cis7cis9/post/DWoUjCIkZpt,cis7cis9/post/DWoUjCIkZpt
e_drive,E:\0404\threads_live_report_0403_2114.xlsx,https://www.threads.com/@dave_hyemin/post/DWqAnh8E4GT,dave_hyemin/post/DWqAnh8E4GT
e_drive,E:\0404\threads_live_report_0403_2114.xlsx,https://www.threads.com/@ha__na__lee/post/DWoTKk3knbl,ha__na__lee/post/DWoTKk3knbl
e_drive,E:\0404\threads_live_report_0403_2114.xlsx,https://www.threads.com/@homekootem/post/DWpcBKWE-zw,homekootem/post/DWpcBKWE-zw
e_drive,E:\0404\threads_live_report_0403_2114.xlsx,https://www.threads.com/@im_minjuo/post/DWoZUNpiQLw,im_minjuo/post/DWoZUNpiQLw
e_drive,E:\0404\threads_live_report_0403_2114.xlsx,https://www.threads.com/@janelove0806/post/DWpMGqBD2pZ,janelove0806/post/DWpMGqBD2pZ
e_drive,E:\0404\threads_live_report_0403_2114.xlsx,https://www.threads.com/@jin_yourfavorite/post/DWoRvYYk9jz,jin_yourfavorite/post/DWoRvYYk9jz
e_drive,E:\0404\threads_live_report_0403_2114.xlsx,https://www.threads.com/@jin_yourfavorite/post/DWqGBf3E-m6,jin_yourfavorite/post/DWqGBf3E-m6
e_drive,E:\0404\threads_live_report_0403_2114.xlsx,https://www.threads.com/@lydiacha0215/post/DWocvyriWBj,lydiacha0215/post/DWocvyriWBj
e_drive,E:\0404\threads_live_report_0403_2114.xlsx,https://www.threads.com/@moneyrabbit__/post/DWpRpjGkw7_,moneyrabbit__/post/DWpRpjGkw7_
e_drive,E:\0404\threads_live_report_0403_2114.xlsx,https://www.threads.com/@moneyrabbit__/post/DWpjDiFD_pY,moneyrabbit__/post/DWpjDiFD_pY
e_drive,E:\0404\threads_live_report_0403_2114.xlsx,https://www.threads.com/@muvigyeol/post/DWpILCbE-Zg,muvigyeol/post/DWpILCbE-Zg
e_drive,E:\0404\threads_live_report_0403_2114.xlsx,https://www.threads.com/@ock24087/post/DWoxHg2iU_b,ock24087/post/DWoxHg2iU_b
e_drive,E:\0404\threads_live_report_0403_2114.xlsx,https://www.threads.com/@oddbox_lab/post/DWpy5cTErRx,oddbox_lab/post/DWpy5cTErRx
e_drive,E:\0404\threads_live_report_0403_2114.xlsx,https://www.threads.com/@ohmy_it_tem/post/DWp5-wCk6R6,ohmy_it_tem/post/DWp5-wCk6R6
e_drive,E:\0404\threads_live_report_0403_2114.xlsx,https://www.threads.com/@pecopecoel/post/DWqAucXgeeC,pecopecoel/post/DWqAucXgeeC
e_drive,E:\0404\threads_live_report_0403_2114.xlsx,https://www.threads.com/@sosopick88/post/DWm9s3Ak5-2,sosopick88/post/DWm9s3Ak5-2
e_drive,E:\0404\threads_live_report_0403_2114.xlsx,https://www.threads.com/@sosopick88/post/DWpf7cYE5Tr,sosopick88/post/DWpf7cYE5Tr
e_drive,E:\0404\threads_live_report_0403_2114.xlsx,https://www.threads.com/@todaypick_good/post/DWouHb8mCeL,todaypick_good/post/DWouHb8mCeL
e_drive,E:\0404\threads_live_report_0403_2114.xlsx,https://www.threads.com/@yumyum_3333/post/DWpjL07k7BB,yumyum_3333/post/DWpjL07k7BB
e_drive,E:\0405\threads_live_report_0405_0305.xlsx,https://www.threads.com/@_dolphinmom/post/DWsfI96kykO,_dolphinmom/post/DWsfI96kykO
e_drive,E:\0405\threads_live_report_0405_0305.xlsx,https://www.threads.com/@angster_yum/post/DWsR5NLiZJg,angster_yum/post/DWsR5NLiZJg
e_drive,E:\0405\threads_live_report_0405_0305.xlsx,https://www.threads.com/@daliy_pic0/post/DWs3LZuEroh,daliy_pic0/post/DWs3LZuEroh
e_drive,E:\0405\threads_live_report_0405_0305.xlsx,https://www.threads.com/@duckdps/post/DWsh3v_kad2,duckdps/post/DWsh3v_kad2
e_drive,E:\0405\threads_live_report_0405_0305.xlsx,https://www.threads.com/@earthtone.kr/post/DWtOlnyj7PL,earthtone.kr/post/DWtOlnyj7PL
e_drive,E:\0405\threads_live_report_0405_0305.xlsx,https://www.threads.com/@gigawifi66/post/DWtOX8bkdVg,gigawifi66/post/DWtOX8bkdVg
e_drive,E:\0405\threads_live_report_0405_0305.xlsx,https://www.threads.com/@hoo_hooahah/post/DWs6q_NAWHA,hoo_hooahah/post/DWs6q_NAWHA
e_drive,E:\0405\threads_live_report_0405_0305.xlsx,https://www.threads.com/@jhjhjs5/post/DWsNa28EjFa,jhjhjs5/post/DWsNa28EjFa
e_drive,E:\0405\threads_live_report_0405_0305.xlsx,https://www.threads.com/@jibsooni_duna/post/DWrDd-GiRq6,jibsooni_duna/post/DWrDd-GiRq6
e_drive,E:\0405\threads_live_report_0405_0305.xlsx,https://www.threads.com/@jinvelvet34/post/DWqy4Askerl,jinvelvet34/post/DWqy4Askerl
e_drive,E:\0405\threads_live_report_0405_0305.xlsx,https://www.threads.com/@jjjuuu_sarang/post/DWsrMQXk-fW,jjjuuu_sarang/post/DWsrMQXk-fW
e_drive,E:\0405\threads_live_report_0405_0305.xlsx,https://www.threads.com/@leeyoonday/post/DWsuYWrgRnw,leeyoonday/post/DWsuYWrgRnw
e_drive,E:\0405\threads_live_report_0405_0305.xlsx,https://www.threads.com/@minimay0527/post/DWssn9NEb0x,minimay0527/post/DWssn9NEb0x
e_drive,E:\0405\threads_live_report_0405_0305.xlsx,https://www.threads.com/@minjoobom/post/DWsLeC3GHl-,minjoobom/post/DWsLeC3GHl-
e_drive,E:\0405\threads_live_report_0405_0305.xlsx,https://www.threads.com/@mndh1023/post/DWswColiWsJ,mndh1023/post/DWswColiWsJ
e_drive,E:\0405\threads_live_report_0405_0305.xlsx,https://www.threads.com/@naseul___/post/DWs5Eh0GBRe,naseul___/post/DWs5Eh0GBRe
e_drive,E:\0405\threads_live_report_0405_0305.xlsx,https://www.threads.com/@ock24087/post/DWrA9_dCfLc,ock24087/post/DWrA9_dCfLc
e_drive,E:\0405\threads_live_report_0405_0305.xlsx,https://www.threads.com/@palago8394/post/DWtuhCbkYJ-,palago8394/post/DWtuhCbkYJ-
e_drive,E:\0405\threads_live_report_0405_0305.xlsx,https://www.threads.com/@paws_pick/post/DWtQaAPkiWL,paws_pick/post/DWtQaAPkiWL
e_drive,E:\0405\threads_live_report_0405_0305.xlsx,https://www.threads.com/@peach_human_/post/DWsM-REE0TZ,peach_human_/post/DWsM-REE0TZ
e_drive,E:\0405\threads_live_report_0405_0305.xlsx,https://www.threads.com/@pickit_in/post/DWsOlHDj9D2,pickit_in/post/DWsOlHDj9D2
e_drive,E:\0405\threads_live_report_0405_0305.xlsx,https://www.threads.com/@ping._.pick/post/DWthe5UFNCY,ping._.pick/post/DWthe5UFNCY
e_drive,E:\0405\threads_live_report_0405_0305.xlsx,https://www.threads.com/@psjrich/post/DWsJwfik6Vf,psjrich/post/DWsJwfik6Vf
e_drive,E:\0405\threads_live_report_0405_0305.xlsx,https://www.threads.com/@salim_bomulchanggo/post/DWs-n8ik2D2,salim_bomulchanggo/post/DWs-n8ik2D2
e_drive,E:\0405\threads_live_report_0405_0305.xlsx,https://www.threads.com/@santoggi.cave/post/DWsFjPAgVSW,santoggi.cave/post/DWsFjPAgVSW
e_drive,E:\0405\threads_live_report_0405_0305.xlsx,https://www.threads.com/@scrollpick_/post/DWtaLfjEyh_,scrollpick_/post/DWtaLfjEyh_
e_drive,E:\0405\threads_live_report_0405_0305.xlsx,https://www.threads.com/@sua_item/post/DWskUJLk3rC,sua_item/post/DWskUJLk3rC
e_drive,E:\0405\threads_live_report_0405_0305.xlsx,https://www.threads.com/@thing.pick/post/DWsFJZsEkur,thing.pick/post/DWsFJZsEkur
e_drive,E:\0405\threads_live_report_0405_0305.xlsx,https://www.threads.com/@today0211/post/DWs_DTyAa1W,today0211/post/DWs_DTyAa1W
e_drive,E:\0405\threads_live_report_0405_0305.xlsx,https://www.threads.com/@vidone03/post/DWsk307kmZL,vidone03/post/DWsk307kmZL
e_drive,E:\0405\threads_live_report_0405_0305.xlsx,https://www.threads.com/@yogini.katarina/post/DWsS0dkknFX,yogini.katarina/post/DWsS0dkknFX
e_drive,E:\0405\threads_live_report_0405_0305.xlsx,https://www.threads.com/@yonikim0/post/DWtGeziEZI2,yonikim0/post/DWtGeziEZI2
e_drive,E:\0406\threads_live_report_0406_0233.xlsx,https://www.threads.com/@ani_pickon/post/DWvkzAwEWOn,ani_pickon/post/DWvkzAwEWOn
e_drive,E:\0406\threads_live_report_0406_0233.xlsx,https://www.threads.com/@arin_item_/post/DWsakM7mJQq,arin_item_/post/DWsakM7mJQq
e_drive,E:\0406\threads_live_report_0406_0233.xlsx,https://www.threads.com/@couja.zip/post/DWvuuDFlKcK,couja.zip/post/DWvuuDFlKcK
e_drive,E:\0406\threads_live_report_0406_0233.xlsx,https://www.threads.com/@dambi_sun7/post/DWuoB4kkiZr,dambi_sun7/post/DWuoB4kkiZr
e_drive,E:\0406\threads_live_report_0406_0233.xlsx,https://www.threads.com/@dayoon7997/post/DWvJLwkkmLO,dayoon7997/post/DWvJLwkkmLO
e_drive,E:\0406\threads_live_report_0406_0233.xlsx,https://www.threads.com/@dingdong.ii/post/DWvkYv8EoGa,dingdong.ii/post/DWvkYv8EoGa
e_drive,E:\0406\threads_live_report_0406_0233.xlsx,https://www.threads.com/@dooly_0619/post/DWvhFZekSDv,dooly_0619/post/DWvhFZekSDv
e_drive,E:\0406\threads_live_report_0406_0233.xlsx,https://www.threads.com/@honest_eyyes/post/DWvYs_OlCnK,honest_eyyes/post/DWvYs_OlCnK
e_drive,E:\0406\threads_live_report_0406_0233.xlsx,https://www.threads.com/@jin__favorite/post/DWvIHFDmJrk,jin__favorite/post/DWvIHFDmJrk
e_drive,E:\0406\threads_live_report_0406_0233.xlsx,https://www.threads.com/@leeyoonday/post/DWvvw5ggTlY,leeyoonday/post/DWvvw5ggTlY
e_drive,E:\0406\threads_live_report_0406_0233.xlsx,https://www.threads.com/@ludia.2025/post/DWuDiQpE84t,ludia.2025/post/DWuDiQpE84t
e_drive,E:\0406\threads_live_report_0406_0233.xlsx,https://www.threads.com/@minimay0527/post/DWvPyuDEeyb,minimay0527/post/DWvPyuDEeyb
e_drive,E:\0406\threads_live_report_0406_0233.xlsx,https://www.threads.com/@minzziing2/post/DWurgXWE-fY,minzziing2/post/DWurgXWE-fY
e_drive,E:\0406\threads_live_report_0406_0233.xlsx,https://www.threads.com/@minzziing2/post/DWvcuuFE4yh,minzziing2/post/DWvcuuFE4yh
e_drive,E:\0406\threads_live_report_0406_0233.xlsx,https://www.threads.com/@morning.breeze_o_o/post/DWv9ZSDmARn,morning.breeze_o_o/post/DWv9ZSDmARn
e_drive,E:\0406\threads_live_report_0406_0233.xlsx,https://www.threads.com/@nino_item/post/DWvHc-wARyt,nino_item/post/DWvHc-wARyt
e_drive,E:\0406\threads_live_report_0406_0233.xlsx,https://www.threads.com/@ohmy_it_tem/post/DWvhxmOEWT2,ohmy_it_tem/post/DWvhxmOEWT2
e_drive,E:\0406\threads_live_report_0406_0233.xlsx,https://www.threads.com/@pickme_tem/post/DWujvTIklWu,pickme_tem/post/DWujvTIklWu
e_drive,E:\0406\threads_live_report_0406_0233.xlsx,https://www.threads.com/@puffy_moon92/post/DWvihW0mGEg,puffy_moon92/post/DWvihW0mGEg
e_drive,E:\0406\threads_live_report_0406_0233.xlsx,https://www.threads.com/@restar_tem/post/DWvQVeimqK8,restar_tem/post/DWvQVeimqK8
e_drive,E:\0406\threads_live_report_0406_0233.xlsx,https://www.threads.com/@roa_wish/post/DWvm7tck64o,roa_wish/post/DWvm7tck64o
e_drive,E:\0406\threads_live_report_0406_0233.xlsx,https://www.threads.com/@salim_hanzum/post/DWup9SyEw3d,salim_hanzum/post/DWup9SyEw3d
e_drive,E:\0406\threads_live_report_0406_0233.xlsx,https://www.threads.com/@smile_._therapy/post/DWvTlMYmVf2,smile_._therapy/post/DWvTlMYmVf2
e_drive,E:\0406\threads_live_report_0406_0233.xlsx,https://www.threads.com/@sosopick88/post/DWvKomACYMB,sosopick88/post/DWvKomACYMB
e_drive,E:\0406\threads_live_report_0406_0233.xlsx,https://www.threads.com/@starlove0507/post/DWvNLaPkXFP,starlove0507/post/DWvNLaPkXFP
e_drive,E:\0406\threads_live_report_0406_0233.xlsx,https://www.threads.com/@sua_item/post/DWv5Do5k4cT,sua_item/post/DWv5Do5k4cT
e_drive,E:\0406\threads_live_report_0406_0233.xlsx,https://www.threads.com/@swee15074/post/DWvAOaCmJ8E,swee15074/post/DWvAOaCmJ8E
e_drive,E:\0406\threads_live_report_0406_0233.xlsx,https://www.threads.com/@the.lifearchivist/post/DWvtmFBk08k,the.lifearchivist/post/DWvtmFBk08k
e_drive,E:\0406\threads_live_report_0406_0233.xlsx,https://www.threads.com/@vivid_hongcha/post/DWu78rZmlSd,vivid_hongcha/post/DWu78rZmlSd
e_drive,E:\0406\threads_live_report_0406_0233.xlsx,https://www.threads.com/@yumyum_3333/post/DWvhTmEE6JJ,yumyum_3333/post/DWvhTmEE6JJ
e_drive,E:\0408\threads_live_report_0408_0521.xlsx,https://www.threads.com/@_hei_home/post/DW0eO9ukxnP,_hei_home/post/DW0eO9ukxnP
e_drive,E:\0408\threads_live_report_0408_0521.xlsx,https://www.threads.com/@atem_house/post/DW0FaXvGch5,atem_house/post/DW0FaXvGch5
e_drive,E:\0408\threads_live_report_0408_0521.xlsx,https://www.threads.com/@bestday.happy/post/DW0LOVdAV01,bestday.happy/post/DW0LOVdAV01
e_drive,E:\0408\threads_live_report_0408_0521.xlsx,https://www.threads.com/@ee_do_mmm_/post/DW0r2qyj327,ee_do_mmm_/post/DW0r2qyj327
e_drive,E:\0408\threads_live_report_0408_0521.xlsx,https://www.threads.com/@gigawifi66/post/DW0avnMkRgH,gigawifi66/post/DW0avnMkRgH
e_drive,E:\0408\threads_live_report_0408_0521.xlsx,https://www.threads.com/@hey.mongle/post/DWzlEXlk-8J,hey.mongle/post/DWzlEXlk-8J
e_drive,E:\0408\threads_live_report_0408_0521.xlsx,https://www.threads.com/@honey.tem_map/post/DWz6uJ3ktx-,honey.tem_map/post/DWz6uJ3ktx-
e_drive,E:\0408\threads_live_report_0408_0521.xlsx,https://www.threads.com/@im_minjuo/post/DW0gLeNCbHc,im_minjuo/post/DW0gLeNCbHc
e_drive,E:\0408\threads_live_report_0408_0521.xlsx,https://www.threads.com/@jin__favorite/post/DW0KotdGFAN,jin__favorite/post/DW0KotdGFAN
e_drive,E:\0408\threads_live_report_0408_0521.xlsx,https://www.threads.com/@kkulmu_/post/DW0NPkOEU1y,kkulmu_/post/DW0NPkOEU1y
e_drive,E:\0408\threads_live_report_0408_0521.xlsx,https://www.threads.com/@lime_1129_/post/DW0Th9xgQQd,lime_1129_/post/DW0Th9xgQQd
e_drive,E:\0408\threads_live_report_0408_0521.xlsx,https://www.threads.com/@lucky_lucky015/post/DWz7h_JE970,lucky_lucky015/post/DWz7h_JE970
e_drive,E:\0408\threads_live_report_0408_0521.xlsx,https://www.threads.com/@mio.daily_/post/DW05N2kEQf0,mio.daily_/post/DW05N2kEQf0
e_drive,E:\0408\threads_live_report_0408_0521.xlsx,https://www.threads.com/@mm.market.mm/post/DWzuPTIgYs7,mm.market.mm/post/DWzuPTIgYs7
e_drive,E:\0408\threads_live_report_0408_0521.xlsx,https://www.threads.com/@ohmy_it_tem/post/DWzuYJME8rX,ohmy_it_tem/post/DWzuYJME8rX
e_drive,E:\0408\threads_live_report_0408_0521.xlsx,https://www.threads.com/@restar_tem/post/DW0hvxUmj3Y,restar_tem/post/DW0hvxUmj3Y
e_drive,E:\0408\threads_live_report_0408_0521.xlsx,https://www.threads.com/@rkd4_0/post/DW0nHfwE-yj,rkd4_0/post/DW0nHfwE-yj
e_drive,E:\0408\threads_live_report_0408_0521.xlsx,https://www.threads.com/@rua_shop0823/post/DWz-rrKEwnX,rua_shop0823/post/DWz-rrKEwnX
e_drive,E:\0408\threads_live_report_0408_0521.xlsx,https://www.threads.com/@smile_tip_01/post/DW0L6Z_CaCJ,smile_tip_01/post/DW0L6Z_CaCJ
e_drive,E:\0408\threads_live_report_0408_0521.xlsx,https://www.threads.com/@stayhomeitems/post/DWz3VD0Atp7,stayhomeitems/post/DWz3VD0Atp7
e_drive,E:\0408\threads_live_report_0408_0521.xlsx,https://www.threads.com/@taehee.ooo/post/DWztExfE-Qy,taehee.ooo/post/DWztExfE-Qy
e_drive,E:\0408\threads_live_report_0408_0521.xlsx,https://www.threads.com/@thebeauty_kr/post/DW0tE0BE6JC,thebeauty_kr/post/DW0tE0BE6JC
e_drive,E:\0408\threads_live_report_0408_0521.xlsx,https://www.threads.com/@toktok.tem/post/DW0BQ6TAVjk,toktok.tem/post/DW0BQ6TAVjk
e_drive,E:\0408\threads_live_report_0408_0521.xlsx,https://www.threads.com/@tubi__tuba/post/DWzoFPpk9Yd,tubi__tuba/post/DWzoFPpk9Yd
e_drive,E:\0408\threads_live_report_0408_0521.xlsx,https://www.threads.com/@yeouu0827/post/DW0mojSkffU,yeouu0827/post/DW0mojSkffU
e_drive,E:\0409\recovery_completed_0409.xlsx,https://www.threads.com/@_su__zip/post/DVmlawEkguZ,_su__zip/post/DVmlawEkguZ
e_drive,E:\0409\recovery_completed_0409.xlsx,https://www.threads.com/@angster_yum/post/DVnwaNsCTtP,angster_yum/post/DVnwaNsCTtP
e_drive,E:\0409\recovery_completed_0409.xlsx,https://www.threads.com/@eggrollpick/post/DVl3KbDk0v8,eggrollpick/post/DVl3KbDk0v8
e_drive,E:\0409\recovery_completed_0409.xlsx,https://www.threads.com/@meme.zy6868/post/DVmzXicE8tX,meme.zy6868/post/DVmzXicE8tX
e_drive,E:\0409\recovery_completed_0409.xlsx,https://www.threads.com/@restar_tem/post/DVnVbrZmtFH,restar_tem/post/DVnVbrZmtFH
e_drive,E:\0409\recovery_completed_0409.xlsx,https://www.threads.com/@roseeei_i/post/DVnGef5EsTJ,roseeei_i/post/DVnGef5EsTJ
e_drive,E:\0409\recovery_completed_0409.xlsx,https://www.threads.com/@smile_._therapy/post/DVm1cixGb11,smile_._therapy/post/DVm1cixGb11
e_drive,E:\0409\recovery_completed_0409.xlsx,https://www.threads.com/@sua_item/post/DVoA9nLE1FY,sua_item/post/DVoA9nLE1FY
e_drive,E:\0409\recovery_completed_0409.xlsx,https://www.threads.com/@takohuha/post/DVmnxkuE3zx,takohuha/post/DVmnxkuE3zx
e_drive,E:\0409\recovery_completed_0409.xlsx,https://www.threads.com/@yuji.ni1122/post/DVm5VFTEYjc,yuji.ni1122/post/DVm5VFTEYjc
e_drive,E:\0409\recovery_completed_0409.xlsx,https://www.threads.com/@yuji.ni1122/post/DVnfAEXEdYG,yuji.ni1122/post/DVnfAEXEdYG
e_drive,E:\0410\threads_live_report_0410_0208.xlsx,https://www.threads.com/@2run._.2run/post/DW5ryBTD1pV,2run._.2run/post/DW5ryBTD1pV
e_drive,E:\0410\threads_live_report_0410_0208.xlsx,https://www.threads.com/@_ddongbbangku/post/DW46PQ-k66-,_ddongbbangku/post/DW46PQ-k66-
e_drive,E:\0410\threads_live_report_0410_0208.xlsx,https://www.threads.com/@answer.doggy/post/DW4hpNHEyLH,answer.doggy/post/DW4hpNHEyLH
e_drive,E:\0410\threads_live_report_0410_0208.xlsx,https://www.threads.com/@answer.doggy/post/DW4pwUXk_XV,answer.doggy/post/DW4pwUXk_XV
e_drive,E:\0410\threads_live_report_0410_0208.xlsx,https://www.threads.com/@arin_item_/post/DW38oeCmM_e,arin_item_/post/DW38oeCmM_e
e_drive,E:\0410\threads_live_report_0410_0208.xlsx,https://www.threads.com/@bestday.happy/post/DW6A8z5AcO_,bestday.happy/post/DW6A8z5AcO_
e_drive,E:\0410\threads_live_report_0410_0208.xlsx,https://www.threads.com/@bobo.mom79/post/DW5wElzkZA7,bobo.mom79/post/DW5wElzkZA7
e_drive,E:\0410\threads_live_report_0410_0208.xlsx,https://www.threads.com/@cream.pepper.tree/post/DW5tm-KErka,cream.pepper.tree/post/DW5tm-KErka
e_drive,E:\0410\threads_live_report_0410_0208.xlsx,https://www.threads.com/@donmiii0/post/DW5QoVpk7TQ,donmiii0/post/DW5QoVpk7TQ
e_drive,E:\0410\threads_live_report_0410_0208.xlsx,https://www.threads.com/@goara33040/post/DW5EIwjkmm8,goara33040/post/DW5EIwjkmm8
e_drive,E:\0410\threads_live_report_0410_0208.xlsx,https://www.threads.com/@jeon_h.jin0101/post/DW52uLsmRMp,jeon_h.jin0101/post/DW52uLsmRMp
e_drive,E:\0410\threads_live_report_0410_0208.xlsx,https://www.threads.com/@koala.5365129/post/DW5E9gijx8X,koala.5365129/post/DW5E9gijx8X
e_drive,E:\0410\threads_live_report_0410_0208.xlsx,https://www.threads.com/@ma43699/post/DW5ufM_DyCd,ma43699/post/DW5ufM_DyCd
e_drive,E:\0410\threads_live_report_0410_0208.xlsx,https://www.threads.com/@momopu_ld/post/DW6SpjGmRYw,momopu_ld/post/DW6SpjGmRYw
e_drive,E:\0410\threads_live_report_0410_0208.xlsx,https://www.threads.com/@myst_ry.wave/post/DW5rXmHAq1f,myst_ry.wave/post/DW5rXmHAq1f
e_drive,E:\0410\threads_live_report_0410_0208.xlsx,https://www.threads.com/@onala7268/post/DW5LeCoj6YC,onala7268/post/DW5LeCoj6YC
e_drive,E:\0410\threads_live_report_0410_0208.xlsx,https://www.threads.com/@orion_on82/post/DW5aWmykRBR,orion_on82/post/DW5aWmykRBR
e_drive,E:\0410\threads_live_report_0410_0208.xlsx,https://www.threads.com/@parky_j777/post/DW5wQLlkw2n,parky_j777/post/DW5wQLlkw2n
e_drive,E:\0410\threads_live_report_0410_0208.xlsx,https://www.threads.com/@pickme_tem/post/DW58fjNgS0r,pickme_tem/post/DW58fjNgS0r
e_drive,E:\0410\threads_live_report_0410_0208.xlsx,https://www.threads.com/@real_day.note/post/DW6GrR3kpie,real_day.note/post/DW6GrR3kpie
e_drive,E:\0410\threads_live_report_0410_0208.xlsx,https://www.threads.com/@sayu.pick/post/DW5xdEkEjki,sayu.pick/post/DW5xdEkEjki
e_drive,E:\0410\threads_live_report_0410_0208.xlsx,https://www.threads.com/@sedit0624/post/DW421XNktEg,sedit0624/post/DW421XNktEg
e_drive,E:\0410\threads_live_report_0410_0208.xlsx,https://www.threads.com/@seoa.mood00/post/DW6Zyf4GKvw,seoa.mood00/post/DW6Zyf4GKvw
e_drive,E:\0410\threads_live_report_0410_0208.xlsx,https://www.threads.com/@smile_tip_01/post/DW5bbe9CS84,smile_tip_01/post/DW5bbe9CS84
e_drive,E:\0410\threads_live_report_0410_0208.xlsx,https://www.threads.com/@sotomft2026/post/DW5Fjxfk9j-,sotomft2026/post/DW5Fjxfk9j-
e_drive,E:\0410\threads_live_report_0410_0208.xlsx,https://www.threads.com/@stayhomeitems/post/DWz3VD0Atp7,stayhomeitems/post/DWz3VD0Atp7
e_drive,E:\0410\threads_live_report_0410_0208.xlsx,https://www.threads.com/@taehee.ooo/post/DW6BdAZAfWG,taehee.ooo/post/DW6BdAZAfWG
e_drive,E:\0410\threads_live_report_0410_0208.xlsx,https://www.threads.com/@youn.ha77/post/DW43lPhkwjo,youn.ha77/post/DW43lPhkwjo
e_drive,E:\0410\threads_live_report_0410_0208.xlsx,https://www.threads.com/@youn.ha77/post/DW5TK5wk3jY,youn.ha77/post/DW5TK5wk3jY
e_drive,E:\0410\threads_live_report_0410_0208.xlsx,https://www.threads.com/@yujin_03.2/post/DW5dv8HE_y9,yujin_03.2/post/DW5dv8HE_y9
e_drive,E:\0411\threads_live_report_0411_0330.xlsx,https://www.threads.com/@_seheehx_/post/DWp5lNQD9s3,_seheehx_/post/DWp5lNQD9s3
e_drive,E:\0411\threads_live_report_0411_0330.xlsx,https://www.threads.com/@_seheehx_/post/DWp9s4gDxhP,_seheehx_/post/DWp9s4gDxhP
e_drive,E:\0411\threads_live_report_0411_0330.xlsx,https://www.threads.com/@_seheehx_/post/DWp_c9QFIPf,_seheehx_/post/DWp_c9QFIPf
e_drive,E:\0411\threads_live_report_0411_0330.xlsx,https://www.threads.com/@_seheehx_/post/DWqBGGCjY43,_seheehx_/post/DWqBGGCjY43
e_drive,E:\0411\threads_live_report_0411_0330.xlsx,https://www.threads.com/@_seheehx_/post/DWqCqfYD9ZU,_seheehx_/post/DWqCqfYD9ZU
e_drive,E:\0411\threads_live_report_0411_0330.xlsx,https://www.threads.com/@_seheehx_/post/DWrMTUaD9JX,_seheehx_/post/DWrMTUaD9JX
e_drive,E:\0411\threads_live_report_0411_0330.xlsx,https://www.threads.com/@_seheehx_/post/DWrOOT7Dwn1,_seheehx_/post/DWrOOT7Dwn1
e_drive,E:\0411\threads_live_report_0411_0330.xlsx,https://www.threads.com/@_seheehx_/post/DWrPf36Atl3,_seheehx_/post/DWrPf36Atl3
e_drive,E:\0411\threads_live_report_0411_0330.xlsx,https://www.threads.com/@_seheehx_/post/DWrQPOOk_UW,_seheehx_/post/DWrQPOOk_UW
e_drive,E:\0411\threads_live_report_0411_0330.xlsx,https://www.threads.com/@_seheehx_/post/DWrRe9FDzkf,_seheehx_/post/DWrRe9FDzkf
e_drive,E:\0411\threads_live_report_0411_0330.xlsx,https://www.threads.com/@_seheehx_/post/DWrSJRzkqaF,_seheehx_/post/DWrSJRzkqaF
e_drive,E:\0411\threads_live_report_0411_0330.xlsx,https://www.threads.com/@_seheehx_/post/DWrUE27D8NL,_seheehx_/post/DWrUE27D8NL
e_drive,E:\0411\threads_live_report_0411_0330.xlsx,https://www.threads.com/@_seheehx_/post/DWrV9loAUGF,_seheehx_/post/DWrV9loAUGF
e_drive,E:\0411\threads_live_report_0411_0330.xlsx,https://www.threads.com/@_seheehx_/post/DWrY8JDAtjr,_seheehx_/post/DWrY8JDAtjr
e_drive,E:\0411\threads_live_report_0411_0330.xlsx,https://www.threads.com/@_seheehx_/post/DWrb4OmD0RV,_seheehx_/post/DWrb4OmD0RV
e_drive,E:\0411\threads_live_report_0411_0330.xlsx,https://www.threads.com/@arch_dotori/post/DW2FGm4EyzU,arch_dotori/post/DW2FGm4EyzU
e_drive,E:\0411\threads_live_report_0411_0330.xlsx,https://www.threads.com/@arch_dotori/post/DW2N6azAcyt,arch_dotori/post/DW2N6azAcyt
e_drive,E:\0411\threads_live_report_0411_0330.xlsx,https://www.threads.com/@arch_dotori/post/DW2bQy1jzMO,arch_dotori/post/DW2bQy1jzMO
e_drive,E:\0411\threads_live_report_0411_0330.xlsx,https://www.threads.com/@arch_dotori/post/DW3HRFKDybe,arch_dotori/post/DW3HRFKDybe
e_drive,E:\0411\threads_live_report_0411_0330.xlsx,https://www.threads.com/@arch_dotori/post/DW3SsVxD_KX,arch_dotori/post/DW3SsVxD_KX
e_drive,E:\0411\threads_live_report_0411_0330.xlsx,https://www.threads.com/@arch_dotori/post/DW3baMKAkiI,arch_dotori/post/DW3baMKAkiI
e_drive,E:\0411\threads_live_report_0411_0330.xlsx,https://www.threads.com/@duckdps/post/DW8QC5tkckQ,duckdps/post/DW8QC5tkckQ
e_drive,E:\0411\threads_live_report_0411_0330.xlsx,https://www.threads.com/@jhjhjs5/post/DW7_ewvErc-,jhjhjs5/post/DW7_ewvErc-
e_drive,E:\0411\threads_live_report_0411_0330.xlsx,https://www.threads.com/@muk_haus/post/DW8T2FGkZzi,muk_haus/post/DW8T2FGkZzi
e_drive,E:\0411\threads_live_report_0411_0330.xlsx,https://www.threads.com/@newday0225/post/DW8R9-_EnzK,newday0225/post/DW8R9-_EnzK
e_drive,E:\0411\threads_live_report_0411_0330.xlsx,https://www.threads.com/@psjrich/post/DWsJwfik6Vf,psjrich/post/DWsJwfik6Vf
e_drive,E:\0411\threads_live_report_0411_0330.xlsx,https://www.threads.com/@sua_item/post/DW4WLfjk6y0,sua_item/post/DW4WLfjk6y0
e_drive,E:\0411\threads_live_report_0411_0330.xlsx,https://www.threads.com/@therethey.are/post/DW8Zcuuj6Ha,therethey.are/post/DW8Zcuuj6Ha
e_drive,E:\0411\threads_live_report_0411_0330.xlsx,https://www.threads.com/@yeo_rmee/post/DW7wlBAE2PY,yeo_rmee/post/DW7wlBAE2PY
e_drive,E:\0411\threads_live_report_0411_0330.xlsx,https://www.threads.com/@youn.ha77/post/DW724PLE8EZ,youn.ha77/post/DW724PLE8EZ
e_drive,E:\04282\threads_live_report_0428_1429.xlsx,https://www.threads.com/@doer_s2/post/DXY1JBME0HZ,doer_s2/post/DXY1JBME0HZ
e_drive,E:\04282\threads_live_report_0428_1429.xlsx,https://www.threads.com/@forestlivingsshop/post/DXDeIEOkmVG,forestlivingsshop/post/DXDeIEOkmVG
e_drive,E:\04282\threads_live_report_0428_1429.xlsx,https://www.threads.com/@gomgombear78/post/DXLI0TxgeVz,gomgombear78/post/DXLI0TxgeVz
e_drive,E:\04282\threads_live_report_0428_1429.xlsx,https://www.threads.com/@injaky86/post/DXKJX17FF5o,injaky86/post/DXKJX17FF5o
e_drive,E:\04282\threads_live_report_0428_1429.xlsx,https://www.threads.com/@injaky86/post/DXL8XyVlPiY,injaky86/post/DXL8XyVlPiY
e_drive,E:\04282\threads_live_report_0428_1429.xlsx,https://www.threads.com/@injaky86/post/DXMHkAGFJKV,injaky86/post/DXMHkAGFJKV
e_drive,E:\04282\threads_live_report_0428_1429.xlsx,https://www.threads.com/@mongpet2/post/DXF0qFYE3TN,mongpet2/post/DXF0qFYE3TN
e_drive,E:\04282\threads_live_report_0428_1429.xlsx,https://www.threads.com/@oh_salnam/post/DXGudQdDf2T,oh_salnam/post/DXGudQdDf2T
e_drive,E:\04282\threads_live_report_0428_1429.xlsx,https://www.threads.com/@sosopick88/post/DXGMECkCRAO,sosopick88/post/DXGMECkCRAO
e_drive,E:\debug_but_itsreal\threads_live_report_0413_1948.xlsx,https://www.threads.com/@_dolphinmom/post/DXBLrdmE8Rm,_dolphinmom/post/DXBLrdmE8Rm
e_drive,E:\debug_but_itsreal\threads_live_report_0413_1948.xlsx,https://www.threads.com/@_home_atelier/post/DXAwVZNmL3T,_home_atelier/post/DXAwVZNmL3T
e_drive,E:\debug_but_itsreal\threads_live_report_0413_1948.xlsx,https://www.threads.com/@_motnani_/post/DXAtZyVD4bI,_motnani_/post/DXAtZyVD4bI
e_drive,E:\debug_but_itsreal\threads_live_report_0413_1948.xlsx,https://www.threads.com/@a.happy_dog/post/DXBkcudEV9d,a.happy_dog/post/DXBkcudEV9d
e_drive,E:\debug_but_itsreal\threads_live_report_0413_1948.xlsx,https://www.threads.com/@a.yena27/post/DXBnJQWEWoP,a.yena27/post/DXBnJQWEWoP
e_drive,E:\debug_but_itsreal\threads_live_report_0413_1948.xlsx,https://www.threads.com/@amy_happy7/post/DW-6oCVAChd,amy_happy7/post/DW-6oCVAChd
e_drive,E:\debug_but_itsreal\threads_live_report_0413_1948.xlsx,https://www.threads.com/@answer.doggy/post/DXAlGY9irpe,answer.doggy/post/DXAlGY9irpe
e_drive,E:\debug_but_itsreal\threads_live_report_0413_1948.xlsx,https://www.threads.com/@answer.doggy/post/DXAq_8rE2zN,answer.doggy/post/DXAq_8rE2zN
e_drive,E:\debug_but_itsreal\threads_live_report_0413_1948.xlsx,https://www.threads.com/@answer.doggy/post/DXAw-sOCnaa,answer.doggy/post/DXAw-sOCnaa
e_drive,E:\debug_but_itsreal\threads_live_report_0413_1948.xlsx,https://www.threads.com/@ara.mochi.daily/post/DW-0bV-Cdcw,ara.mochi.daily/post/DW-0bV-Cdcw
e_drive,E:\debug_but_itsreal\threads_live_report_0413_1948.xlsx,https://www.threads.com/@bestday.happy/post/DXAv0GxgUzb,bestday.happy/post/DXAv0GxgUzb
e_drive,E:\debug_but_itsreal\threads_live_report_0413_1948.xlsx,https://www.threads.com/@doye_onee/post/DXAnu9CjLcc,doye_onee/post/DXAnu9CjLcc
e_drive,E:\debug_but_itsreal\threads_live_report_0413_1948.xlsx,https://www.threads.com/@doye_onee/post/DXB_5niDESG,doye_onee/post/DXB_5niDESG
e_drive,E:\debug_but_itsreal\threads_live_report_0413_1948.xlsx,https://www.threads.com/@eni5481818/post/DXAm0CKku3j,eni5481818/post/DXAm0CKku3j
e_drive,E:\debug_but_itsreal\threads_live_report_0413_1948.xlsx,https://www.threads.com/@good_item07/post/DXCD4VNCTAh,good_item07/post/DXCD4VNCTAh
e_drive,E:\debug_but_itsreal\threads_live_report_0413_1948.xlsx,https://www.threads.com/@hoo_hooahah/post/DW-1HlVgfOR,hoo_hooahah/post/DW-1HlVgfOR
e_drive,E:\debug_but_itsreal\threads_live_report_0413_1948.xlsx,https://www.threads.com/@injaky86/post/DW_NPtyklWz,injaky86/post/DW_NPtyklWz
e_drive,E:\debug_but_itsreal\threads_live_report_0413_1948.xlsx,https://www.threads.com/@injaky86/post/DXA3CdxFM4t,injaky86/post/DXA3CdxFM4t
e_drive,E:\debug_but_itsreal\threads_live_report_0413_1948.xlsx,https://www.threads.com/@my.daily_picks/post/DW_MNw9Epsa,my.daily_picks/post/DW_MNw9Epsa
e_drive,E:\debug_but_itsreal\threads_live_report_0413_1948.xlsx,https://www.threads.com/@njobstory/post/DXBo-LYkwe4,njobstory/post/DXBo-LYkwe4
e_drive,E:\debug_but_itsreal\threads_live_report_0413_1948.xlsx,https://www.threads.com/@piona7738/post/DXBF7eSkRSX,piona7738/post/DXBF7eSkRSX
e_drive,E:\debug_but_itsreal\threads_live_report_0413_1948.xlsx,https://www.threads.com/@rollpaper_1/post/DXBGWBAmIzY,rollpaper_1/post/DXBGWBAmIzY
e_drive,E:\debug_but_itsreal\threads_live_report_0413_1948.xlsx,https://www.threads.com/@rua_shop0823/post/DW-sk7Dk1Ha,rua_shop0823/post/DW-sk7Dk1Ha
e_drive,E:\debug_but_itsreal\threads_live_report_0413_1948.xlsx,https://www.threads.com/@seo_a.drawer/post/DW_GcZQje1r,seo_a.drawer/post/DW_GcZQje1r
e_drive,E:\debug_but_itsreal\threads_live_report_0413_1948.xlsx,https://www.threads.com/@sosopick88/post/DW-ry_ZgD0F,sosopick88/post/DW-ry_ZgD0F
e_drive,E:\debug_but_itsreal\threads_live_report_0413_1948.xlsx,https://www.threads.com/@su__hxxon/post/DW-1QF6kuqo,su__hxxon/post/DW-1QF6kuqo
e_drive,E:\debug_but_itsreal\threads_live_report_0413_1948.xlsx,https://www.threads.com/@surim_pick/post/DXBURdRDpjm,surim_pick/post/DXBURdRDpjm
e_drive,E:\debug_but_itsreal\threads_live_report_0413_1948.xlsx,https://www.threads.com/@taehee.ooo/post/DXA0JCJE5rD,taehee.ooo/post/DXA0JCJE5rD
e_drive,E:\debug_but_itsreal\threads_live_report_0413_1948.xlsx,https://www.threads.com/@today0211/post/DXAvZUpgc4c,today0211/post/DXAvZUpgc4c
e_drive,E:\debug_but_itsreal\threads_live_report_0413_1948.xlsx,https://www.threads.com/@yumyum_3333/post/DXBvW8iEwWY,yumyum_3333/post/DXBvW8iEwWY
e_drive,E:\its0417\threads_live_report_0417_0123.xlsx,https://www.threads.com/@_hei_home/post/DXLYjL3Ew1g,_hei_home/post/DXLYjL3Ew1g
e_drive,E:\its0417\threads_live_report_0417_0123.xlsx,https://www.threads.com/@amy_happy7/post/DXMGSo4gOaI,amy_happy7/post/DXMGSo4gOaI
e_drive,E:\its0417\threads_live_report_0417_0123.xlsx,https://www.threads.com/@arin_item_/post/DXKyOVyE8WS,arin_item_/post/DXKyOVyE8WS
e_drive,E:\its0417\threads_live_report_0417_0123.xlsx,https://www.threads.com/@arin_item_/post/DXL4s8amFXY,arin_item_/post/DXL4s8amFXY
e_drive,E:\its0417\threads_live_report_0417_0123.xlsx,https://www.threads.com/@arin_item_/post/DXL84U3GP8v,arin_item_/post/DXL84U3GP8v
e_drive,E:\its0417\threads_live_report_0417_0123.xlsx,https://www.threads.com/@atem_house/post/DXK28wTE2eG,atem_house/post/DXK28wTE2eG
e_drive,E:\its0417\threads_live_report_0417_0123.xlsx,https://www.threads.com/@bamon_cl/post/DXLxGFpmDLs,bamon_cl/post/DXLxGFpmDLs
e_drive,E:\its0417\threads_live_report_0417_0123.xlsx,https://www.threads.com/@coffebean_45/post/DXMGmP9gKfw,coffebean_45/post/DXMGmP9gKfw
e_drive,E:\its0417\threads_live_report_0417_0123.xlsx,https://www.threads.com/@duckdps/post/DXML1XTkQRZ,duckdps/post/DXML1XTkQRZ
e_drive,E:\its0417\threads_live_report_0417_0123.xlsx,https://www.threads.com/@earthtone.kr/post/DXL-tuwAGeQ,earthtone.kr/post/DXL-tuwAGeQ
e_drive,E:\its0417\threads_live_report_0417_0123.xlsx,https://www.threads.com/@eco.yellow/post/DXLHKtaE9z8,eco.yellow/post/DXLHKtaE9z8
e_drive,E:\its0417\threads_live_report_0417_0123.xlsx,https://www.threads.com/@eggrollpick/post/DXK-lKKk7cU,eggrollpick/post/DXK-lKKk7cU
e_drive,E:\its0417\threads_live_report_0417_0123.xlsx,https://www.threads.com/@getafe.villarreal/post/DXLu2d0mVKL,getafe.villarreal/post/DXLu2d0mVKL
e_drive,E:\its0417\threads_live_report_0417_0123.xlsx,https://www.threads.com/@gomgombear78/post/DXLI0TxgeVz,gomgombear78/post/DXLI0TxgeVz
e_drive,E:\its0417\threads_live_report_0417_0123.xlsx,https://www.threads.com/@homekootem/post/DXLvn2Xk4FD,homekootem/post/DXLvn2Xk4FD
e_drive,E:\its0417\threads_live_report_0417_0123.xlsx,https://www.threads.com/@ludia.2025/post/DXK6Vi4E6J4,ludia.2025/post/DXK6Vi4E6J4
e_drive,E:\its0417\threads_live_report_0417_0123.xlsx,https://www.threads.com/@minxx__s1/post/DXK65EYE9fv,minxx__s1/post/DXK65EYE9fv
e_drive,E:\its0417\threads_live_report_0417_0123.xlsx,https://www.threads.com/@newday0225/post/DXLQMjbEiQW,newday0225/post/DXLQMjbEiQW
e_drive,E:\its0417\threads_live_report_0417_0123.xlsx,https://www.threads.com/@nowwoori04/post/DXLEckOAZrl,nowwoori04/post/DXLEckOAZrl
e_drive,E:\its0417\threads_live_report_0417_0123.xlsx,https://www.threads.com/@ohmy_it_tem/post/DXK4XYUk7eq,ohmy_it_tem/post/DXK4XYUk7eq
e_drive,E:\its0417\threads_live_report_0417_0123.xlsx,https://www.threads.com/@peach_human_/post/DXK37UHE3S4,peach_human_/post/DXK37UHE3S4
e_drive,E:\its0417\threads_live_report_0417_0123.xlsx,https://www.threads.com/@s_ooonee/post/DXK9lCEj4t0,s_ooonee/post/DXK9lCEj4t0
e_drive,E:\its0417\threads_live_report_0417_0123.xlsx,https://www.threads.com/@salim_gongam25/post/DXK5U_5gf1A,salim_gongam25/post/DXK5U_5gf1A
e_drive,E:\its0417\threads_live_report_0417_0123.xlsx,https://www.threads.com/@toktok.tem/post/DXLciFFAQ3j,toktok.tem/post/DXLciFFAQ3j
e_drive,E:\its0417\threads_live_report_0417_0123.xlsx,https://www.threads.com/@treerin100/post/DXMBcEKAY2w,treerin100/post/DXMBcEKAY2w
e_drive,E:\its0417\threads_live_report_0417_0123.xlsx,https://www.threads.com/@unni29066/post/DXL3-E8Eh_y,unni29066/post/DXL3-E8Eh_y
e_drive,E:\its0417\threads_live_report_0417_0123.xlsx,https://www.threads.com/@yks1220__/post/DXLJIyAkqTe,yks1220__/post/DXLJIyAkqTe
e_drive,E:\its0417\threads_live_report_0417_0123.xlsx,https://www.threads.com/@yu.rrrang/post/DXLjncTAfS7,yu.rrrang/post/DXLjncTAfS7
e_drive,E:\its0417\threads_live_report_0417_0123.xlsx,https://www.threads.com/@yumyum_3333/post/DXLC6_qk7el,yumyum_3333/post/DXLC6_qk7el
e_drive,E:\its0417\threads_live_report_0417_0123.xlsx,https://www.threads.com/@zero_view0630/post/DXKzJcFk2Z_,zero_view0630/post/DXKzJcFk2Z_
e_drive,E:\its0422\threads_links_report_0422_0204.xlsx,https://www.threads.com/@all_wellbeing/post/DXVIGw1E3z3,all_wellbeing/post/DXVIGw1E3z3
e_drive,E:\its0422\threads_links_report_0422_0204.xlsx,https://www.threads.com/@arin_item_/post/DXQvAikGACO,arin_item_/post/DXQvAikGACO
e_drive,E:\its0422\threads_links_report_0422_0204.xlsx,https://www.threads.com/@arin_item_/post/DXWM1HxGKZt,arin_item_/post/DXWM1HxGKZt
e_drive,E:\its0422\threads_links_report_0422_0204.xlsx,https://www.threads.com/@coffebean_45/post/DXV4HIPgPRT,coffebean_45/post/DXV4HIPgPRT
e_drive,E:\its0422\threads_links_report_0422_0204.xlsx,https://www.threads.com/@dayoon7997/post/DXS1k_VH7Aa,dayoon7997/post/DXS1k_VH7Aa
e_drive,E:\its0422\threads_links_report_0422_0204.xlsx,https://www.threads.com/@hey.mongle/post/DXWRHEVmDBG,hey.mongle/post/DXWRHEVmDBG
e_drive,E:\its0422\threads_links_report_0422_0204.xlsx,https://www.threads.com/@it_goodgiraffe/post/DXUaOy1kzjz,it_goodgiraffe/post/DXUaOy1kzjz
e_drive,E:\its0422\threads_links_report_0422_0204.xlsx,https://www.threads.com/@pink_orange99/post/DXUZ02JE_cN,pink_orange99/post/DXUZ02JE_cN
e_drive,E:\its0422\threads_links_report_0422_0204.xlsx,https://www.threads.com/@richseung1/post/DXMOqYbGoYX,richseung1/post/DXMOqYbGoYX
e_drive,E:\its0422\threads_links_report_0422_0204.xlsx,https://www.threads.com/@super.pick_/post/DXVdIbcoHT2,super.pick_/post/DXVdIbcoHT2
e_drive,E:\its0422\threads_links_report_0422_0204_수동화결과_0422_0207.xlsx,https://www.threads.com/@all_wellbeing/post/DXVIGw1E3z3,all_wellbeing/post/DXVIGw1E3z3
e_drive,E:\its0422\threads_links_report_0422_0204_수동화결과_0422_0207.xlsx,https://www.threads.com/@arin_item_/post/DXQvAikGACO,arin_item_/post/DXQvAikGACO
e_drive,E:\its0422\threads_links_report_0422_0204_수동화결과_0422_0207.xlsx,https://www.threads.com/@arin_item_/post/DXWM1HxGKZt,arin_item_/post/DXWM1HxGKZt
e_drive,E:\its0422\threads_links_report_0422_0204_수동화결과_0422_0207.xlsx,https://www.threads.com/@coffebean_45/post/DXV4HIPgPRT,coffebean_45/post/DXV4HIPgPRT
e_drive,E:\its0422\threads_links_report_0422_0204_수동화결과_0422_0207.xlsx,https://www.threads.com/@dayoon7997/post/DXS1k_VH7Aa,dayoon7997/post/DXS1k_VH7Aa
e_drive,E:\its0422\threads_links_report_0422_0204_수동화결과_0422_0207.xlsx,https://www.threads.com/@hey.mongle/post/DXWRHEVmDBG,hey.mongle/post/DXWRHEVmDBG
e_drive,E:\its0422\threads_links_report_0422_0204_수동화결과_0422_0207.xlsx,https://www.threads.com/@it_goodgiraffe/post/DXUaOy1kzjz,it_goodgiraffe/post/DXUaOy1kzjz
e_drive,E:\its0422\threads_links_report_0422_0204_수동화결과_0422_0207.xlsx,https://www.threads.com/@pink_orange99/post/DXUZ02JE_cN,pink_orange99/post/DXUZ02JE_cN
e_drive,E:\its0422\threads_links_report_0422_0204_수동화결과_0422_0207.xlsx,https://www.threads.com/@richseung1/post/DXMOqYbGoYX,richseung1/post/DXMOqYbGoYX
e_drive,E:\its0422\threads_links_report_0422_0204_수동화결과_0422_0207.xlsx,https://www.threads.com/@super.pick_/post/DXVdIbcoHT2,super.pick_/post/DXVdIbcoHT2
e_drive,E:\its0422\threads_links_report_0422_0204_수동화결과_0422_0216.xlsx,https://www.threads.com/@all_wellbeing/post/DXVIGw1E3z3,all_wellbeing/post/DXVIGw1E3z3
e_drive,E:\its0422\threads_links_report_0422_0204_수동화결과_0422_0216.xlsx,https://www.threads.com/@arin_item_/post/DXQvAikGACO,arin_item_/post/DXQvAikGACO
e_drive,E:\its0422\threads_links_report_0422_0204_수동화결과_0422_0216.xlsx,https://www.threads.com/@arin_item_/post/DXWM1HxGKZt,arin_item_/post/DXWM1HxGKZt
e_drive,E:\its0422\threads_links_report_0422_0204_수동화결과_0422_0216.xlsx,https://www.threads.com/@coffebean_45/post/DXV4HIPgPRT,coffebean_45/post/DXV4HIPgPRT
e_drive,E:\its0422\threads_links_report_0422_0204_수동화결과_0422_0216.xlsx,https://www.threads.com/@dayoon7997/post/DXS1k_VH7Aa,dayoon7997/post/DXS1k_VH7Aa
e_drive,E:\its0422\threads_links_report_0422_0204_수동화결과_0422_0216.xlsx,https://www.threads.com/@hey.mongle/post/DXWRHEVmDBG,hey.mongle/post/DXWRHEVmDBG
e_drive,E:\its0422\threads_links_report_0422_0204_수동화결과_0422_0216.xlsx,https://www.threads.com/@it_goodgiraffe/post/DXUaOy1kzjz,it_goodgiraffe/post/DXUaOy1kzjz
e_drive,E:\its0422\threads_links_report_0422_0204_수동화결과_0422_0216.xlsx,https://www.threads.com/@pink_orange99/post/DXUZ02JE_cN,pink_orange99/post/DXUZ02JE_cN
e_drive,E:\its0422\threads_links_report_0422_0204_수동화결과_0422_0216.xlsx,https://www.threads.com/@richseung1/post/DXMOqYbGoYX,richseung1/post/DXMOqYbGoYX
e_drive,E:\its0422\threads_links_report_0422_0204_수동화결과_0422_0216.xlsx,https://www.threads.com/@super.pick_/post/DXVdIbcoHT2,super.pick_/post/DXVdIbcoHT2
e_drive,E:\its0422\threads_links_report_0422_0204_수동화결과_0422_0307.xlsx,https://www.threads.com/@all_wellbeing/post/DXVIGw1E3z3,all_wellbeing/post/DXVIGw1E3z3
e_drive,E:\its0422\threads_links_report_0422_0204_수동화결과_0422_0307.xlsx,https://www.threads.com/@arin_item_/post/DXQvAikGACO,arin_item_/post/DXQvAikGACO
e_drive,E:\its0422\threads_links_report_0422_0204_수동화결과_0422_0307.xlsx,https://www.threads.com/@arin_item_/post/DXWM1HxGKZt,arin_item_/post/DXWM1HxGKZt
e_drive,E:\its0422\threads_links_report_0422_0204_수동화결과_0422_0307.xlsx,https://www.threads.com/@coffebean_45/post/DXV4HIPgPRT,coffebean_45/post/DXV4HIPgPRT
e_drive,E:\its0422\threads_links_report_0422_0204_수동화결과_0422_0307.xlsx,https://www.threads.com/@dayoon7997/post/DXS1k_VH7Aa,dayoon7997/post/DXS1k_VH7Aa
e_drive,E:\its0422\threads_links_report_0422_0204_수동화결과_0422_0307.xlsx,https://www.threads.com/@hey.mongle/post/DXWRHEVmDBG,hey.mongle/post/DXWRHEVmDBG
e_drive,E:\its0422\threads_links_report_0422_0204_수동화결과_0422_0307.xlsx,https://www.threads.com/@it_goodgiraffe/post/DXUaOy1kzjz,it_goodgiraffe/post/DXUaOy1kzjz
e_drive,E:\its0422\threads_links_report_0422_0204_수동화결과_0422_0307.xlsx,https://www.threads.com/@pink_orange99/post/DXUZ02JE_cN,pink_orange99/post/DXUZ02JE_cN
e_drive,E:\its0422\threads_links_report_0422_0204_수동화결과_0422_0307.xlsx,https://www.threads.com/@richseung1/post/DXMOqYbGoYX,richseung1/post/DXMOqYbGoYX
e_drive,E:\its0422\threads_links_report_0422_0204_수동화결과_0422_0307.xlsx,https://www.threads.com/@super.pick_/post/DXVdIbcoHT2,super.pick_/post/DXVdIbcoHT2
e_drive,E:\its0423\threads_live_report_0423_0301.xlsx,https://www.threads.com/@all_wellbeing/post/DXa3amuFJ85,all_wellbeing/post/DXa3amuFJ85
e_drive,E:\its0423\threads_live_report_0423_0301.xlsx,https://www.threads.com/@bokhamzzi/post/DXaa31TEpeZ,bokhamzzi/post/DXaa31TEpeZ
e_drive,E:\its0423\threads_live_report_0423_0301.xlsx,https://www.threads.com/@coffebean_45/post/DXbxP9zD7qV,coffebean_45/post/DXbxP9zD7qV
e_drive,E:\its0423\threads_live_report_0423_0301.xlsx,https://www.threads.com/@dnfkagksekfkawnl/post/DXaclqEkxpe,dnfkagksekfkawnl/post/DXaclqEkxpe
e_drive,E:\its0423\threads_live_report_0423_0301.xlsx,https://www.threads.com/@eund_00/post/DXaZ7UyAZb6,eund_00/post/DXaZ7UyAZb6
e_drive,E:\its0423\threads_live_report_0423_0301.xlsx,https://www.threads.com/@everybeautytip/post/DXallbMDw-n,everybeautytip/post/DXallbMDw-n
e_drive,E:\its0423\threads_live_report_0423_0301.xlsx,https://www.threads.com/@fadra_gon/post/DXayHtnGcc8,fadra_gon/post/DXayHtnGcc8
e_drive,E:\its0423\threads_live_report_0423_0301.xlsx,https://www.threads.com/@goldie_reviewer_/post/DXbCRCeCQM5,goldie_reviewer_/post/DXbCRCeCQM5
e_drive,E:\its0423\threads_live_report_0423_0301.xlsx,https://www.threads.com/@green.daisy77/post/DXafALFgUD5,green.daisy77/post/DXafALFgUD5
e_drive,E:\its0423\threads_live_report_0423_0301.xlsx,https://www.threads.com/@inhyunji_lola/post/DXbWbz2EnBQ,inhyunji_lola/post/DXbWbz2EnBQ
e_drive,E:\its0423\threads_live_report_0423_0301.xlsx,https://www.threads.com/@lena_post_/post/DXbSlROEUmZ,lena_post_/post/DXbSlROEUmZ
e_drive,E:\its0423\threads_live_report_0423_0301.xlsx,https://www.threads.com/@lomely707/post/DXbeEeZE06-,lomely707/post/DXbeEeZE06-
e_drive,E:\its0423\threads_live_report_0423_0301.xlsx,https://www.threads.com/@lucky.ey/post/DXa1K5AE3pG,lucky.ey/post/DXa1K5AE3pG
e_drive,E:\its0423\threads_live_report_0423_0301.xlsx,https://www.threads.com/@moma_ring/post/DXah93vGpPf,moma_ring/post/DXah93vGpPf
e_drive,E:\its0423\threads_live_report_0423_0301.xlsx,https://www.threads.com/@oh.moms.item/post/DXa2Bn1kjr1,oh.moms.item/post/DXa2Bn1kjr1
e_drive,E:\its0423\threads_live_report_0423_0301.xlsx,https://www.threads.com/@ohmy_it_tem/post/DXaTa_0kxYI,ohmy_it_tem/post/DXaTa_0kxYI
e_drive,E:\its0423\threads_live_report_0423_0301.xlsx,https://www.threads.com/@peach_human_/post/DXadCf5E8sY,peach_human_/post/DXadCf5E8sY
e_drive,E:\its0423\threads_live_report_0423_0301.xlsx,https://www.threads.com/@rintree08/post/DXakjg0Eu-C,rintree08/post/DXakjg0Eu-C
e_drive,E:\its0423\threads_live_report_0423_0301.xlsx,https://www.threads.com/@roro_tti/post/DXan4OQFLMC,roro_tti/post/DXan4OQFLMC
e_drive,E:\its0423\threads_live_report_0423_0301.xlsx,https://www.threads.com/@snbear88/post/DXao2DCkttw,snbear88/post/DXao2DCkttw
e_drive,E:\its0423\threads_live_report_0423_0301.xlsx,https://www.threads.com/@solsol._.honey/post/DXaubPpE97v,solsol._.honey/post/DXaubPpE97v
e_drive,E:\its0423\threads_live_report_0423_0301.xlsx,https://www.threads.com/@sookck.kate/post/DXapk_dkugM,sookck.kate/post/DXapk_dkugM
e_drive,E:\its0423\threads_live_report_0423_0301.xlsx,https://www.threads.com/@sweetshop8189/post/DXaZNkvE1io,sweetshop8189/post/DXaZNkvE1io
e_drive,E:\its0423\threads_live_report_0423_0301.xlsx,https://www.threads.com/@sweetshop8189/post/DXbr9tIkxPf,sweetshop8189/post/DXbr9tIkxPf
e_drive,E:\its0423\threads_live_report_0423_0301.xlsx,https://www.threads.com/@therethey.are/post/DXanCQUj_XY,therethey.are/post/DXanCQUj_XY
e_drive,E:\its0423\threads_live_report_0423_0301.xlsx,https://www.threads.com/@tips_curator/post/DXaalb2E1Z-,tips_curator/post/DXaalb2E1Z-
e_drive,E:\its0423\threads_live_report_0423_0301.xlsx,https://www.threads.com/@tnbbn__/post/DXaV4vXEiRP,tnbbn__/post/DXaV4vXEiRP
e_drive,E:\its0423\threads_live_report_0423_0301.xlsx,https://www.threads.com/@yonikim0/post/DXaWU9REjrL,yonikim0/post/DXaWU9REjrL
e_drive,E:\its0423\threads_live_report_0423_0301.xlsx,https://www.threads.com/@yu.rrrang/post/DXa_8Jtkdel,yu.rrrang/post/DXa_8Jtkdel
e_drive,E:\its0423\threads_live_report_0423_0301.xlsx,https://www.threads.com/@yumyum_3333/post/DXanX3fkyk1,yumyum_3333/post/DXanX3fkyk1
e_drive,E:\its0424\threads_live_report_0424_0214.xlsx,https://www.threads.com/@1lumi_log/post/DXc65Mckxie,1lumi_log/post/DXc65Mckxie
e_drive,E:\its0424\threads_live_report_0424_0214.xlsx,https://www.threads.com/@all_wellbeing/post/DXa3amuFJ85,all_wellbeing/post/DXa3amuFJ85
e_drive,E:\its0424\threads_live_report_0424_0214.xlsx,https://www.threads.com/@all_wellbeing/post/DXdIiX6k1db,all_wellbeing/post/DXdIiX6k1db
e_drive,E:\its0424\threads_live_report_0424_0214.xlsx,https://www.threads.com/@arin_item_/post/DXQvAikGACO,arin_item_/post/DXQvAikGACO
e_drive,E:\its0424\threads_live_report_0424_0214.xlsx,https://www.threads.com/@arin_item_/post/DXakihugRhF,arin_item_/post/DXakihugRhF
e_drive,E:\its0424\threads_live_report_0424_0214.xlsx,https://www.threads.com/@arin_item_/post/DXbJhBOgYlC,arin_item_/post/DXbJhBOgYlC
e_drive,E:\its0424\threads_live_report_0424_0214.xlsx,https://www.threads.com/@arin_item_/post/DXdhGekgdw1,arin_item_/post/DXdhGekgdw1
e_drive,E:\its0424\threads_live_report_0424_0214.xlsx,https://www.threads.com/@bongdeokgaksi/post/DXbwUMwkkMP,bongdeokgaksi/post/DXbwUMwkkMP
e_drive,E:\its0424\threads_live_report_0424_0214.xlsx,https://www.threads.com/@coffebean_45/post/DXdkSNJgIR6,coffebean_45/post/DXdkSNJgIR6
e_drive,E:\its0424\threads_live_report_0424_0214.xlsx,https://www.threads.com/@coffebean_45/post/DXeSl6Ij7cV,coffebean_45/post/DXeSl6Ij7cV
e_drive,E:\its0424\threads_live_report_0424_0214.xlsx,https://www.threads.com/@coffebean_45/post/DXeTFZ1j524,coffebean_45/post/DXeTFZ1j524
e_drive,E:\its0424\threads_live_report_0424_0214.xlsx,https://www.threads.com/@dayoon7997/post/DXbmzteHzpV,dayoon7997/post/DXbmzteHzpV
e_drive,E:\its0424\threads_live_report_0424_0214.xlsx,https://www.threads.com/@gsu0.16/post/DXeLhzPkU-o,gsu0.16/post/DXeLhzPkU-o
e_drive,E:\its0424\threads_live_report_0424_0214.xlsx,https://www.threads.com/@hey.mongle/post/DXd1vbkDtnz,hey.mongle/post/DXd1vbkDtnz
e_drive,E:\its0424\threads_live_report_0424_0214.xlsx,https://www.threads.com/@ho.ttk/post/DXeEqBKk9qD,ho.ttk/post/DXeEqBKk9qD
e_drive,E:\its0424\threads_live_report_0424_0214.xlsx,https://www.threads.com/@honest._.moment/post/DXeL7cJGk2q,honest._.moment/post/DXeL7cJGk2q
e_drive,E:\its0424\threads_live_report_0424_0214.xlsx,https://www.threads.com/@im_bunnylog/post/DXb7GqIjzDs,im_bunnylog/post/DXb7GqIjzDs
e_drive,E:\its0424\threads_live_report_0424_0214.xlsx,https://www.threads.com/@inhyunji_lola/post/DXeS_9Ykgm9,inhyunji_lola/post/DXeS_9Ykgm9
e_drive,E:\its0424\threads_live_report_0424_0214.xlsx,https://www.threads.com/@jinnydays_/post/DXeidNyEcit,jinnydays_/post/DXeidNyEcit
e_drive,E:\its0424\threads_live_report_0424_0214.xlsx,https://www.threads.com/@kkulmu_/post/DXdlXw0kQ07,kkulmu_/post/DXdlXw0kQ07
e_drive,E:\its0424\threads_live_report_0424_0214.xlsx,https://www.threads.com/@nostalsokei/post/DXdfMFLE5OY,nostalsokei/post/DXdfMFLE5OY
e_drive,E:\its0424\threads_live_report_0424_0214.xlsx,https://www.threads.com/@o_r_z_r_/post/DXdvZ_vDhhs,o_r_z_r_/post/DXdvZ_vDhhs
e_drive,E:\its0424\threads_live_report_0424_0214.xlsx,https://www.threads.com/@onl.yarara/post/DXWsYeLk0Y-,onl.yarara/post/DXWsYeLk0Y-
e_drive,E:\its0424\threads_live_report_0424_0214.xlsx,https://www.threads.com/@pikkseetem/post/DXc5vxKAeHh,pikkseetem/post/DXc5vxKAeHh
e_drive,E:\its0424\threads_live_report_0424_0214.xlsx,https://www.threads.com/@rkd4_0/post/DXeCDk2EwcZ,rkd4_0/post/DXeCDk2EwcZ
e_drive,E:\its0424\threads_live_report_0424_0214.xlsx,https://www.threads.com/@rua_shop0823/post/DXdGtkHk2FW,rua_shop0823/post/DXdGtkHk2FW
e_drive,E:\its0424\threads_live_report_0424_0214.xlsx,https://www.threads.com/@salmatlife/post/DXcy9zAkzwv,salmatlife/post/DXcy9zAkzwv
e_drive,E:\its0424\threads_live_report_0424_0214.xlsx,https://www.threads.com/@sua_item/post/DXb2piqiT9t,sua_item/post/DXb2piqiT9t
e_drive,E:\its0424\threads_live_report_0424_0214.xlsx,https://www.threads.com/@surim_pick/post/DXegwOvEnyE,surim_pick/post/DXegwOvEnyE
e_drive,E:\its0424\threads_live_report_0424_0214.xlsx,https://www.threads.com/@yu.rrrang/post/DXc4r_ACUlU,yu.rrrang/post/DXc4r_ACUlU
e_drive,E:\its0424\threads_live_report_0424_0214.xlsx,https://www.threads.com/@yumyum_3333/post/DXdAA5tE0QB,yumyum_3333/post/DXdAA5tE0QB
e_drive,E:\its0425\threads_live_report_0424_2340.xlsx,https://www.threads.com/@_seheehx_/post/DW-FcUVk0fU,_seheehx_/post/DW-FcUVk0fU
e_drive,E:\its0425\threads_live_report_0424_2340.xlsx,https://www.threads.com/@_seheehx_/post/DW-Rq3aj1p1,_seheehx_/post/DW-Rq3aj1p1
e_drive,E:\its0425\threads_live_report_0424_2340.xlsx,https://www.threads.com/@_seheehx_/post/DXFBypbjxKa,_seheehx_/post/DXFBypbjxKa
e_drive,E:\its0425\threads_live_report_0424_2340.xlsx,https://www.threads.com/@_seheehx_/post/DXFCqCxj7U0,_seheehx_/post/DXFCqCxj7U0
e_drive,E:\its0425\threads_live_report_0424_2340.xlsx,https://www.threads.com/@_seheehx_/post/DXFFaxBiQjZ,_seheehx_/post/DXFFaxBiQjZ
e_drive,E:\its0425\threads_live_report_0424_2340.xlsx,https://www.threads.com/@_seheehx_/post/DXFHAnDFWM0,_seheehx_/post/DXFHAnDFWM0
e_drive,E:\its0425\threads_live_report_0424_2340.xlsx,https://www.threads.com/@_seheehx_/post/DXFHyqgjCEe,_seheehx_/post/DXFHyqgjCEe
e_drive,E:\its0425\threads_live_report_0424_2340.xlsx,https://www.threads.com/@_seheehx_/post/DXFI49riYbq,_seheehx_/post/DXFI49riYbq
e_drive,E:\its0425\threads_live_report_0424_2340.xlsx,https://www.threads.com/@_seheehx_/post/DXFJ3b0jd4n,_seheehx_/post/DXFJ3b0jd4n
e_drive,E:\its0425\threads_live_report_0424_2340.xlsx,https://www.threads.com/@_seheehx_/post/DXFN0X-kYtJ,_seheehx_/post/DXFN0X-kYtJ
e_drive,E:\its0425\threads_live_report_0424_2340.xlsx,https://www.threads.com/@_seheehx_/post/DXFPvytk1Mw,_seheehx_/post/DXFPvytk1Mw
e_drive,E:\its0425\threads_live_report_0424_2340.xlsx,https://www.threads.com/@_seheehx_/post/DXIFx2zk-IX,_seheehx_/post/DXIFx2zk-IX
e_drive,E:\its0425\threads_live_report_0424_2340.xlsx,https://www.threads.com/@_seheehx_/post/DXLwk2PD7nP,_seheehx_/post/DXLwk2PD7nP
e_drive,E:\its0425\threads_live_report_0424_2340.xlsx,https://www.threads.com/@_seheehx_/post/DXbBQcdFMyr,_seheehx_/post/DXbBQcdFMyr
e_drive,E:\its0425\threads_live_report_0424_2340.xlsx,https://www.threads.com/@_seheehx_/post/DXbFHfwlIPu,_seheehx_/post/DXbFHfwlIPu
e_drive,E:\its0425\threads_live_report_0424_2340.xlsx,https://www.threads.com/@_seheehx_/post/DXc7jymjyVb,_seheehx_/post/DXc7jymjyVb
e_drive,E:\its0425\threads_live_report_0424_2340.xlsx,https://www.threads.com/@arch_dotori/post/DXOY-EhlCwf,arch_dotori/post/DXOY-EhlCwf
e_drive,E:\its0425\threads_live_report_0424_2340.xlsx,https://www.threads.com/@arch_dotori/post/DXObRI5j3Vy,arch_dotori/post/DXObRI5j3Vy
e_drive,E:\its0425\threads_live_report_0424_2340.xlsx,https://www.threads.com/@arch_dotori/post/DXOdMFsjxKJ,arch_dotori/post/DXOdMFsjxKJ
e_drive,E:\its0425\threads_live_report_0424_2340.xlsx,https://www.threads.com/@arch_dotori/post/DXOiKd-j2R2,arch_dotori/post/DXOiKd-j2R2
e_drive,E:\its0425\threads_live_report_0424_2340.xlsx,https://www.threads.com/@arch_dotori/post/DXOkBixk68I,arch_dotori/post/DXOkBixk68I
e_drive,E:\its0425\threads_live_report_0424_2340.xlsx,https://www.threads.com/@chichi_tem/post/DXeZXFuErE2,chichi_tem/post/DXeZXFuErE2
e_drive,E:\its0425\threads_live_report_0424_2340.xlsx,https://www.threads.com/@foodie.mochi88/post/DXfjV40kgi7,foodie.mochi88/post/DXfjV40kgi7
e_drive,E:\its0425\threads_live_report_0424_2340.xlsx,https://www.threads.com/@hey.mongle/post/DXfevA5gRRn,hey.mongle/post/DXfevA5gRRn
e_drive,E:\its0425\threads_live_report_0424_2340.xlsx,https://www.threads.com/@jinnydays_/post/DXeidNyEcit,jinnydays_/post/DXeidNyEcit
e_drive,E:\its0425\threads_live_report_0424_2340.xlsx,https://www.threads.com/@nayana.moongi/post/DXgEzJrkYss,nayana.moongi/post/DXgEzJrkYss
e_drive,E:\its0425\threads_live_report_0424_2340.xlsx,https://www.threads.com/@rintree08/post/DXakjg0Eu-C,rintree08/post/DXakjg0Eu-C
e_drive,E:\its0425\threads_live_report_0424_2340.xlsx,https://www.threads.com/@rua_shop0823/post/DXeaguNE787,rua_shop0823/post/DXeaguNE787
e_drive,E:\its0425\threads_live_report_0424_2340.xlsx,https://www.threads.com/@rua_shop0823/post/DXfhOh0k1kJ,rua_shop0823/post/DXfhOh0k1kJ
e_drive,E:\its0425\threads_live_report_0424_2340.xlsx,https://www.threads.com/@surim_pick/post/DXegwOvEnyE,surim_pick/post/DXegwOvEnyE
e_drive,E:\its0427\threads_live_report_0427_0106.xlsx,https://www.threads.com/@1in.living/post/DXi4S6wAX-3,1in.living/post/DXi4S6wAX-3
e_drive,E:\its0427\threads_live_report_0427_0106.xlsx,https://www.threads.com/@coco.label_3/post/DXk_J-0k5w_,coco.label_3/post/DXk_J-0k5w_
e_drive,E:\its0427\threads_live_report_0427_0106.xlsx,https://www.threads.com/@cy_picknotes/post/DXlZa_ED3Cj,cy_picknotes/post/DXlZa_ED3Cj
e_drive,E:\its0427\threads_live_report_0427_0106.xlsx,https://www.threads.com/@dnfkagksekfkawnl/post/DXkoVuzk22m,dnfkagksekfkawnl/post/DXkoVuzk22m
e_drive,E:\its0427\threads_live_report_0427_0106.xlsx,https://www.threads.com/@eonilike/post/DXlQzt9j3lM,eonilike/post/DXlQzt9j3lM
e_drive,E:\its0427\threads_live_report_0427_0106.xlsx,https://www.threads.com/@greenbluekk1/post/DXlAzDdml_H,greenbluekk1/post/DXlAzDdml_H
e_drive,E:\its0427\threads_live_report_0427_0106.xlsx,https://www.threads.com/@haeu.n6366/post/DXmDPROkmlX,haeu.n6366/post/DXmDPROkmlX
e_drive,E:\its0427\threads_live_report_0427_0106.xlsx,https://www.threads.com/@inhyunji_lola/post/DXlTG5Mj54y,inhyunji_lola/post/DXlTG5Mj54y
e_drive,E:\its0427\threads_live_report_0427_0106.xlsx,https://www.threads.com/@irenatcw1886/post/DXlWgTCmZzw,irenatcw1886/post/DXlWgTCmZzw
e_drive,E:\its0427\threads_live_report_0427_0106.xlsx,https://www.threads.com/@ju___ju1212/post/DXkm39ak-8b,ju___ju1212/post/DXkm39ak-8b
e_drive,E:\its0427\threads_live_report_0427_0106.xlsx,https://www.threads.com/@just_pick_2025/post/DXktIanE7X0,just_pick_2025/post/DXktIanE7X0
e_drive,E:\its0427\threads_live_report_0427_0106.xlsx,https://www.threads.com/@kok.pick/post/DXk1dpKj0m9,kok.pick/post/DXk1dpKj0m9
e_drive,E:\its0427\threads_live_report_0427_0106.xlsx,https://www.threads.com/@lalahome161/post/DXlPkiYiRAM,lalahome161/post/DXlPkiYiRAM
e_drive,E:\its0427\threads_live_report_0427_0106.xlsx,https://www.threads.com/@minifox_230303/post/DXi16kwCQ8r,minifox_230303/post/DXi16kwCQ8r
e_drive,E:\its0427\threads_live_report_0427_0106.xlsx,https://www.threads.com/@mugjago99/post/DXlIDBSmv1i,mugjago99/post/DXlIDBSmv1i
e_drive,E:\its0427\threads_live_report_0427_0106.xlsx,https://www.threads.com/@ohmy_it_tem/post/DXlJQjVkXde,ohmy_it_tem/post/DXlJQjVkXde
e_drive,E:\its0427\threads_live_report_0427_0106.xlsx,https://www.threads.com/@pureuntoyoil/post/DXlKKYND7S0,pureuntoyoil/post/DXlKKYND7S0
e_drive,E:\its0427\threads_live_report_0427_0106.xlsx,https://www.threads.com/@roseeei_i/post/DXlVVu0ktpM,roseeei_i/post/DXlVVu0ktpM
e_drive,E:\its0427\threads_live_report_0427_0106.xlsx,https://www.threads.com/@stella_shopping98/post/DXls_xljnEz,stella_shopping98/post/DXls_xljnEz
e_drive,E:\its0427\threads_live_report_0427_0106.xlsx,https://www.threads.com/@therethey.are/post/DXkm3rpktcn,therethey.are/post/DXkm3rpktcn
e_drive,E:\its0428\threads_live_report_0428_0241.xlsx,https://www.threads.com/@arin_item_/post/DXlL7BTARi3,arin_item_/post/DXlL7BTARi3
e_drive,E:\its0428\threads_live_report_0428_0241.xlsx,https://www.threads.com/@beautifulgirl.0829/post/DXnh4hLgcYe,beautifulgirl.0829/post/DXnh4hLgcYe
e_drive,E:\its0428\threads_live_report_0428_0241.xlsx,https://www.threads.com/@cococo.cafe.14/post/DXnSstfk_Sb,cococo.cafe.14/post/DXnSstfk_Sb
e_drive,E:\its0428\threads_live_report_0428_0241.xlsx,https://www.threads.com/@coffebean_45/post/DXoGg8lD15b,coffebean_45/post/DXoGg8lD15b
e_drive,E:\its0428\threads_live_report_0428_0241.xlsx,https://www.threads.com/@collector_rabbit/post/DXohxupHyp1,collector_rabbit/post/DXohxupHyp1
e_drive,E:\its0428\threads_live_report_0428_0241.xlsx,https://www.threads.com/@days.ofboys/post/DXnoRbxAW2k,days.ofboys/post/DXnoRbxAW2k
e_drive,E:\its0428\threads_live_report_0428_0241.xlsx,https://www.threads.com/@dnfkagksekfkawnl/post/DXotDXfAOHl,dnfkagksekfkawnl/post/DXotDXfAOHl
e_drive,E:\its0428\threads_live_report_0428_0241.xlsx,https://www.threads.com/@ebeauty12130/post/DXoTmSvkYEk,ebeauty12130/post/DXoTmSvkYEk
e_drive,E:\its0428\threads_live_report_0428_0241.xlsx,https://www.threads.com/@green.daisy77/post/DXnmT0ngdkX,green.daisy77/post/DXnmT0ngdkX
e_drive,E:\its0428\threads_live_report_0428_0241.xlsx,https://www.threads.com/@hajinrosli/post/DXns3SRkgks,hajinrosli/post/DXns3SRkgks
e_drive,E:\its0428\threads_live_report_0428_0241.xlsx,https://www.threads.com/@jiyun20200/post/DXnt2ZrgYOG,jiyun20200/post/DXnt2ZrgYOG
e_drive,E:\its0428\threads_live_report_0428_0241.xlsx,https://www.threads.com/@jiyun20200/post/DXou2IvgUJf,jiyun20200/post/DXou2IvgUJf
e_drive,E:\its0428\threads_live_report_0428_0241.xlsx,https://www.threads.com/@kkulmu_/post/DXntQZQETOa,kkulmu_/post/DXntQZQETOa
e_drive,E:\its0428\threads_live_report_0428_0241.xlsx,https://www.threads.com/@nostalsokei/post/DXlyhSYE5uN,nostalsokei/post/DXlyhSYE5uN
e_drive,E:\its0428\threads_live_report_0428_0241.xlsx,https://www.threads.com/@salmatlife/post/DXnGY-IE0t3,salmatlife/post/DXnGY-IE0t3
e_drive,E:\its0428\threads_live_report_0428_0241.xlsx,https://www.threads.com/@working_mom_pick/post/DXnSAhJk-zf,working_mom_pick/post/DXnSAhJk-zf
e_drive,E:\its0428\threads_live_report_0428_0241.xlsx,https://www.threads.com/@yuna._.ni/post/DXoYQ1Ck-so,yuna._.ni/post/DXoYQ1Ck-so
e_drive,E:\its0501\threads_live_report_0501_0019.xlsx,https://www.threads.com/@_jmh900/post/DXvztQtE0_E,_jmh900/post/DXvztQtE0_E
e_drive,E:\its0501\threads_live_report_0501_0019.xlsx,https://www.threads.com/@ann.ann.annd/post/DXvwBSvEqLI,ann.ann.annd/post/DXvwBSvEqLI
e_drive,E:\its0501\threads_live_report_0501_0019.xlsx,https://www.threads.com/@arin_item_/post/DXu0VUeE37w,arin_item_/post/DXu0VUeE37w
e_drive,E:\its0501\threads_live_report_0501_0019.xlsx,https://www.threads.com/@blueofze/post/DXuVjtik3Mr,blueofze/post/DXuVjtik3Mr
e_drive,E:\its0501\threads_live_report_0501_0019.xlsx,https://www.threads.com/@cecil_place2/post/DXu5S15AeVc,cecil_place2/post/DXu5S15AeVc
e_drive,E:\its0501\threads_live_report_0501_0019.xlsx,https://www.threads.com/@collector_rabbit/post/DXvjwkDnwk6,collector_rabbit/post/DXvjwkDnwk6
e_drive,E:\its0501\threads_live_report_0501_0019.xlsx,https://www.threads.com/@dooly_0619/post/DXv-9Vjjys-,dooly_0619/post/DXv-9Vjjys-
e_drive,E:\its0501\threads_live_report_0501_0019.xlsx,https://www.threads.com/@freesia_vvv/post/DXwLbVvH9Vy,freesia_vvv/post/DXwLbVvH9Vy
e_drive,E:\its0501\threads_live_report_0501_0019.xlsx,https://www.threads.com/@hey.mongle/post/DXwIr79kVzZ,hey.mongle/post/DXwIr79kVzZ
e_drive,E:\its0501\threads_live_report_0501_0019.xlsx,https://www.threads.com/@irenatcw1886/post/DXt_g8SmQyw,irenatcw1886/post/DXt_g8SmQyw
e_drive,E:\its0501\threads_live_report_0501_0019.xlsx,https://www.threads.com/@jayday__jayday/post/DXvxDPdiQkB,jayday__jayday/post/DXvxDPdiQkB
e_drive,E:\its0501\threads_live_report_0501_0019.xlsx,https://www.threads.com/@joomukjil/post/DXvUh7QD1_9,joomukjil/post/DXvUh7QD1_9
e_drive,E:\its0501\threads_live_report_0501_0019.xlsx,https://www.threads.com/@ju___ju1212/post/DXu3AxzE1Hr,ju___ju1212/post/DXu3AxzE1Hr
e_drive,E:\its0501\threads_live_report_0501_0019.xlsx,https://www.threads.com/@kangddabi/post/DXvXZdBD3BP,kangddabi/post/DXvXZdBD3BP
e_drive,E:\its0501\threads_live_report_0501_0019.xlsx,https://www.threads.com/@kkulmu_/post/DXvkYxnEYTD,kkulmu_/post/DXvkYxnEYTD
e_drive,E:\its0501\threads_live_report_0501_0019.xlsx,https://www.threads.com/@podoooc/post/DXwJJrnEqFk,podoooc/post/DXwJJrnEqFk
e_drive,E:\its0501\threads_live_report_0501_0019.xlsx,https://www.threads.com/@sdsd_zip/post/DXweD8sE5wU,sdsd_zip/post/DXweD8sE5wU
e_drive,E:\its0501\threads_live_report_0501_0019.xlsx,https://www.threads.com/@tubi__tuba/post/DXvv_FXDzJX,tubi__tuba/post/DXvv_FXDzJX
e_drive,E:\its0501\threads_live_report_0501_0019.xlsx,https://www.threads.com/@yd113202/post/DXvk52ZE2T7,yd113202/post/DXvk52ZE2T7
e_drive,E:\its0501\threads_live_report_0501_0019.xlsx,https://www.threads.com/@yks1220__/post/DXu_RjekglJ,yks1220__/post/DXu_RjekglJ
e_drive,E:\its0501\threads_live_report_0501_0019.xlsx,https://www.threads.com/@yuna._.ni/post/DXuLPfwExox,yuna._.ni/post/DXuLPfwExox
e_drive,E:\its0501\threads_live_report_0501_0019.xlsx,https://www.threads.com/@zmzmalalzmal/post/DXubZW3kzCI,zmzmalalzmal/post/DXubZW3kzCI
e_drive,E:\its0502\threads_live_report_0502_0127.xlsx,https://www.threads.com/@_seheehx_/post/DXhv2iTksZH,_seheehx_/post/DXhv2iTksZH
e_drive,E:\its0502\threads_live_report_0502_0127.xlsx,https://www.threads.com/@_seheehx_/post/DXo-fBpisp-,_seheehx_/post/DXo-fBpisp-
e_drive,E:\its0502\threads_live_report_0502_0127.xlsx,https://www.threads.com/@_seheehx_/post/DXo8DSJD85e,_seheehx_/post/DXo8DSJD85e
e_drive,E:\its0502\threads_live_report_0502_0127.xlsx,https://www.threads.com/@_seheehx_/post/DXo8_VHj6xf,_seheehx_/post/DXo8_VHj6xf
e_drive,E:\its0502\threads_live_report_0502_0127.xlsx,https://www.threads.com/@_seheehx_/post/DXp4mNgkd56,_seheehx_/post/DXp4mNgkd56
e_drive,E:\its0502\threads_live_report_0502_0127.xlsx,https://www.threads.com/@_seheehx_/post/DXpo-gXE3f_,_seheehx_/post/DXpo-gXE3f_
e_drive,E:\its0502\threads_live_report_0502_0127.xlsx,https://www.threads.com/@_seheehx_/post/DXpxzOmk1EG,_seheehx_/post/DXpxzOmk1EG
e_drive,E:\its0502\threads_live_report_0502_0127.xlsx,https://www.threads.com/@_seheehx_/post/DXpzPhTkzb6,_seheehx_/post/DXpzPhTkzb6
e_drive,E:\its0502\threads_live_report_0502_0127.xlsx,https://www.threads.com/@_seheehx_/post/DXs0MThlHB2,_seheehx_/post/DXs0MThlHB2
e_drive,E:\its0502\threads_live_report_0502_0127.xlsx,https://www.threads.com/@_seheehx_/post/DXsrSqFiZRH,_seheehx_/post/DXsrSqFiZRH
e_drive,E:\its0502\threads_live_report_0502_0127.xlsx,https://www.threads.com/@_seheehx_/post/DXst__QjV4o,_seheehx_/post/DXst__QjV4o
e_drive,E:\its0502\threads_live_report_0502_0127.xlsx,https://www.threads.com/@_seheehx_/post/DXsz7eZD-1b,_seheehx_/post/DXsz7eZD-1b
e_drive,E:\its0502\threads_live_report_0502_0127.xlsx,https://www.threads.com/@_seheehx_/post/DXu0SmqgHlH,_seheehx_/post/DXu0SmqgHlH
e_drive,E:\its0502\threads_live_report_0502_0127.xlsx,https://www.threads.com/@_seheehx_/post/DXuzjqfj1jb,_seheehx_/post/DXuzjqfj1jb
e_drive,E:\its0502\threads_live_report_0502_0127.xlsx,https://www.threads.com/@al_deal_mom/post/DXw9_bgE99r,al_deal_mom/post/DXw9_bgE99r
e_drive,E:\its0502\threads_live_report_0502_0127.xlsx,https://www.threads.com/@arch_dotori/post/DXh1pQEgvGy,arch_dotori/post/DXh1pQEgvGy
e_drive,E:\its0502\threads_live_report_0502_0127.xlsx,https://www.threads.com/@arch_dotori/post/DXimSbJkv5l,arch_dotori/post/DXimSbJkv5l
e_drive,E:\its0502\threads_live_report_0502_0127.xlsx,https://www.threads.com/@arch_dotori/post/DXovRO-j4M_,arch_dotori/post/DXovRO-j4M_
e_drive,E:\its0502\threads_live_report_0502_0127.xlsx,https://www.threads.com/@arch_dotori/post/DXpKsyxCpNG,arch_dotori/post/DXpKsyxCpNG
e_drive,E:\its0502\threads_live_report_0502_0127.xlsx,https://www.threads.com/@arch_dotori/post/DXpqThdk9s4,arch_dotori/post/DXpqThdk9s4
e_drive,E:\its0502\threads_live_report_0502_0127.xlsx,https://www.threads.com/@arch_dotori/post/DXu1QT1E1sT,arch_dotori/post/DXu1QT1E1sT
e_drive,E:\its0502\threads_live_report_0502_0127.xlsx,https://www.threads.com/@coco_x_pas/post/DXhTR_ykhS6,coco_x_pas/post/DXhTR_ykhS6
e_drive,E:\its0502\threads_live_report_0502_0127.xlsx,https://www.threads.com/@coco_x_pas/post/DXhzrPekgua,coco_x_pas/post/DXhzrPekgua
e_drive,E:\its0502\threads_live_report_0502_0127.xlsx,https://www.threads.com/@coco_x_pas/post/DXp3CDhE4Jn,coco_x_pas/post/DXp3CDhE4Jn
e_drive,E:\its0502\threads_live_report_0502_0127.xlsx,https://www.threads.com/@coco_x_pas/post/DXpJio0j89n,coco_x_pas/post/DXpJio0j89n
e_drive,E:\its0502\threads_live_report_0502_0127.xlsx,https://www.threads.com/@coco_x_pas/post/DXuwI7lE6Zo,coco_x_pas/post/DXuwI7lE6Zo
e_drive,E:\its0502\threads_live_report_0502_0127.xlsx,https://www.threads.com/@goom_dool2/post/DXyRuncE2Yi,goom_dool2/post/DXyRuncE2Yi
e_drive,E:\its0502\threads_live_report_0502_0127.xlsx,https://www.threads.com/@pro_chuljangler/post/DXw7hTfD5nY,pro_chuljangler/post/DXw7hTfD5nY
e_drive,E:\its0502\threads_live_report_0502_0127.xlsx,https://www.threads.com/@so_youn_97/post/DXxm-jACoHE,so_youn_97/post/DXxm-jACoHE
e_drive,E:\its0502\threads_live_report_0502_0127.xlsx,https://www.threads.com/@so_youn_97/post/DXyfHA8FAgo,so_youn_97/post/DXyfHA8FAgo
e_drive,E:\its0502\threads_live_report_0502_0127.xlsx,https://www.threads.com/@stella_shopping98/post/DXxpF1bmDDa,stella_shopping98/post/DXxpF1bmDDa
e_drive,E:\its0502\threads_live_report_0502_0127.xlsx,https://www.threads.com/@themindpark0/post/DXwxYJxE-0a,themindpark0/post/DXwxYJxE-0a
e_drive,E:\its0502\threads_live_report_0502_0127.xlsx,https://www.threads.com/@wowtem_/post/DXyMw4XkXpd,wowtem_/post/DXyMw4XkXpd
e_drive,E:\its0502\threads_live_report_0502_0127.xlsx,https://www.threads.com/@yuna._.ni/post/DXwxm7_E9Bb,yuna._.ni/post/DXwxm7_E9Bb
e_drive,E:\its0503-1\threads_live_report_0503_1223.xlsx,https://www.threads.com/@al_deal_mom/post/DX1KSiEE2Cc,al_deal_mom/post/DX1KSiEE2Cc
e_drive,E:\its0503-1\threads_live_report_0503_1223.xlsx,https://www.threads.com/@ann.ann.annd/post/DX04IvrkkOv,ann.ann.annd/post/DX04IvrkkOv
e_drive,E:\its0503-1\threads_live_report_0503_1223.xlsx,https://www.threads.com/@daylog_87/post/DX2pyR9EWpf,daylog_87/post/DX2pyR9EWpf
e_drive,E:\its0503-1\threads_live_report_0503_1223.xlsx,https://www.threads.com/@nana_ab92/post/DX1dVx9j2cK,nana_ab92/post/DX1dVx9j2cK
e_drive,E:\its0503-1\threads_live_report_0503_1223.xlsx,https://www.threads.com/@nostalsokei/post/DX04x70E6I_,nostalsokei/post/DX04x70E6I_
e_drive,E:\its0503-1\threads_live_report_0503_1223.xlsx,https://www.threads.com/@pm.6_30/post/DX01049k7Sc,pm.6_30/post/DX01049k7Sc
e_drive,E:\its0503-1\threads_live_report_0503_1223.xlsx,https://www.threads.com/@rinimoney.log/post/DX1DKlDkQcP,rinimoney.log/post/DX1DKlDkQcP
e_drive,E:\its0503-1\threads_live_report_0503_1223.xlsx,https://www.threads.com/@smile_gooditem/post/DX0lxSfk5wP,smile_gooditem/post/DX0lxSfk5wP
e_drive,E:\its0503-1\threads_live_report_0503_1223.xlsx,https://www.threads.com/@vidone05/post/DX0-Dk1D7_d,vidone05/post/DX0-Dk1D7_d
e_drive,E:\its0503-1\threads_live_report_0503_1223.xlsx,https://www.threads.com/@yd113202/post/DX1iT0dk7mG,yd113202/post/DX1iT0dk7mG
e_drive,E:\its0504\threads_live_report_0504_2343.xlsx,https://www.threads.com/@ara.mochi.daily/post/DX521YFCVVm,ara.mochi.daily/post/DX521YFCVVm
e_drive,E:\its0504\threads_live_report_0504_2343.xlsx,https://www.threads.com/@bam_do.tori/post/DX4eGH2kskV,bam_do.tori/post/DX4eGH2kskV
e_drive,E:\its0504\threads_live_report_0504_2343.xlsx,https://www.threads.com/@cococo.cafe.14/post/DX6FWvhCdsR,cococo.cafe.14/post/DX6FWvhCdsR
e_drive,E:\its0504\threads_live_report_0504_2343.xlsx,https://www.threads.com/@coecmom/post/DX5TyY9ksk2,coecmom/post/DX5TyY9ksk2
e_drive,E:\its0504\threads_live_report_0504_2343.xlsx,https://www.threads.com/@dalho.pick/post/DX4dW_9mvOJ,dalho.pick/post/DX4dW_9mvOJ
e_drive,E:\its0504\threads_live_report_0504_2343.xlsx,https://www.threads.com/@dodo27406/post/DX4ZKGvAQUm,dodo27406/post/DX4ZKGvAQUm
e_drive,E:\its0504\threads_live_report_0504_2343.xlsx,https://www.threads.com/@haeyoon1013/post/DX4aWDVCYD9,haeyoon1013/post/DX4aWDVCYD9
e_drive,E:\its0504\threads_live_report_0504_2343.xlsx,https://www.threads.com/@hanari.xoxo/post/DX21LsWk377,hanari.xoxo/post/DX21LsWk377
e_drive,E:\its0504\threads_live_report_0504_2343.xlsx,https://www.threads.com/@jayday__jayday/post/DX6DOA1CSUl,jayday__jayday/post/DX6DOA1CSUl
e_drive,E:\its0504\threads_live_report_0504_2343.xlsx,https://www.threads.com/@lemon_bbubbu/post/DX1s48iGsCJ,lemon_bbubbu/post/DX1s48iGsCJ
e_drive,E:\its0504\threads_live_report_0504_2343.xlsx,https://www.threads.com/@lemon_bbubbu/post/DX3ZjgeAOP7,lemon_bbubbu/post/DX3ZjgeAOP7
e_drive,E:\its0504\threads_live_report_0504_2343.xlsx,https://www.threads.com/@leopardnyy/post/DX4fp7elMHY,leopardnyy/post/DX4fp7elMHY
e_drive,E:\its0504\threads_live_report_0504_2343.xlsx,https://www.threads.com/@mincho_1min/post/DX1xEjlkqeN,mincho_1min/post/DX1xEjlkqeN
e_drive,E:\its0504\threads_live_report_0504_2343.xlsx,https://www.threads.com/@minimay0527/post/DX1oVZDEUDA,minimay0527/post/DX1oVZDEUDA
e_drive,E:\its0504\threads_live_report_0504_2343.xlsx,https://www.threads.com/@roseeei_i/post/DX5sV8UEqVK,roseeei_i/post/DX5sV8UEqVK
e_drive,E:\its0504\threads_live_report_0504_2343.xlsx,https://www.threads.com/@rubygold3722/post/DX1pQiulLtI,rubygold3722/post/DX1pQiulLtI
e_drive,E:\its0504\threads_live_report_0504_2343.xlsx,https://www.threads.com/@saturday_pet91/post/DX3ZiK9n4PH,saturday_pet91/post/DX3ZiK9n4PH
e_drive,E:\its0504\threads_live_report_0504_2343.xlsx,https://www.threads.com/@so_youn_97/post/DX28BaNEw20,so_youn_97/post/DX28BaNEw20
e_drive,E:\its0504\threads_live_report_0504_2343.xlsx,https://www.threads.com/@stella_shopping98/post/DX5iZseGLtA,stella_shopping98/post/DX5iZseGLtA
e_drive,E:\its0504\threads_live_report_0504_2343.xlsx,https://www.threads.com/@tnbbn__/post/DX2qyIhEnLs,tnbbn__/post/DX2qyIhEnLs
e_drive,E:\its0504\threads_live_report_0504_2343.xlsx,https://www.threads.com/@tnbbn__/post/DX6QgjrHTT7,tnbbn__/post/DX6QgjrHTT7
e_drive,E:\its0504\threads_live_report_0504_2343.xlsx,https://www.threads.com/@yulhalee_1004/post/DX1btO_FI2V,yulhalee_1004/post/DX1btO_FI2V
e_drive,E:\its0505-1\threads_live_report_0505_2126.xlsx,https://www.threads.com/@apple__1__1/post/DX8NCgME_7G,apple__1__1/post/DX8NCgME_7G
e_drive,E:\its0505-1\threads_live_report_0505_2126.xlsx,https://www.threads.com/@clinica_2017/post/DX6vx1bExdY,clinica_2017/post/DX6vx1bExdY
e_drive,E:\its0505-1\threads_live_report_0505_2126.xlsx,https://www.threads.com/@dodo27406/post/DX8JAZ5gXGQ,dodo27406/post/DX8JAZ5gXGQ
e_drive,E:\its0505-1\threads_live_report_0505_2126.xlsx,https://www.threads.com/@happym7777/post/DX6uBl5kl_-,happym7777/post/DX6uBl5kl_-
e_drive,E:\its0505-1\threads_live_report_0505_2126.xlsx,https://www.threads.com/@hue._.archive/post/DX6wtN7E1PY,hue._.archive/post/DX6wtN7E1PY
e_drive,E:\its0505-1\threads_live_report_0505_2126.xlsx,https://www.threads.com/@podoooc/post/DX6vzBkEnvu,podoooc/post/DX6vzBkEnvu
e_drive,E:\its0505-1\threads_live_report_0505_2126.xlsx,https://www.threads.com/@roseeei_i/post/DX676M3Et7T,roseeei_i/post/DX676M3Et7T
e_drive,E:\its0505-1\threads_live_report_0505_2126.xlsx,https://www.threads.com/@yoon_choipa/post/DX8ceH5Ey9w,yoon_choipa/post/DX8ceH5Ey9w
e_drive,E:\its0505-1\threads_live_report_0505_2126.xlsx,https://www.threads.com/@yunasss1119/post/DX726wJgb15,yunasss1119/post/DX726wJgb15
e_drive,E:\its0505-1\threads_live_report_0505_2126.xlsx,https://www.threads.com/@zipbysuni/post/DX7wg_OEyq2,zipbysuni/post/DX7wg_OEyq2
e_drive,E:\its0506-1\threads_live_report_0506_1751.xlsx,https://www.threads.com/@ara_selects/post/DX80GArk_9R,ara_selects/post/DX80GArk_9R
e_drive,E:\its0506-1\threads_live_report_0506_1751.xlsx,https://www.threads.com/@arin_item_/post/DX-2SoKmDLm,arin_item_/post/DX-2SoKmDLm
e_drive,E:\its0506-1\threads_live_report_0506_1751.xlsx,https://www.threads.com/@coffebean_45/post/DX9QW9cD3r-,coffebean_45/post/DX9QW9cD3r-
e_drive,E:\its0506-1\threads_live_report_0506_1751.xlsx,https://www.threads.com/@collector_rabbit/post/DX9Y8iqDpIL,collector_rabbit/post/DX9Y8iqDpIL
e_drive,E:\its0506-1\threads_live_report_0506_1751.xlsx,https://www.threads.com/@daylog_87/post/DX-sKLfGTPt,daylog_87/post/DX-sKLfGTPt
e_drive,E:\its0506-1\threads_live_report_0506_1751.xlsx,https://www.threads.com/@grace12312577/post/DX8rk00kTZ3,grace12312577/post/DX8rk00kTZ3
e_drive,E:\its0506-1\threads_live_report_0506_1751.xlsx,https://www.threads.com/@green.daisy77/post/DX8zovJASHU,green.daisy77/post/DX8zovJASHU
e_drive,E:\its0506-1\threads_live_report_0506_1751.xlsx,https://www.threads.com/@heheheehee123/post/DX8tQD1Dubd,heheheehee123/post/DX8tQD1Dubd
e_drive,E:\its0506-1\threads_live_report_0506_1751.xlsx,https://www.threads.com/@heheheehee123/post/DX9Sm_ln6-R,heheheehee123/post/DX9Sm_ln6-R
e_drive,E:\its0506-1\threads_live_report_0506_1751.xlsx,https://www.threads.com/@honest._.moment/post/DX9A5wrGusB,honest._.moment/post/DX9A5wrGusB
e_drive,E:\its0506-1\threads_live_report_0506_1751.xlsx,https://www.threads.com/@hue._.archive/post/DX8yQd_E0CN,hue._.archive/post/DX8yQd_E0CN
e_drive,E:\its0506-1\threads_live_report_0506_1751.xlsx,https://www.threads.com/@k_whypick/post/DX9oK3vGQr_,k_whypick/post/DX9oK3vGQr_
e_drive,E:\its0506-1\threads_live_report_0506_1751.xlsx,https://www.threads.com/@living_studio87/post/DX-YJOVkZsJ,living_studio87/post/DX-YJOVkZsJ
e_drive,E:\its0506-1\threads_live_report_0506_1751.xlsx,https://www.threads.com/@ludia.2025/post/DX9rH_IE2Uc,ludia.2025/post/DX9rH_IE2Uc
e_drive,E:\its0506-1\threads_live_report_0506_1751.xlsx,https://www.threads.com/@minyoung.jung/post/DX-aYL2jp2H,minyoung.jung/post/DX-aYL2jp2H
e_drive,E:\its0506-1\threads_live_report_0506_1751.xlsx,https://www.threads.com/@orion_on82/post/DX_FG6MkfWT,orion_on82/post/DX_FG6MkfWT
e_drive,E:\its0506-1\threads_live_report_0506_1751.xlsx,https://www.threads.com/@podoooc/post/DX--PR3kmnL,podoooc/post/DX--PR3kmnL
e_drive,E:\its0506-1\threads_live_report_0506_1751.xlsx,https://www.threads.com/@pupple_very/post/DX-bZS3H71T,pupple_very/post/DX-bZS3H71T
e_drive,E:\its0506-1\threads_live_report_0506_1751.xlsx,https://www.threads.com/@real_day.note/post/DX9wq5Qko0W,real_day.note/post/DX9wq5Qko0W
e_drive,E:\its0506-1\threads_live_report_0506_1751.xlsx,https://www.threads.com/@stella_shopping98/post/DX-cP3OEjAr,stella_shopping98/post/DX-cP3OEjAr
e_drive,E:\its0507\threads_live_report_0507_2231.xlsx,https://www.threads.com/@arin_item_/post/DYA3_FxE43c,arin_item_/post/DYA3_FxE43c
e_drive,E:\its0507\threads_live_report_0507_2231.xlsx,https://www.threads.com/@bbol_bboltem49/post/DYA-OCVE73i,bbol_bboltem49/post/DYA-OCVE73i
e_drive,E:\its0507\threads_live_report_0507_2231.xlsx,https://www.threads.com/@cecil_place2/post/DYA-ZdAAXxw,cecil_place2/post/DYA-ZdAAXxw
e_drive,E:\its0507\threads_live_report_0507_2231.xlsx,https://www.threads.com/@daily___pick_/post/DYApECNk2DC,daily___pick_/post/DYApECNk2DC
e_drive,E:\its0507\threads_live_report_0507_2231.xlsx,https://www.threads.com/@dave_hyemin/post/DYBybgdHYyt,dave_hyemin/post/DYBybgdHYyt
e_drive,E:\its0507\threads_live_report_0507_2231.xlsx,https://www.threads.com/@doozy_kk/post/DYBpIXPiazQ,doozy_kk/post/DYBpIXPiazQ
e_drive,E:\its0507\threads_live_report_0507_2231.xlsx,https://www.threads.com/@duckdps/post/DX_zbhdEdHC,duckdps/post/DX_zbhdEdHC
e_drive,E:\its0507\threads_live_report_0507_2231.xlsx,https://www.threads.com/@ejj.jje/post/DX_5NwQj-ho,ejj.jje/post/DX_5NwQj-ho
e_drive,E:\its0507\threads_live_report_0507_2231.xlsx,https://www.threads.com/@gigawifi66/post/DX_4Wd0EUba,gigawifi66/post/DX_4Wd0EUba
e_drive,E:\its0507\threads_live_report_0507_2231.xlsx,https://www.threads.com/@goom_dool2/post/DYBqaSgk1jY,goom_dool2/post/DYBqaSgk1jY
e_drive,E:\its0507\threads_live_report_0507_2231.xlsx,https://www.threads.com/@goyoungheessi/post/DYBkpv6Cdxu,goyoungheessi/post/DYBkpv6Cdxu
e_drive,E:\its0507\threads_live_report_0507_2231.xlsx,https://www.threads.com/@jhjhjs5/post/DYBd01xEnE2,jhjhjs5/post/DYBd01xEnE2
e_drive,E:\its0507\threads_live_report_0507_2231.xlsx,https://www.threads.com/@kkstar000/post/DX_xfyNCdO2,kkstar000/post/DX_xfyNCdO2
e_drive,E:\its0507\threads_live_report_0507_2231.xlsx,https://www.threads.com/@podoooc/post/DX--PR3kmnL,podoooc/post/DX--PR3kmnL
e_drive,E:\its0507\threads_live_report_0507_2231.xlsx,https://www.threads.com/@redza.x/post/DYBFA7OGfvo,redza.x/post/DYBFA7OGfvo
e_drive,E:\its0507\threads_live_report_0507_2231.xlsx,https://www.threads.com/@rkd4_0/post/DYASmeqkxRL,rkd4_0/post/DYASmeqkxRL
e_drive,E:\its0507\threads_live_report_0507_2231.xlsx,https://www.threads.com/@roa_wish/post/DX_28lIE5dE,roa_wish/post/DX_28lIE5dE
e_drive,E:\its0507\threads_live_report_0507_2231.xlsx,https://www.threads.com/@som_washing/post/DYALudMCWwI,som_washing/post/DYALudMCWwI
e_drive,E:\its0507\threads_live_report_0507_2231.xlsx,https://www.threads.com/@sosopick88/post/DX_zevPoOoG,sosopick88/post/DX_zevPoOoG
e_drive,E:\its0507\threads_live_report_0507_2231.xlsx,https://www.threads.com/@soyoumi_77/post/DYB3Lg5Eaqd,soyoumi_77/post/DYB3Lg5Eaqd
e_drive,E:\its0507\threads_live_report_0507_2231.xlsx,https://www.threads.com/@stella_shopping98/post/DYBBx81EtBj,stella_shopping98/post/DYBBx81EtBj
e_drive,E:\its0507\threads_live_report_0507_2231.xlsx,https://www.threads.com/@takohuha/post/DYBWrtNjyhT,takohuha/post/DYBWrtNjyhT
e_drive,E:\its0507\threads_live_report_0507_2231.xlsx,https://www.threads.com/@takohuha/post/DYBXu7xD8PW,takohuha/post/DYBXu7xD8PW
e_drive,E:\its0507\threads_live_report_0507_2231.xlsx,https://www.threads.com/@tnbbn__/post/DYBfqTBHfPr,tnbbn__/post/DYBfqTBHfPr
e_drive,E:\its0507\threads_live_report_0507_2231.xlsx,https://www.threads.com/@twinkle.my_life/post/DX_yvweD0Ae,twinkle.my_life/post/DX_yvweD0Ae
e_drive,E:\its0507\threads_live_report_0507_2231.xlsx,https://www.threads.com/@wisdom_of_living/post/DYBTpJ2kwmc,wisdom_of_living/post/DYBTpJ2kwmc
e_drive,E:\its0509\threads_live_report_0509_1347.xlsx,https://www.threads.com/@_seheehx_/post/DX09bxzDxUO,_seheehx_/post/DX09bxzDxUO
e_drive,E:\its0509\threads_live_report_0509_1347.xlsx,https://www.threads.com/@_seheehx_/post/DX0vGu5irCF,_seheehx_/post/DX0vGu5irCF
e_drive,E:\its0509\threads_live_report_0509_1347.xlsx,https://www.threads.com/@_seheehx_/post/DX1EINzDO5q,_seheehx_/post/DX1EINzDO5q
e_drive,E:\its0509\threads_live_report_0509_1347.xlsx,https://www.threads.com/@_seheehx_/post/DX1MKIZjyuz,_seheehx_/post/DX1MKIZjyuz
e_drive,E:\its0509\threads_live_report_0509_1347.xlsx,https://www.threads.com/@_seheehx_/post/DX1RTOmj5Lx,_seheehx_/post/DX1RTOmj5Lx
e_drive,E:\its0509\threads_live_report_0509_1347.xlsx,https://www.threads.com/@_seheehx_/post/DX7ZtdCE9gH,_seheehx_/post/DX7ZtdCE9gH
e_drive,E:\its0509\threads_live_report_0509_1347.xlsx,https://www.threads.com/@_seheehx_/post/DX9ZocCD9ry,_seheehx_/post/DX9ZocCD9ry
e_drive,E:\its0509\threads_live_report_0509_1347.xlsx,https://www.threads.com/@_seheehx_/post/DX_wp3XDZ9u,_seheehx_/post/DX_wp3XDZ9u
e_drive,E:\its0509\threads_live_report_0509_1347.xlsx,https://www.threads.com/@_seheehx_/post/DX_yGmfD66m,_seheehx_/post/DX_yGmfD66m
e_drive,E:\its0509\threads_live_report_0509_1347.xlsx,https://www.threads.com/@arch_dotori/post/DX1PvFdDx-m,arch_dotori/post/DX1PvFdDx-m
e_drive,E:\its0509\threads_live_report_0509_1347.xlsx,https://www.threads.com/@arch_dotori/post/DX7I9IcD9-8,arch_dotori/post/DX7I9IcD9-8
e_drive,E:\its0509\threads_live_report_0509_1347.xlsx,https://www.threads.com/@arch_dotori/post/DX7Wp55k8-b,arch_dotori/post/DX7Wp55k8-b
e_drive,E:\its0509\threads_live_report_0509_1347.xlsx,https://www.threads.com/@arch_dotori/post/DX_liiNFVCe,arch_dotori/post/DX_liiNFVCe
e_drive,E:\its0509\threads_live_report_0509_1347.xlsx,https://www.threads.com/@arch_dotori/post/DX_vqGUlXYx,arch_dotori/post/DX_vqGUlXYx
e_drive,E:\its0509\threads_live_report_0509_1347.xlsx,https://www.threads.com/@coco_x_pas/post/DX3UXgeD1FK,coco_x_pas/post/DX3UXgeD1FK
e_drive,E:\its0509\threads_live_report_0509_1347.xlsx,https://www.threads.com/@coco_x_pas/post/DX3WF8TDvGc,coco_x_pas/post/DX3WF8TDvGc
e_drive,E:\its0509\threads_live_report_0509_1347.xlsx,https://www.threads.com/@coco_x_pas/post/DX7fQzVE0s_,coco_x_pas/post/DX7fQzVE0s_
e_drive,E:\its0509\threads_live_report_0509_1347.xlsx,https://www.threads.com/@coco_x_pas/post/DX9b3mcCNig,coco_x_pas/post/DX9b3mcCNig
e_drive,E:\its0509\threads_live_report_0509_1347.xlsx,https://www.threads.com/@coco_x_pas/post/DX_rftVj3Zv,coco_x_pas/post/DX_rftVj3Zv
e_drive,E:\its0510\threads_live_report_0510_1213.xlsx,https://www.threads.com/@_seheehx_/post/DX09bxzDxUO,_seheehx_/post/DX09bxzDxUO
e_drive,E:\its0510\threads_live_report_0510_1213.xlsx,https://www.threads.com/@_seheehx_/post/DX0vGu5irCF,_seheehx_/post/DX0vGu5irCF
e_drive,E:\its0510\threads_live_report_0510_1213.xlsx,https://www.threads.com/@a_rzen2/post/DYHM8VrgeWS,a_rzen2/post/DYHM8VrgeWS
e_drive,E:\its0510\threads_live_report_0510_1213.xlsx,https://www.threads.com/@arin_item_/post/DYH9F-fGHmO,arin_item_/post/DYH9F-fGHmO
e_drive,E:\its0510\threads_live_report_0510_1213.xlsx,https://www.threads.com/@arin_item_/post/DYHHa0LGPGo,arin_item_/post/DYHHa0LGPGo
e_drive,E:\its0510\threads_live_report_0510_1213.xlsx,https://www.threads.com/@by_ria_/post/DYHb3bPkUOf,by_ria_/post/DYHb3bPkUOf
e_drive,E:\its0510\threads_live_report_0510_1213.xlsx,https://www.threads.com/@coco.label_3/post/DYG4hpAk4jX,coco.label_3/post/DYG4hpAk4jX
e_drive,E:\its0510\threads_live_report_0510_1213.xlsx,https://www.threads.com/@coco.label_3/post/DYGo7ShE-vc,coco.label_3/post/DYGo7ShE-vc
e_drive,E:\its0510\threads_live_report_0510_1213.xlsx,https://www.threads.com/@coffebean_45/post/DYG3vJCgChw,coffebean_45/post/DYG3vJCgChw
e_drive,E:\its0510\threads_live_report_0510_1213.xlsx,https://www.threads.com/@coffebean_45/post/DYGnXA5D5MD,coffebean_45/post/DYGnXA5D5MD
e_drive,E:\its0510\threads_live_report_0510_1213.xlsx,https://www.threads.com/@coffebean_45/post/DYGsGk4AJ35,coffebean_45/post/DYGsGk4AJ35
e_drive,E:\its0510\threads_live_report_0510_1213.xlsx,https://www.threads.com/@coxxco/post/DYFNN9KIPu2,coxxco/post/DYFNN9KIPu2
e_drive,E:\its0510\threads_live_report_0510_1213.xlsx,https://www.threads.com/@irenatcw1886/post/DYHU0mKk2hy,irenatcw1886/post/DYHU0mKk2hy
e_drive,E:\its0510\threads_live_report_0510_1213.xlsx,https://www.threads.com/@jinnydays_/post/DYHe6tjEdYB,jinnydays_/post/DYHe6tjEdYB
e_drive,E:\its0510\threads_live_report_0510_1213.xlsx,https://www.threads.com/@lena_post_/post/DYG9JVNkXCL,lena_post_/post/DYG9JVNkXCL
e_drive,E:\its0510\threads_live_report_0510_1213.xlsx,https://www.threads.com/@ohmy_it_tem/post/DYH0V2YkcNl,ohmy_it_tem/post/DYH0V2YkcNl
e_drive,E:\its0510\threads_live_report_0510_1213.xlsx,https://www.threads.com/@onl.yarara/post/DYG9OyWk3Do,onl.yarara/post/DYG9OyWk3Do
e_drive,E:\its0510\threads_live_report_0510_1213.xlsx,https://www.threads.com/@palago8394/post/DYGfJgJkTan,palago8394/post/DYGfJgJkTan
e_drive,E:\its0510\threads_live_report_0510_1213.xlsx,https://www.threads.com/@pm.6_30/post/DYHaIIeE7QS,pm.6_30/post/DYHaIIeE7QS
e_drive,E:\its0510\threads_live_report_0510_1213.xlsx,https://www.threads.com/@rkd4_0/post/DYE_k49E77j,rkd4_0/post/DYE_k49E77j
e_drive,E:\its0510\threads_live_report_0510_1213.xlsx,https://www.threads.com/@saturday_pet91/post/DYGfvDbn0V4,saturday_pet91/post/DYGfvDbn0V4
e_drive,E:\its0510\threads_live_report_0510_1213.xlsx,https://www.threads.com/@seana_003/post/DYGgOlXkVvy,seana_003/post/DYGgOlXkVvy
e_drive,E:\its0510\threads_live_report_0510_1213.xlsx,https://www.threads.com/@serinjo97/post/DYHT4ycEeD6,serinjo97/post/DYHT4ycEeD6
e_drive,E:\its0510\threads_live_report_0510_1213.xlsx,https://www.threads.com/@story_unofficial/post/DYGelJyE9rO,story_unofficial/post/DYGelJyE9rO
e_drive,E:\its0510\threads_live_report_0510_1213.xlsx,https://www.threads.com/@sua_item/post/DYG2-6AGaEV,sua_item/post/DYG2-6AGaEV
e_drive,E:\its0510\threads_live_report_0510_1213.xlsx,https://www.threads.com/@suji_0331/post/DYGVI7vFdFw,suji_0331/post/DYGVI7vFdFw
e_drive,E:\its0510\threads_live_report_0510_1213.xlsx,https://www.threads.com/@surim_pick/post/DYGh5FnkhLo,surim_pick/post/DYGh5FnkhLo
e_drive,E:\its0510\threads_live_report_0510_1213.xlsx,https://www.threads.com/@yeouu0827/post/DYGvsdAEYI-,yeouu0827/post/DYGvsdAEYI-
e_drive,E:\its0510\threads_live_report_0510_1213.xlsx,https://www.threads.com/@yks1220__/post/DYHTtkxEnL0,yks1220__/post/DYHTtkxEnL0
e_drive,E:\its0510\threads_live_report_0510_1213.xlsx,https://www.threads.com/@yonikim0/post/DYGl--7kYXm,yonikim0/post/DYGl--7kYXm
e_drive,E:\its0511\threads_live_report_0511_1807.xlsx,https://www.threads.com/@arin_item_/post/DYH9F-fGHmO,arin_item_/post/DYH9F-fGHmO
e_drive,E:\its0511\threads_live_report_0511_1807.xlsx,https://www.threads.com/@arin_item_/post/DYLKlETk6Nt,arin_item_/post/DYLKlETk6Nt
e_drive,E:\its0511\threads_live_report_0511_1807.xlsx,https://www.threads.com/@bell_tokki/post/DYKOyrmkmym,bell_tokki/post/DYKOyrmkmym
e_drive,E:\its0511\threads_live_report_0511_1807.xlsx,https://www.threads.com/@ddock.life/post/DYKStWuE6hV,ddock.life/post/DYKStWuE6hV
e_drive,E:\its0511\threads_live_report_0511_1807.xlsx,https://www.threads.com/@dldlsruddl16/post/DYKbcTIk2dg,dldlsruddl16/post/DYKbcTIk2dg
e_drive,E:\its0511\threads_live_report_0511_1807.xlsx,https://www.threads.com/@gogoodlucky99/post/DYLEg8nE-4o,gogoodlucky99/post/DYLEg8nE-4o
e_drive,E:\its0511\threads_live_report_0511_1807.xlsx,https://www.threads.com/@hyunzuu7/post/DYKJ8zhkgWA,hyunzuu7/post/DYKJ8zhkgWA
e_drive,E:\its0511\threads_live_report_0511_1807.xlsx,https://www.threads.com/@irenatcw1886/post/DYJ7vdHmflp,irenatcw1886/post/DYJ7vdHmflp
e_drive,E:\its0511\threads_live_report_0511_1807.xlsx,https://www.threads.com/@jiwooo._.oo/post/DYKDF9ElIfo,jiwooo._.oo/post/DYKDF9ElIfo
e_drive,E:\its0511\threads_live_report_0511_1807.xlsx,https://www.threads.com/@k_whypick/post/DYKRt0dmjTN,k_whypick/post/DYKRt0dmjTN
e_drive,E:\its0511\threads_live_report_0511_1807.xlsx,https://www.threads.com/@kok.pick/post/DXk1dpKj0m9,kok.pick/post/DXk1dpKj0m9
e_drive,E:\its0511\threads_live_report_0511_1807.xlsx,https://www.threads.com/@picknanna/post/DYKSf5BEngV,picknanna/post/DYKSf5BEngV
e_drive,E:\its0511\threads_live_report_0511_1807.xlsx,https://www.threads.com/@ping._.pick/post/DYLTp7bkgUW,ping._.pick/post/DYLTp7bkgUW
e_drive,E:\its0511\threads_live_report_0511_1807.xlsx,https://www.threads.com/@raraim7777/post/DYKH8fRiei-,raraim7777/post/DYKH8fRiei-
e_drive,E:\its0511\threads_live_report_0511_1807.xlsx,https://www.threads.com/@soul7_944/post/DYKOhGgk4xm,soul7_944/post/DYKOhGgk4xm
e_drive,E:\its0511\threads_live_report_0511_1807.xlsx,https://www.threads.com/@sua_item/post/DYJFN5xGZ-1,sua_item/post/DYJFN5xGZ-1
e_drive,E:\its0511\threads_live_report_0511_1807.xlsx,https://www.threads.com/@sua_item/post/DYLHNKXEyT9,sua_item/post/DYLHNKXEyT9
e_drive,E:\its0511\threads_live_report_0511_1807.xlsx,https://www.threads.com/@surim_pick/post/DYJ5rgokkjC,surim_pick/post/DYJ5rgokkjC
e_drive,E:\its0511\threads_live_report_0511_1807.xlsx,https://www.threads.com/@surim_pick/post/DYJ7voBkvKj,surim_pick/post/DYJ7voBkvKj
e_drive,E:\its0511\threads_live_report_0511_1807.xlsx,https://www.threads.com/@surim_pick/post/DYKbNAYEvVU,surim_pick/post/DYKbNAYEvVU
e_drive,E:\its0512-2\threads_live_report_0512_1855.xlsx,https://www.threads.com/@alice___blue7/post/DYN4g0tD9J0,alice___blue7/post/DYN4g0tD9J0
e_drive,E:\its0512-2\threads_live_report_0512_1855.xlsx,https://www.threads.com/@amy_happy7/post/DYMtcaBEsZc,amy_happy7/post/DYMtcaBEsZc
e_drive,E:\its0512-2\threads_live_report_0512_1855.xlsx,https://www.threads.com/@apple__1__1/post/DYLhpeQE01L,apple__1__1/post/DYLhpeQE01L
e_drive,E:\its0512-2\threads_live_report_0512_1855.xlsx,https://www.threads.com/@ari.jakka/post/DYMuYDbE5LY,ari.jakka/post/DYMuYDbE5LY
e_drive,E:\its0512-2\threads_live_report_0512_1855.xlsx,https://www.threads.com/@arin_item_/post/DYO1bZUGILw,arin_item_/post/DYO1bZUGILw
e_drive,E:\its0512-2\threads_live_report_0512_1855.xlsx,https://www.threads.com/@bell_tokki/post/DYOdnbKEum6,bell_tokki/post/DYOdnbKEum6
e_drive,E:\its0512-2\threads_live_report_0512_1855.xlsx,https://www.threads.com/@cheat_keynote7/post/DYMwpyCk7UZ,cheat_keynote7/post/DYMwpyCk7UZ
e_drive,E:\its0512-2\threads_live_report_0512_1855.xlsx,https://www.threads.com/@eggfrypick/post/DYMm3zqn_Ev,eggfrypick/post/DYMm3zqn_Ev
e_drive,E:\its0512-2\threads_live_report_0512_1855.xlsx,https://www.threads.com/@ga_ggom92/post/DYOAlTOExJ4,ga_ggom92/post/DYOAlTOExJ4
e_drive,E:\its0512-2\threads_live_report_0512_1855.xlsx,https://www.threads.com/@gigawifi66/post/DYN1iS_kqHp,gigawifi66/post/DYN1iS_kqHp
e_drive,E:\its0512-2\threads_live_report_0512_1855.xlsx,https://www.threads.com/@last.chiko/post/DYNBZMTGGnI,last.chiko/post/DYNBZMTGGnI
e_drive,E:\its0512-2\threads_live_report_0512_1855.xlsx,https://www.threads.com/@ohmy_it_tem/post/DYOM5IQEVa4,ohmy_it_tem/post/DYOM5IQEVa4
e_drive,E:\its0512-2\threads_live_report_0512_1855.xlsx,https://www.threads.com/@ping._.pick/post/DYMedaxFPl5,ping._.pick/post/DYMedaxFPl5
e_drive,E:\its0512-2\threads_live_report_0512_1855.xlsx,https://www.threads.com/@ping._.pick/post/DYOZW2WlBoe,ping._.pick/post/DYOZW2WlBoe
e_drive,E:\its0512-2\threads_live_report_0512_1855.xlsx,https://www.threads.com/@salmatlife/post/DYM4HMwk9vG,salmatlife/post/DYM4HMwk9vG
e_drive,E:\its0512-2\threads_live_report_0512_1855.xlsx,https://www.threads.com/@seo_yoon_it/post/DYMbqLlkgum,seo_yoon_it/post/DYMbqLlkgum
e_drive,E:\its0512-2\threads_live_report_0512_1855.xlsx,https://www.threads.com/@shoshu319/post/DYOWuffkcwg,shoshu319/post/DYOWuffkcwg
e_drive,E:\its0512-2\threads_live_report_0512_1855.xlsx,https://www.threads.com/@sosohe66/post/DYM-N16Dz6_,sosohe66/post/DYM-N16Dz6_
e_drive,E:\its0512-2\threads_live_report_0512_1855.xlsx,https://www.threads.com/@soyoumi_77/post/DYN9KmLE1NW,soyoumi_77/post/DYN9KmLE1NW
e_drive,E:\its0512-2\threads_live_report_0512_1855.xlsx,https://www.threads.com/@sso.sso122/post/DYMuFzdE_XP,sso.sso122/post/DYMuFzdE_XP
e_drive,E:\its0512-2\threads_live_report_0512_1855.xlsx,https://www.threads.com/@surim_pick/post/DYO9vqmEgVe,surim_pick/post/DYO9vqmEgVe
e_drive,E:\its0512-2\threads_live_report_0512_1855.xlsx,https://www.threads.com/@surim_pick/post/DYOVTyekt6k,surim_pick/post/DYOVTyekt6k
e_drive,E:\its0512-2\threads_live_report_0512_1855.xlsx,https://www.threads.com/@taey_8285/post/DYNstEwk4MM,taey_8285/post/DYNstEwk4MM
e_drive,E:\its0512-2\threads_live_report_0512_1855.xlsx,https://www.threads.com/@tokyo_home0304/post/DYM9p-0GG_w,tokyo_home0304/post/DYM9p-0GG_w
e_drive,E:\its0512-2\threads_live_report_0512_1855.xlsx,https://www.threads.com/@treerin100/post/DYODaCqgXhF,treerin100/post/DYODaCqgXhF
e_drive,E:\its0512\threads_live_report_0512_0036.xlsx,https://www.threads.com/@1biteknowledge/post/DYMMDXak0EJ,1biteknowledge/post/DYMMDXak0EJ
e_drive,E:\its0512\threads_live_report_0512_0036.xlsx,https://www.threads.com/@2run._.2run/post/DYLuukrj6y6,2run._.2run/post/DYLuukrj6y6
e_drive,E:\its0512\threads_live_report_0512_0036.xlsx,https://www.threads.com/@amy_happy7/post/DYMn14rksly,amy_happy7/post/DYMn14rksly
e_drive,E:\its0512\threads_live_report_0512_0036.xlsx,https://www.threads.com/@apple__1__1/post/DYLhpeQE01L,apple__1__1/post/DYLhpeQE01L
e_drive,E:\its0512\threads_live_report_0512_0036.xlsx,https://www.threads.com/@arin_item_/post/DYI_eeyGPZv,arin_item_/post/DYI_eeyGPZv
e_drive,E:\its0512\threads_live_report_0512_0036.xlsx,https://www.threads.com/@da.moamall/post/DYL-wzSAbIe,da.moamall/post/DYL-wzSAbIe
e_drive,E:\its0512\threads_live_report_0512_0036.xlsx,https://www.threads.com/@goom_dool2/post/DYMFIpqk-1m,goom_dool2/post/DYMFIpqk-1m
e_drive,E:\its0512\threads_live_report_0512_0036.xlsx,https://www.threads.com/@haru__lee.00/post/DYLNR6ND1aX,haru__lee.00/post/DYLNR6ND1aX
e_drive,E:\its0512\threads_live_report_0512_0036.xlsx,https://www.threads.com/@ping._.pick/post/DYLeI72GbXG,ping._.pick/post/DYLeI72GbXG
e_drive,E:\its0512\threads_live_report_0512_0036.xlsx,https://www.threads.com/@stella_shopping98/post/DYLZw_JGL4o,stella_shopping98/post/DYLZw_JGL4o
e_drive,E:\its0512\threads_live_report_0512_0036.xlsx,https://www.threads.com/@yangddungddang/post/DYLQC9nAQpm,yangddungddang/post/DYLQC9nAQpm
e_drive,E:\its0512\threads_live_report_0512_0036.xlsx,https://www.threads.com/@yangddungddang/post/DYMEo_ID3Bs,yangddungddang/post/DYMEo_ID3Bs
e_drive,E:\its0513\threads_live_report_0513_2130.xlsx,https://www.threads.com/@2run._.2run/post/DYPWDTgj1Dr,2run._.2run/post/DYPWDTgj1Dr
e_drive,E:\its0513\threads_live_report_0513_2130.xlsx,https://www.threads.com/@amy_happy7/post/DYPYWlRkmBl,amy_happy7/post/DYPYWlRkmBl
e_drive,E:\its0513\threads_live_report_0513_2130.xlsx,https://www.threads.com/@arin._.222/post/DYPtxXCnbAa,arin._.222/post/DYPtxXCnbAa
e_drive,E:\its0513\threads_live_report_0513_2130.xlsx,https://www.threads.com/@bujagogo0416/post/DYQiW3cki60,bujagogo0416/post/DYQiW3cki60
e_drive,E:\its0513\threads_live_report_0513_2130.xlsx,https://www.threads.com/@coxxco/post/DYRajVIoGhl,coxxco/post/DYRajVIoGhl
e_drive,E:\its0513\threads_live_report_0513_2130.xlsx,https://www.threads.com/@dailyitemlab/post/DYPS6KSEeFP,dailyitemlab/post/DYPS6KSEeFP
e_drive,E:\its0513\threads_live_report_0513_2130.xlsx,https://www.threads.com/@freesia_vvv/post/DYPbv8bDT-K,freesia_vvv/post/DYPbv8bDT-K
e_drive,E:\its0513\threads_live_report_0513_2130.xlsx,https://www.threads.com/@growpay24/post/DYRL1byEnQo,growpay24/post/DYRL1byEnQo
e_drive,E:\its0513\threads_live_report_0513_2130.xlsx,https://www.threads.com/@happylimkim/post/DYQTYgckoT0,happylimkim/post/DYQTYgckoT0
e_drive,E:\its0513\threads_live_report_0513_2130.xlsx,https://www.threads.com/@irenatcw1886/post/DYPP0VIGThY,irenatcw1886/post/DYPP0VIGThY
e_drive,E:\its0513\threads_live_report_0513_2130.xlsx,https://www.threads.com/@jogedong.e/post/DYPXuVLkvk9,jogedong.e/post/DYPXuVLkvk9
e_drive,E:\its0513\threads_live_report_0513_2130.xlsx,https://www.threads.com/@kasiwash/post/DYPjqEnGQBO,kasiwash/post/DYPjqEnGQBO
e_drive,E:\its0513\threads_live_report_0513_2130.xlsx,https://www.threads.com/@lee2.sia/post/DYQUAmalX_M,lee2.sia/post/DYQUAmalX_M
e_drive,E:\its0513\threads_live_report_0513_2130.xlsx,https://www.threads.com/@lomely707/post/DYPXL7Nn8Nb,lomely707/post/DYPXL7Nn8Nb
e_drive,E:\its0513\threads_live_report_0513_2130.xlsx,https://www.threads.com/@mizin_ppo/post/DYQv-z5E8-S,mizin_ppo/post/DYQv-z5E8-S
e_drive,E:\its0513\threads_live_report_0513_2130.xlsx,https://www.threads.com/@newday0225/post/DYPUIOAErO0,newday0225/post/DYPUIOAErO0
e_drive,E:\its0513\threads_live_report_0513_2130.xlsx,https://www.threads.com/@oot_zya/post/DYRgBAhkciG,oot_zya/post/DYRgBAhkciG
e_drive,E:\its0513\threads_live_report_0513_2130.xlsx,https://www.threads.com/@picknyang/post/DYPjwvdE2wk,picknyang/post/DYPjwvdE2wk
e_drive,E:\its0513\threads_live_report_0513_2130.xlsx,https://www.threads.com/@rhal.di00/post/DYQ_AbjH6_u,rhal.di00/post/DYQ_AbjH6_u
e_drive,E:\its0513\threads_live_report_0513_2130.xlsx,https://www.threads.com/@sinnagemake/post/DYPWj0YERr1,sinnagemake/post/DYPWj0YERr1
e_drive,E:\its0513\threads_live_report_0513_2130.xlsx,https://www.threads.com/@skybluepineberry/post/DYPrV2tj3Oj,skybluepineberry/post/DYPrV2tj3Oj
e_drive,E:\its0513\threads_live_report_0513_2130.xlsx,https://www.threads.com/@surim_pick/post/DYRB47sErsh,surim_pick/post/DYRB47sErsh
e_drive,E:\its0513\threads_live_report_0513_2130.xlsx,https://www.threads.com/@takohuha/post/DYPcjIaj-pm,takohuha/post/DYPcjIaj-pm
e_drive,E:\its0513\threads_live_report_0513_2130.xlsx,https://www.threads.com/@treerin100/post/DYQ1rzxAZeo,treerin100/post/DYQ1rzxAZeo
e_drive,E:\its0513\threads_live_report_0513_2130.xlsx,https://www.threads.com/@yaong________/post/DYPY5CnGVJv,yaong________/post/DYPY5CnGVJv
e_drive,E:\its0513\threads_live_report_0513_2130.xlsx,https://www.threads.com/@yks1220__/post/DYQdYRCkqyN,yks1220__/post/DYQdYRCkqyN
e_drive,E:\its0515\threads_live_report_0515_2054.xlsx,https://www.threads.com/@_seheehx_/post/DYHAAjEDR9o,_seheehx_/post/DYHAAjEDR9o
e_drive,E:\its0515\threads_live_report_0515_2054.xlsx,https://www.threads.com/@_seheehx_/post/DYHQ4XQj6jW,_seheehx_/post/DYHQ4XQj6jW
e_drive,E:\its0515\threads_live_report_0515_2054.xlsx,https://www.threads.com/@_seheehx_/post/DYJmzpUDxJK,_seheehx_/post/DYJmzpUDxJK
e_drive,E:\its0515\threads_live_report_0515_2054.xlsx,https://www.threads.com/@_seheehx_/post/DYJqRTIDBnS,_seheehx_/post/DYJqRTIDBnS
e_drive,E:\its0515\threads_live_report_0515_2054.xlsx,https://www.threads.com/@_seheehx_/post/DYLGMLqARdw,_seheehx_/post/DYLGMLqARdw
e_drive,E:\its0515\threads_live_report_0515_2054.xlsx,https://www.threads.com/@_seheehx_/post/DYLNkB_Ey6l,_seheehx_/post/DYLNkB_Ey6l
e_drive,E:\its0515\threads_live_report_0515_2054.xlsx,https://www.threads.com/@_seheehx_/post/DYLQozhE2H9,_seheehx_/post/DYLQozhE2H9
e_drive,E:\its0515\threads_live_report_0515_2054.xlsx,https://www.threads.com/@_seheehx_/post/DYN0Dz3lGTH,_seheehx_/post/DYN0Dz3lGTH
e_drive,E:\its0515\threads_live_report_0515_2054.xlsx,https://www.threads.com/@_seheehx_/post/DYNptmikuaG,_seheehx_/post/DYNptmikuaG
e_drive,E:\its0515\threads_live_report_0515_2054.xlsx,https://www.threads.com/@_seheehx_/post/DYQNK4CEzNh,_seheehx_/post/DYQNK4CEzNh
e_drive,E:\its0515\threads_live_report_0515_2054.xlsx,https://www.threads.com/@_seheehx_/post/DYQUPZYAoJ2,_seheehx_/post/DYQUPZYAoJ2
e_drive,E:\its0515\threads_live_report_0515_2054.xlsx,https://www.threads.com/@_seheehx_/post/DYQVGmCE8cz,_seheehx_/post/DYQVGmCE8cz
e_drive,E:\its0515\threads_live_report_0515_2054.xlsx,https://www.threads.com/@_seheehx_/post/DYQY2Gmj0rQ,_seheehx_/post/DYQY2Gmj0rQ
e_drive,E:\its0515\threads_live_report_0515_2054.xlsx,https://www.threads.com/@_seheehx_/post/DYQmt0klHLw,_seheehx_/post/DYQmt0klHLw
e_drive,E:\its0515\threads_live_report_0515_2054.xlsx,https://www.threads.com/@_seheehx_/post/DYQp9EPDx-7,_seheehx_/post/DYQp9EPDx-7
e_drive,E:\its0515\threads_live_report_0515_2054.xlsx,https://www.threads.com/@_seheehx_/post/DYS0G1Uk9vT,_seheehx_/post/DYS0G1Uk9vT
e_drive,E:\its0515\threads_live_report_0515_2054.xlsx,https://www.threads.com/@_seheehx_/post/DYS4OA_icOg,_seheehx_/post/DYS4OA_icOg
e_drive,E:\its0515\threads_live_report_0515_2054.xlsx,https://www.threads.com/@_seheehx_/post/DYS8wHzEzfC,_seheehx_/post/DYS8wHzEzfC
e_drive,E:\its0515\threads_live_report_0515_2054.xlsx,https://www.threads.com/@_seheehx_/post/DYTBo4EkwNA,_seheehx_/post/DYTBo4EkwNA
e_drive,E:\its0515\threads_live_report_0515_2054.xlsx,https://www.threads.com/@_seheehx_/post/DYTEdB_oDIY,_seheehx_/post/DYTEdB_oDIY
e_drive,E:\its0515\threads_live_report_0515_2054.xlsx,https://www.threads.com/@_seheehx_/post/DYTG06_Cuz3,_seheehx_/post/DYTG06_Cuz3
e_drive,E:\its0515\threads_live_report_0515_2054.xlsx,https://www.threads.com/@arch_dotori/post/DYJu_QND2VL,arch_dotori/post/DYJu_QND2VL
e_drive,E:\its0515\threads_live_report_0515_2054.xlsx,https://www.threads.com/@arch_dotori/post/DYMfexaD_Dg,arch_dotori/post/DYMfexaD_Dg
e_drive,E:\its0515\threads_live_report_0515_2054.xlsx,https://www.threads.com/@arch_dotori/post/DYMlDBUD_qK,arch_dotori/post/DYMlDBUD_qK
e_drive,E:\its0515\threads_live_report_0515_2054.xlsx,https://www.threads.com/@arch_dotori/post/DYNrAFdCWmJ,arch_dotori/post/DYNrAFdCWmJ
e_drive,E:\its0515\threads_live_report_0515_2054.xlsx,https://www.threads.com/@arch_dotori/post/DYQPOkzk4a1,arch_dotori/post/DYQPOkzk4a1
e_drive,E:\its0515\threads_live_report_0515_2054.xlsx,https://www.threads.com/@arch_dotori/post/DYQrY-cj1Kr,arch_dotori/post/DYQrY-cj1Kr
e_drive,E:\its0515\threads_live_report_0515_2054.xlsx,https://www.threads.com/@arch_dotori/post/DYS905hE0-X,arch_dotori/post/DYS905hE0-X
e_drive,E:\its0515\threads_live_report_0515_2054.xlsx,https://www.threads.com/@berry.puffy712/post/DYUHIvpk1lT,berry.puffy712/post/DYUHIvpk1lT
e_drive,E:\its0515\threads_live_report_0515_2054.xlsx,https://www.threads.com/@bori_psy/post/DYV-rmHkevE,bori_psy/post/DYV-rmHkevE
e_drive,E:\its0515\threads_live_report_0515_2054.xlsx,https://www.threads.com/@coco_x_pas/post/DYNoGeRk8aV,coco_x_pas/post/DYNoGeRk8aV
e_drive,E:\its0515\threads_live_report_0515_2054.xlsx,https://www.threads.com/@coco_x_pas/post/DYQUa-9iG_1,coco_x_pas/post/DYQUa-9iG_1
e_drive,E:\its0515\threads_live_report_0515_2054.xlsx,https://www.threads.com/@coco_x_pas/post/DYQjsmAGLjA,coco_x_pas/post/DYQjsmAGLjA
e_drive,E:\its0515\threads_live_report_0515_2054.xlsx,https://www.threads.com/@coco_x_pas/post/DYS5-DnjuRG,coco_x_pas/post/DYS5-DnjuRG
e_drive,E:\its0515\threads_live_report_0515_2054.xlsx,https://www.threads.com/@coco_x_pas/post/DYS8n5JE9_7,coco_x_pas/post/DYS8n5JE9_7
e_drive,E:\its0515\threads_live_report_0515_2054.xlsx,https://www.threads.com/@haru__lee.00/post/DYUlXo4ETyw,haru__lee.00/post/DYUlXo4ETyw
e_drive,E:\its0515\threads_live_report_0515_2054.xlsx,https://www.threads.com/@neenii.pic/post/DYVvA47Dxam,neenii.pic/post/DYVvA47Dxam
e_drive,E:\its0515\threads_live_report_0515_2054.xlsx,https://www.threads.com/@nigiyaka77__/post/DYT53TNDyiN,nigiyaka77__/post/DYT53TNDyiN
e_drive,E:\its0515\threads_live_report_0515_2054.xlsx,https://www.threads.com/@nu_.vvi/post/DYU059vgcWT,nu_.vvi/post/DYU059vgcWT
e_drive,E:\its0515\threads_live_report_0515_2054.xlsx,https://www.threads.com/@stella_shopping98/post/DYVz0R5GJee,stella_shopping98/post/DYVz0R5GJee
e_drive,E:\its0517\threads_live_report_0517_1039.xlsx,https://www.threads.com/@bora260305/post/DYXE7BDE4wl,bora260305/post/DYXE7BDE4wl
e_drive,E:\its0517\threads_live_report_0517_1039.xlsx,https://www.threads.com/@dds_unote/post/DYYnFaXCIkw,dds_unote/post/DYYnFaXCIkw
e_drive,E:\its0517\threads_live_report_0517_1039.xlsx,https://www.threads.com/@dooly_0619/post/DYZ8QYrjxxP,dooly_0619/post/DYZ8QYrjxxP
e_drive,E:\its0517\threads_live_report_0517_1039.xlsx,https://www.threads.com/@everythings365/post/DYYcJthkuch,everythings365/post/DYYcJthkuch
e_drive,E:\its0517\threads_live_report_0517_1039.xlsx,https://www.threads.com/@goom_dool2/post/DYYntqikxum,goom_dool2/post/DYYntqikxum
e_drive,E:\its0517\threads_live_report_0517_1039.xlsx,https://www.threads.com/@happym7777/post/DYXFM9UkvY-,happym7777/post/DYXFM9UkvY-
e_drive,E:\its0517\threads_live_report_0517_1039.xlsx,https://www.threads.com/@kkomi_bear_/post/DYYwKtZEahw,kkomi_bear_/post/DYYwKtZEahw
e_drive,E:\its0517\threads_live_report_0517_1039.xlsx,https://www.threads.com/@kkulmu_/post/DYYt69fEYn5,kkulmu_/post/DYYt69fEYn5
e_drive,E:\its0517\threads_live_report_0517_1039.xlsx,https://www.threads.com/@mizin_ppo/post/DYZq2Bpk1t8,mizin_ppo/post/DYZq2Bpk1t8
e_drive,E:\its0517\threads_live_report_0517_1039.xlsx,https://www.threads.com/@momomo77781/post/DYZjjC0jxxE,momomo77781/post/DYZjjC0jxxE
e_drive,E:\its0517\threads_live_report_0517_1039.xlsx,https://www.threads.com/@moneyphaze/post/DYY_l--kSWN,moneyphaze/post/DYY_l--kSWN
e_drive,E:\its0517\threads_live_report_0517_1039.xlsx,https://www.threads.com/@nyanya_pick/post/DYZqYYoie_w,nyanya_pick/post/DYZqYYoie_w
e_drive,E:\its0517\threads_live_report_0517_1039.xlsx,https://www.threads.com/@ppoyou777/post/DYYicssj8mg,ppoyou777/post/DYYicssj8mg
e_drive,E:\its0517\threads_live_report_0517_1039.xlsx,https://www.threads.com/@purple_bbanana/post/DYYlmmak6FE,purple_bbanana/post/DYYlmmak6FE
e_drive,E:\its0517\threads_live_report_0517_1039.xlsx,https://www.threads.com/@roseeei_i/post/DYY-pC4EscW,roseeei_i/post/DYY-pC4EscW
e_drive,E:\its0517\threads_live_report_0517_1039.xlsx,https://www.threads.com/@rurutcwqe1/post/DYYdQBRiSc1,rurutcwqe1/post/DYYdQBRiSc1
e_drive,E:\its0517\threads_live_report_0517_1039.xlsx,https://www.threads.com/@salim.ttoktem/post/DYYsIOmkfEE,salim.ttoktem/post/DYYsIOmkfEE
e_drive,E:\its0517\threads_live_report_0517_1039.xlsx,https://www.threads.com/@saturday_pet91/post/DYYrfT0HzMG,saturday_pet91/post/DYYrfT0HzMG
e_drive,E:\its0517\threads_live_report_0517_1039.xlsx,https://www.threads.com/@semo_items/post/DYYncqTATY_,semo_items/post/DYYncqTATY_
e_drive,E:\its0517\threads_live_report_0517_1039.xlsx,https://www.threads.com/@siri.us0301/post/DYYmY43D77l,siri.us0301/post/DYYmY43D77l
e_drive,E:\its0517\threads_live_report_0517_1039.xlsx,https://www.threads.com/@soyoumi_77/post/DYYlpXSEdmj,soyoumi_77/post/DYYlpXSEdmj
e_drive,E:\its0517\threads_live_report_0517_1039.xlsx,https://www.threads.com/@sso.sso122/post/DYYsBXtk-E8,sso.sso122/post/DYYsBXtk-E8
e_drive,E:\its0517\threads_live_report_0517_1039.xlsx,https://www.threads.com/@surim_pick/post/DYYerCFEv7D,surim_pick/post/DYYerCFEv7D
e_drive,E:\its0517\threads_live_report_0517_1039.xlsx,https://www.threads.com/@yangddungddang/post/DYZ0Kppj8sF,yangddungddang/post/DYZ0Kppj8sF
e_drive,E:\its0517\threads_live_report_0517_1039.xlsx,https://www.threads.com/@yd113202/post/DYZNTark0pX,yd113202/post/DYZNTark0pX
e_drive,E:\its0518\manual_warmup_2urls_20260518.xlsx,https://www.threads.com/@honeybrze0606/post/DYb2nKdErCk,honeybrze0606/post/DYb2nKdErCk
e_drive,E:\its0518\manual_warmup_2urls_20260518.xlsx,https://www.threads.com/@jooju_couple/post/DYcMFp5EyaK,jooju_couple/post/DYcMFp5EyaK
e_drive,E:\its0518\manual_warmup_2urls_20260518_urlcol.xlsx,https://www.threads.com/@honeybrze0606/post/DYb2nKdErCk,honeybrze0606/post/DYb2nKdErCk
e_drive,E:\its0518\manual_warmup_2urls_20260518_urlcol.xlsx,https://www.threads.com/@jooju_couple/post/DYcMFp5EyaK,jooju_couple/post/DYcMFp5EyaK
e_drive,E:\its0518\manual_warmup_2urls_수동화결과_20260518.xlsx,https://www.threads.com/@honeybrze0606/post/DYb2nKdErCk,honeybrze0606/post/DYb2nKdErCk
e_drive,E:\its0518\manual_warmup_2urls_수동화결과_20260518.xlsx,https://www.threads.com/@honeybrze0606/post/DYb2uTYkm7h,honeybrze0606/post/DYb2uTYkm7h
e_drive,E:\its0518\manual_warmup_2urls_수동화결과_20260518.xlsx,https://www.threads.com/@jooju_couple/post/DYcMFp5EyaK,jooju_couple/post/DYcMFp5EyaK
e_drive,E:\its0518\manual_warmup_2urls_수동화결과_20260518.xlsx,https://www.threads.com/@jooju_couple/post/DYcdTo9E1Rk,jooju_couple/post/DYcdTo9E1Rk
e_drive,E:\its0518\retry_failed_partial_after_0600_20260518.xlsx,https://www.threads.com/@_home_atelier/post/DYbR_S3GNnq,_home_atelier/post/DYbR_S3GNnq
e_drive,E:\its0518\retry_failed_partial_after_0600_20260518.xlsx,https://www.threads.com/@aderella_time_/post/DYbHwqIkfAD,aderella_time_/post/DYbHwqIkfAD
e_drive,E:\its0518\retry_failed_partial_after_0600_20260518.xlsx,https://www.threads.com/@bodyfit_ing/post/DYYlaHlk_5U,bodyfit_ing/post/DYYlaHlk_5U
e_drive,E:\its0518\retry_failed_partial_after_0600_20260518.xlsx,https://www.threads.com/@brainy_beautyy7/post/DYa7EyrD_-L,brainy_beautyy7/post/DYa7EyrD_-L
e_drive,E:\its0518\retry_failed_partial_after_0600_20260518.xlsx,https://www.threads.com/@dayoon7997/post/DYb19BqH9_4,dayoon7997/post/DYb19BqH9_4
e_drive,E:\its0518\retry_failed_partial_after_0600_20260518.xlsx,https://www.threads.com/@honeybrze0606/post/DYb2nKdErCk,honeybrze0606/post/DYb2nKdErCk
e_drive,E:\its0518\retry_failed_partial_after_0600_20260518.xlsx,https://www.threads.com/@hyoss510/post/DYatjVXk6dP,hyoss510/post/DYatjVXk6dP
e_drive,E:\its0518\retry_failed_partial_after_0600_20260518.xlsx,https://www.threads.com/@jooju_couple/post/DYcMFp5EyaK,jooju_couple/post/DYcMFp5EyaK
e_drive,E:\its0518\retry_failed_partial_after_0600_20260518.xlsx,https://www.threads.com/@joylove.510/post/DYba04Oj3iW,joylove.510/post/DYba04Oj3iW
e_drive,E:\its0518\retry_failed_partial_after_0600_20260518.xlsx,https://www.threads.com/@minifox_230303/post/DYcJyYGGbRJ,minifox_230303/post/DYcJyYGGbRJ
e_drive,E:\its0518\retry_failed_partial_after_0600_20260518.xlsx,https://www.threads.com/@momomo77781/post/DYbfPN0j_Gg,momomo77781/post/DYbfPN0j_Gg
e_drive,E:\its0518\retry_failed_partial_after_0600_20260518.xlsx,https://www.threads.com/@moneyphaze/post/DYas1-wAqdT,moneyphaze/post/DYas1-wAqdT
e_drive,E:\its0518\retry_failed_partial_after_0600_20260518.xlsx,https://www.threads.com/@norangbanana9/post/DYcIeUGF5kZ,norangbanana9/post/DYcIeUGF5kZ
e_drive,E:\its0518\retry_failed_partial_after_0600_20260518.xlsx,https://www.threads.com/@rosy.day.211/post/DYbdFJ2lJPW,rosy.day.211/post/DYbdFJ2lJPW
e_drive,E:\its0518\retry_failed_partial_after_0600_20260518.xlsx,https://www.threads.com/@salim_hanzum/post/DYavABCk_bx,salim_hanzum/post/DYavABCk_bx
e_drive,E:\its0518\retry_failed_partial_after_0600_20260518.xlsx,https://www.threads.com/@salim_hanzum/post/DYbrPS8EYVI,salim_hanzum/post/DYbrPS8EYVI
e_drive,E:\its0518\retry_failed_partial_after_0600_20260518.xlsx,https://www.threads.com/@surim_pick/post/DYaytrCkvo_,surim_pick/post/DYaytrCkvo_
e_drive,E:\its0518\retry_remaining_10_20_24_20260518.xlsx,https://www.threads.com/@_home_atelier/post/DYbR_S3GNnq,_home_atelier/post/DYbR_S3GNnq
e_drive,E:\its0518\retry_remaining_10_20_24_20260518.xlsx,https://www.threads.com/@honeybrze0606/post/DYb2nKdErCk,honeybrze0606/post/DYb2nKdErCk
e_drive,E:\its0518\retry_remaining_10_20_24_20260518.xlsx,https://www.threads.com/@jooju_couple/post/DYcMFp5EyaK,jooju_couple/post/DYcMFp5EyaK
e_drive,E:\its0518\retry_remaining_10_20_24_20260518.xlsx,https://www.threads.com/@norangbanana9/post/DYcIeUGF5kZ,norangbanana9/post/DYcIeUGF5kZ
e_drive,E:\its0518\retry_remaining_10_20_24_20260518.xlsx,https://www.threads.com/@rosy.day.211/post/DYbdFJ2lJPW,rosy.day.211/post/DYbdFJ2lJPW
e_drive,E:\its0518\retry_remaining_10_20_24_20260518.xlsx,https://www.threads.com/@salim_hanzum/post/DYbrPS8EYVI,salim_hanzum/post/DYbrPS8EYVI
e_drive,E:\its0518\threads_live_report_0518_0109.xlsx,https://www.threads.com/@_home_atelier/post/DYbR_S3GNnq,_home_atelier/post/DYbR_S3GNnq
e_drive,E:\its0518\threads_live_report_0518_0109.xlsx,https://www.threads.com/@aderella_time_/post/DYbHwqIkfAD,aderella_time_/post/DYbHwqIkfAD
e_drive,E:\its0518\threads_live_report_0518_0109.xlsx,https://www.threads.com/@bodyfit_ing/post/DYYlaHlk_5U,bodyfit_ing/post/DYYlaHlk_5U
e_drive,E:\its0518\threads_live_report_0518_0109.xlsx,https://www.threads.com/@brainy_beautyy7/post/DYa7EyrD_-L,brainy_beautyy7/post/DYa7EyrD_-L
e_drive,E:\its0518\threads_live_report_0518_0109.xlsx,https://www.threads.com/@dayoon7997/post/DYb19BqH9_4,dayoon7997/post/DYb19BqH9_4
e_drive,E:\its0518\threads_live_report_0518_0109.xlsx,https://www.threads.com/@ejj.jje/post/DYb97NWkZr5,ejj.jje/post/DYb97NWkZr5
e_drive,E:\its0518\threads_live_report_0518_0109.xlsx,https://www.threads.com/@getafe.villarreal/post/DYaa6AjEyoT,getafe.villarreal/post/DYaa6AjEyoT
e_drive,E:\its0518\threads_live_report_0518_0109.xlsx,https://www.threads.com/@goom_dool2/post/DYcBu8bk3Ip,goom_dool2/post/DYcBu8bk3Ip
e_drive,E:\its0518\threads_live_report_0518_0109.xlsx,https://www.threads.com/@honeybrze0606/post/DYb2nKdErCk,honeybrze0606/post/DYb2nKdErCk
e_drive,E:\its0518\threads_live_report_0518_0109.xlsx,https://www.threads.com/@hyoss510/post/DYatjVXk6dP,hyoss510/post/DYatjVXk6dP
e_drive,E:\its0518\threads_live_report_0518_0109.xlsx,https://www.threads.com/@jooju_couple/post/DYcMFp5EyaK,jooju_couple/post/DYcMFp5EyaK
e_drive,E:\its0518\threads_live_report_0518_0109.xlsx,https://www.threads.com/@joylove.510/post/DYba04Oj3iW,joylove.510/post/DYba04Oj3iW
e_drive,E:\its0518\threads_live_report_0518_0109.xlsx,https://www.threads.com/@minifox_230303/post/DYcJyYGGbRJ,minifox_230303/post/DYcJyYGGbRJ
e_drive,E:\its0518\threads_live_report_0518_0109.xlsx,https://www.threads.com/@momomo77781/post/DYbfPN0j_Gg,momomo77781/post/DYbfPN0j_Gg
e_drive,E:\its0518\threads_live_report_0518_0109.xlsx,https://www.threads.com/@moneyphaze/post/DYas1-wAqdT,moneyphaze/post/DYas1-wAqdT
e_drive,E:\its0518\threads_live_report_0518_0109.xlsx,https://www.threads.com/@norangbanana9/post/DYcIeUGF5kZ,norangbanana9/post/DYcIeUGF5kZ
e_drive,E:\its0518\threads_live_report_0518_0109.xlsx,https://www.threads.com/@pony__27/post/DYbUsbcmG1x,pony__27/post/DYbUsbcmG1x
e_drive,E:\its0518\threads_live_report_0518_0109.xlsx,https://www.threads.com/@rosy.day.211/post/DYbdFJ2lJPW,rosy.day.211/post/DYbdFJ2lJPW
e_drive,E:\its0518\threads_live_report_0518_0109.xlsx,https://www.threads.com/@salim_hanzum/post/DYavABCk_bx,salim_hanzum/post/DYavABCk_bx
e_drive,E:\its0518\threads_live_report_0518_0109.xlsx,https://www.threads.com/@salim_hanzum/post/DYbrPS8EYVI,salim_hanzum/post/DYbrPS8EYVI
e_drive,E:\its0518\threads_live_report_0518_0109.xlsx,https://www.threads.com/@story_unofficial/post/DYbuMU7kzG0,story_unofficial/post/DYbuMU7kzG0
e_drive,E:\its0518\threads_live_report_0518_0109.xlsx,https://www.threads.com/@surim_pick/post/DYaytrCkvo_,surim_pick/post/DYaytrCkvo_
e_drive,E:\its0518\threads_live_report_0518_0109.xlsx,https://www.threads.com/@surim_pick/post/DYcY4SzEns4,surim_pick/post/DYcY4SzEns4
e_drive,E:\its0518\threads_live_report_0518_0109.xlsx,https://www.threads.com/@today_pick24/post/DYXA-LXkxww,today_pick24/post/DYXA-LXkxww
e_drive,E:\its0519-2\failed_manual_result_0519_after_dom_patch.xlsx,https://www.threads.com/@22_______j/post/DYeRyhPmbbG,22_______j/post/DYeRyhPmbbG
e_drive,E:\its0519-2\failed_manual_result_0519_after_dom_patch.xlsx,https://www.threads.com/@22_______j/post/DYeWXVEGWId,22_______j/post/DYeWXVEGWId
e_drive,E:\its0519-2\failed_manual_result_0519_after_dom_patch.xlsx,https://www.threads.com/@ara.mochi.daily/post/DYedA5Jid3R,ara.mochi.daily/post/DYedA5Jid3R
e_drive,E:\its0519-2\failed_manual_result_0519_after_dom_patch.xlsx,https://www.threads.com/@ara.mochi.daily/post/DYedAqjCerJ,ara.mochi.daily/post/DYedAqjCerJ
e_drive,E:\its0519-2\failed_manual_result_0519_after_dom_patch.xlsx,https://www.threads.com/@dailyitemlab/post/DYe3MCWEQrl,dailyitemlab/post/DYe3MCWEQrl
e_drive,E:\its0519-2\failed_manual_result_0519_after_dom_patch.xlsx,https://www.threads.com/@dailyitemlab/post/DYe6QK9kUcU,dailyitemlab/post/DYe6QK9kUcU
e_drive,E:\its0519-2\failed_manual_result_0519_after_dom_patch.xlsx,https://www.threads.com/@ga_ggom92/post/DYgXJpKE7Om,ga_ggom92/post/DYgXJpKE7Om
e_drive,E:\its0519-2\failed_manual_result_0519_after_dom_patch.xlsx,https://www.threads.com/@ga_ggom92/post/DYgXWOjk4Gm,ga_ggom92/post/DYgXWOjk4Gm
e_drive,E:\its0519-2\failed_manual_result_0519_after_dom_patch.xlsx,https://www.threads.com/@gongkalm/post/DYesZd4j7yV,gongkalm/post/DYesZd4j7yV
e_drive,E:\its0519-2\failed_manual_result_0519_after_dom_patch.xlsx,https://www.threads.com/@gongkalm/post/DYesZiyD0tq,gongkalm/post/DYesZiyD0tq
e_drive,E:\its0519-2\failed_manual_result_0519_after_dom_patch.xlsx,https://www.threads.com/@goom_dool2/post/DYe9FMeE8FA,goom_dool2/post/DYe9FMeE8FA
e_drive,E:\its0519-2\failed_manual_result_0519_after_dom_patch.xlsx,https://www.threads.com/@goom_dool2/post/DYe9FdjE-L1,goom_dool2/post/DYe9FdjE-L1
e_drive,E:\its0519-2\failed_manual_result_0519_after_dom_patch.xlsx,https://www.threads.com/@haru__lee.00/post/DYeR4F3iKJO,haru__lee.00/post/DYeR4F3iKJO
e_drive,E:\its0519-2\failed_manual_result_0519_after_dom_patch.xlsx,https://www.threads.com/@haru__lee.00/post/DYeR5npnzag,haru__lee.00/post/DYeR5npnzag
e_drive,E:\its0519-2\failed_manual_result_0519_after_dom_patch.xlsx,https://www.threads.com/@home_ggu_/post/DYfA0M1kagk,home_ggu_/post/DYfA0M1kagk
e_drive,E:\its0519-2\failed_manual_result_0519_after_dom_patch.xlsx,https://www.threads.com/@latinus_us/post/DYfezRzGIbp,latinus_us/post/DYfezRzGIbp
e_drive,E:\its0519-2\failed_manual_result_0519_after_dom_patch.xlsx,https://www.threads.com/@lovebok79/post/DYdobZWGeV5,lovebok79/post/DYdobZWGeV5
e_drive,E:\its0519-2\failed_manual_result_0519_after_dom_patch.xlsx,https://www.threads.com/@lovebok79/post/DYdobohGQz8,lovebok79/post/DYdobohGQz8
e_drive,E:\its0519-2\failed_manual_result_0519_after_dom_patch.xlsx,https://www.threads.com/@loyyu668/post/DYeL-TMAECb,loyyu668/post/DYeL-TMAECb
e_drive,E:\its0519-2\failed_manual_result_0519_after_dom_patch.xlsx,https://www.threads.com/@loyyu668/post/DYeL_HcAEB1,loyyu668/post/DYeL_HcAEB1
e_drive,E:\its0519-2\failed_manual_result_0519_after_dom_patch.xlsx,https://www.threads.com/@loyyu668/post/DYegOqNktaM,loyyu668/post/DYegOqNktaM
e_drive,E:\its0519-2\failed_manual_result_0519_after_dom_patch.xlsx,https://www.threads.com/@loyyu668/post/DYegP0uEofi,loyyu668/post/DYegP0uEofi
e_drive,E:\its0519-2\failed_manual_result_0519_after_dom_patch.xlsx,https://www.threads.com/@moneyphaze/post/DYeq01miRP2,moneyphaze/post/DYeq01miRP2
e_drive,E:\its0519-2\failed_manual_result_0519_after_dom_patch.xlsx,https://www.threads.com/@moneyphaze/post/DYeq1KdCegu,moneyphaze/post/DYeq1KdCegu
e_drive,E:\its0519-2\failed_manual_result_0519_after_dom_patch.xlsx,https://www.threads.com/@pickme_tem/post/DYfpu4SE7sU,pickme_tem/post/DYfpu4SE7sU
e_drive,E:\its0519-2\failed_manual_result_0519_after_dom_patch.xlsx,https://www.threads.com/@pickme_tem/post/DYfqBJ-E4lQ,pickme_tem/post/DYfqBJ-E4lQ
e_drive,E:\its0519-2\failed_manual_result_0519_after_dom_patch.xlsx,https://www.threads.com/@picky_nana/post/DYe0Ti1krKF,picky_nana/post/DYe0Ti1krKF
e_drive,E:\its0519-2\failed_manual_result_0519_after_dom_patch.xlsx,https://www.threads.com/@picky_nana/post/DYe0oCFkkqY,picky_nana/post/DYe0oCFkkqY
e_drive,E:\its0519-2\failed_manual_result_0519_after_dom_patch.xlsx,https://www.threads.com/@pink_kittykk/post/DYeh4GgEahs,pink_kittykk/post/DYeh4GgEahs
e_drive,E:\its0519-2\failed_manual_result_0519_after_dom_patch.xlsx,https://www.threads.com/@pink_kittykk/post/DYehvl-kXfb,pink_kittykk/post/DYehvl-kXfb
e_drive,E:\its0519-2\failed_manual_result_0519_after_dom_patch.xlsx,https://www.threads.com/@rosy.day.211/post/DYemTTAlDRg,rosy.day.211/post/DYemTTAlDRg
e_drive,E:\its0519-2\failed_manual_result_0519_after_dom_patch.xlsx,https://www.threads.com/@rosy.day.211/post/DYemTpUFOiy,rosy.day.211/post/DYemTpUFOiy
e_drive,E:\its0519-2\failed_manual_result_0519_after_dom_patch.xlsx,https://www.threads.com/@seo_yoon_it/post/DYe6KX9kur1,seo_yoon_it/post/DYe6KX9kur1
e_drive,E:\its0519-2\failed_manual_result_0519_after_dom_patch.xlsx,https://www.threads.com/@seo_yoon_it/post/DYe6OGbkvah,seo_yoon_it/post/DYe6OGbkvah
e_drive,E:\its0519-2\failed_manual_result_0519_after_dom_patch.xlsx,https://www.threads.com/@surim_pick/post/DYeVtIbDvjv,surim_pick/post/DYeVtIbDvjv
e_drive,E:\its0519-2\failed_manual_result_0519_after_dom_patch.xlsx,https://www.threads.com/@the_savannah/post/DYghJSgk73X,the_savannah/post/DYghJSgk73X
e_drive,E:\its0519-2\failed_manual_result_0519_after_dom_patch.xlsx,https://www.threads.com/@unique._.it/post/DYeLoKSkXuR,unique._.it/post/DYeLoKSkXuR
e_drive,E:\its0519-2\failed_manual_result_0519_after_dom_patch.xlsx,https://www.threads.com/@unique._.it/post/DYeLosrEfLW,unique._.it/post/DYeLosrEfLW
e_drive,E:\its0519-2\failed_manual_upload_body_ready_18_0519.xlsx,https://www.threads.com/@22_______j/post/DYeRyhPmbbG,22_______j/post/DYeRyhPmbbG
e_drive,E:\its0519-2\failed_manual_upload_body_ready_18_0519.xlsx,https://www.threads.com/@22_______j/post/DYeWXVEGWId,22_______j/post/DYeWXVEGWId
e_drive,E:\its0519-2\failed_manual_upload_body_ready_18_0519.xlsx,https://www.threads.com/@ara.mochi.daily/post/DYedA5Jid3R,ara.mochi.daily/post/DYedA5Jid3R
e_drive,E:\its0519-2\failed_manual_upload_body_ready_18_0519.xlsx,https://www.threads.com/@ara.mochi.daily/post/DYedAqjCerJ,ara.mochi.daily/post/DYedAqjCerJ
e_drive,E:\its0519-2\failed_manual_upload_body_ready_18_0519.xlsx,https://www.threads.com/@dailyitemlab/post/DYe3MCWEQrl,dailyitemlab/post/DYe3MCWEQrl
e_drive,E:\its0519-2\failed_manual_upload_body_ready_18_0519.xlsx,https://www.threads.com/@dailyitemlab/post/DYe6QK9kUcU,dailyitemlab/post/DYe6QK9kUcU
e_drive,E:\its0519-2\failed_manual_upload_body_ready_18_0519.xlsx,https://www.threads.com/@ga_ggom92/post/DYgXJpKE7Om,ga_ggom92/post/DYgXJpKE7Om
e_drive,E:\its0519-2\failed_manual_upload_body_ready_18_0519.xlsx,https://www.threads.com/@ga_ggom92/post/DYgXWOjk4Gm,ga_ggom92/post/DYgXWOjk4Gm
e_drive,E:\its0519-2\failed_manual_upload_body_ready_18_0519.xlsx,https://www.threads.com/@gongkalm/post/DYesZd4j7yV,gongkalm/post/DYesZd4j7yV
e_drive,E:\its0519-2\failed_manual_upload_body_ready_18_0519.xlsx,https://www.threads.com/@gongkalm/post/DYesZiyD0tq,gongkalm/post/DYesZiyD0tq
e_drive,E:\its0519-2\failed_manual_upload_body_ready_18_0519.xlsx,https://www.threads.com/@goom_dool2/post/DYe9FMeE8FA,goom_dool2/post/DYe9FMeE8FA
e_drive,E:\its0519-2\failed_manual_upload_body_ready_18_0519.xlsx,https://www.threads.com/@goom_dool2/post/DYe9FdjE-L1,goom_dool2/post/DYe9FdjE-L1
e_drive,E:\its0519-2\failed_manual_upload_body_ready_18_0519.xlsx,https://www.threads.com/@haru__lee.00/post/DYeR4F3iKJO,haru__lee.00/post/DYeR4F3iKJO
e_drive,E:\its0519-2\failed_manual_upload_body_ready_18_0519.xlsx,https://www.threads.com/@haru__lee.00/post/DYeR5npnzag,haru__lee.00/post/DYeR5npnzag
e_drive,E:\its0519-2\failed_manual_upload_body_ready_18_0519.xlsx,https://www.threads.com/@home_ggu_/post/DYfA0M1kagk,home_ggu_/post/DYfA0M1kagk
e_drive,E:\its0519-2\failed_manual_upload_body_ready_18_0519.xlsx,https://www.threads.com/@lovebok79/post/DYdobZWGeV5,lovebok79/post/DYdobZWGeV5
e_drive,E:\its0519-2\failed_manual_upload_body_ready_18_0519.xlsx,https://www.threads.com/@lovebok79/post/DYdobohGQz8,lovebok79/post/DYdobohGQz8
e_drive,E:\its0519-2\failed_manual_upload_body_ready_18_0519.xlsx,https://www.threads.com/@loyyu668/post/DYeL-TMAECb,loyyu668/post/DYeL-TMAECb
e_drive,E:\its0519-2\failed_manual_upload_body_ready_18_0519.xlsx,https://www.threads.com/@loyyu668/post/DYeL_HcAEB1,loyyu668/post/DYeL_HcAEB1
e_drive,E:\its0519-2\failed_manual_upload_body_ready_18_0519.xlsx,https://www.threads.com/@loyyu668/post/DYegOqNktaM,loyyu668/post/DYegOqNktaM
e_drive,E:\its0519-2\failed_manual_upload_body_ready_18_0519.xlsx,https://www.threads.com/@loyyu668/post/DYegP0uEofi,loyyu668/post/DYegP0uEofi
e_drive,E:\its0519-2\failed_manual_upload_body_ready_18_0519.xlsx,https://www.threads.com/@moneyphaze/post/DYeq01miRP2,moneyphaze/post/DYeq01miRP2
e_drive,E:\its0519-2\failed_manual_upload_body_ready_18_0519.xlsx,https://www.threads.com/@moneyphaze/post/DYeq1KdCegu,moneyphaze/post/DYeq1KdCegu
e_drive,E:\its0519-2\failed_manual_upload_body_ready_18_0519.xlsx,https://www.threads.com/@pickme_tem/post/DYfpu4SE7sU,pickme_tem/post/DYfpu4SE7sU
e_drive,E:\its0519-2\failed_manual_upload_body_ready_18_0519.xlsx,https://www.threads.com/@pickme_tem/post/DYfqBJ-E4lQ,pickme_tem/post/DYfqBJ-E4lQ
e_drive,E:\its0519-2\failed_manual_upload_body_ready_18_0519.xlsx,https://www.threads.com/@picky_nana/post/DYe0Ti1krKF,picky_nana/post/DYe0Ti1krKF
e_drive,E:\its0519-2\failed_manual_upload_body_ready_18_0519.xlsx,https://www.threads.com/@picky_nana/post/DYe0oCFkkqY,picky_nana/post/DYe0oCFkkqY
e_drive,E:\its0519-2\failed_manual_upload_body_ready_18_0519.xlsx,https://www.threads.com/@pink_kittykk/post/DYeh4GgEahs,pink_kittykk/post/DYeh4GgEahs
e_drive,E:\its0519-2\failed_manual_upload_body_ready_18_0519.xlsx,https://www.threads.com/@pink_kittykk/post/DYehvl-kXfb,pink_kittykk/post/DYehvl-kXfb
e_drive,E:\its0519-2\failed_manual_upload_body_ready_18_0519.xlsx,https://www.threads.com/@rosy.day.211/post/DYemTTAlDRg,rosy.day.211/post/DYemTTAlDRg
e_drive,E:\its0519-2\failed_manual_upload_body_ready_18_0519.xlsx,https://www.threads.com/@rosy.day.211/post/DYemTpUFOiy,rosy.day.211/post/DYemTpUFOiy
e_drive,E:\its0519-2\failed_manual_upload_body_ready_18_0519.xlsx,https://www.threads.com/@seo_yoon_it/post/DYe6KX9kur1,seo_yoon_it/post/DYe6KX9kur1
e_drive,E:\its0519-2\failed_manual_upload_body_ready_18_0519.xlsx,https://www.threads.com/@seo_yoon_it/post/DYe6OGbkvah,seo_yoon_it/post/DYe6OGbkvah
e_drive,E:\its0519-2\failed_manual_upload_body_ready_18_0519.xlsx,https://www.threads.com/@the_savannah/post/DYghJSgk73X,the_savannah/post/DYghJSgk73X
e_drive,E:\its0519-2\failed_manual_upload_body_ready_18_0519.xlsx,https://www.threads.com/@unique._.it/post/DYeLoKSkXuR,unique._.it/post/DYeLoKSkXuR
e_drive,E:\its0519-2\failed_manual_upload_body_ready_18_0519.xlsx,https://www.threads.com/@unique._.it/post/DYeLosrEfLW,unique._.it/post/DYeLosrEfLW
e_drive,E:\its0519-2\failed_manual_upload_ready_17_0519.xlsx,https://www.threads.com/@22_______j/post/DYeRyhPmbbG,22_______j/post/DYeRyhPmbbG
e_drive,E:\its0519-2\failed_manual_upload_ready_17_0519.xlsx,https://www.threads.com/@22_______j/post/DYeWXVEGWId,22_______j/post/DYeWXVEGWId
e_drive,E:\its0519-2\failed_manual_upload_ready_17_0519.xlsx,https://www.threads.com/@ara.mochi.daily/post/DYedA5Jid3R,ara.mochi.daily/post/DYedA5Jid3R
e_drive,E:\its0519-2\failed_manual_upload_ready_17_0519.xlsx,https://www.threads.com/@ara.mochi.daily/post/DYedAqjCerJ,ara.mochi.daily/post/DYedAqjCerJ
e_drive,E:\its0519-2\failed_manual_upload_ready_17_0519.xlsx,https://www.threads.com/@dailyitemlab/post/DYe3MCWEQrl,dailyitemlab/post/DYe3MCWEQrl
e_drive,E:\its0519-2\failed_manual_upload_ready_17_0519.xlsx,https://www.threads.com/@dailyitemlab/post/DYe6QK9kUcU,dailyitemlab/post/DYe6QK9kUcU
e_drive,E:\its0519-2\failed_manual_upload_ready_17_0519.xlsx,https://www.threads.com/@ga_ggom92/post/DYgXJpKE7Om,ga_ggom92/post/DYgXJpKE7Om
e_drive,E:\its0519-2\failed_manual_upload_ready_17_0519.xlsx,https://www.threads.com/@ga_ggom92/post/DYgXWOjk4Gm,ga_ggom92/post/DYgXWOjk4Gm
e_drive,E:\its0519-2\failed_manual_upload_ready_17_0519.xlsx,https://www.threads.com/@gongkalm/post/DYesZd4j7yV,gongkalm/post/DYesZd4j7yV
e_drive,E:\its0519-2\failed_manual_upload_ready_17_0519.xlsx,https://www.threads.com/@gongkalm/post/DYesZiyD0tq,gongkalm/post/DYesZiyD0tq
e_drive,E:\its0519-2\failed_manual_upload_ready_17_0519.xlsx,https://www.threads.com/@goom_dool2/post/DYe9FMeE8FA,goom_dool2/post/DYe9FMeE8FA
e_drive,E:\its0519-2\failed_manual_upload_ready_17_0519.xlsx,https://www.threads.com/@goom_dool2/post/DYe9FdjE-L1,goom_dool2/post/DYe9FdjE-L1
e_drive,E:\its0519-2\failed_manual_upload_ready_17_0519.xlsx,https://www.threads.com/@haru__lee.00/post/DYeR4F3iKJO,haru__lee.00/post/DYeR4F3iKJO
e_drive,E:\its0519-2\failed_manual_upload_ready_17_0519.xlsx,https://www.threads.com/@haru__lee.00/post/DYeR5npnzag,haru__lee.00/post/DYeR5npnzag
e_drive,E:\its0519-2\failed_manual_upload_ready_17_0519.xlsx,https://www.threads.com/@lovebok79/post/DYdobZWGeV5,lovebok79/post/DYdobZWGeV5
e_drive,E:\its0519-2\failed_manual_upload_ready_17_0519.xlsx,https://www.threads.com/@lovebok79/post/DYdobohGQz8,lovebok79/post/DYdobohGQz8
e_drive,E:\its0519-2\failed_manual_upload_ready_17_0519.xlsx,https://www.threads.com/@loyyu668/post/DYeL-TMAECb,loyyu668/post/DYeL-TMAECb
e_drive,E:\its0519-2\failed_manual_upload_ready_17_0519.xlsx,https://www.threads.com/@loyyu668/post/DYeL_HcAEB1,loyyu668/post/DYeL_HcAEB1
e_drive,E:\its0519-2\failed_manual_upload_ready_17_0519.xlsx,https://www.threads.com/@loyyu668/post/DYegOqNktaM,loyyu668/post/DYegOqNktaM
e_drive,E:\its0519-2\failed_manual_upload_ready_17_0519.xlsx,https://www.threads.com/@loyyu668/post/DYegP0uEofi,loyyu668/post/DYegP0uEofi
e_drive,E:\its0519-2\failed_manual_upload_ready_17_0519.xlsx,https://www.threads.com/@moneyphaze/post/DYeq01miRP2,moneyphaze/post/DYeq01miRP2
e_drive,E:\its0519-2\failed_manual_upload_ready_17_0519.xlsx,https://www.threads.com/@moneyphaze/post/DYeq1KdCegu,moneyphaze/post/DYeq1KdCegu
e_drive,E:\its0519-2\failed_manual_upload_ready_17_0519.xlsx,https://www.threads.com/@pickme_tem/post/DYfpu4SE7sU,pickme_tem/post/DYfpu4SE7sU
e_drive,E:\its0519-2\failed_manual_upload_ready_17_0519.xlsx,https://www.threads.com/@pickme_tem/post/DYfqBJ-E4lQ,pickme_tem/post/DYfqBJ-E4lQ
e_drive,E:\its0519-2\failed_manual_upload_ready_17_0519.xlsx,https://www.threads.com/@picky_nana/post/DYe0Ti1krKF,picky_nana/post/DYe0Ti1krKF
e_drive,E:\its0519-2\failed_manual_upload_ready_17_0519.xlsx,https://www.threads.com/@picky_nana/post/DYe0oCFkkqY,picky_nana/post/DYe0oCFkkqY
e_drive,E:\its0519-2\failed_manual_upload_ready_17_0519.xlsx,https://www.threads.com/@pink_kittykk/post/DYeh4GgEahs,pink_kittykk/post/DYeh4GgEahs
e_drive,E:\its0519-2\failed_manual_upload_ready_17_0519.xlsx,https://www.threads.com/@pink_kittykk/post/DYehvl-kXfb,pink_kittykk/post/DYehvl-kXfb
e_drive,E:\its0519-2\failed_manual_upload_ready_17_0519.xlsx,https://www.threads.com/@rosy.day.211/post/DYemTTAlDRg,rosy.day.211/post/DYemTTAlDRg
e_drive,E:\its0519-2\failed_manual_upload_ready_17_0519.xlsx,https://www.threads.com/@rosy.day.211/post/DYemTpUFOiy,rosy.day.211/post/DYemTpUFOiy
e_drive,E:\its0519-2\failed_manual_upload_ready_17_0519.xlsx,https://www.threads.com/@seo_yoon_it/post/DYe6KX9kur1,seo_yoon_it/post/DYe6KX9kur1
e_drive,E:\its0519-2\failed_manual_upload_ready_17_0519.xlsx,https://www.threads.com/@seo_yoon_it/post/DYe6OGbkvah,seo_yoon_it/post/DYe6OGbkvah
e_drive,E:\its0519-2\failed_manual_upload_ready_17_0519.xlsx,https://www.threads.com/@unique._.it/post/DYeLoKSkXuR,unique._.it/post/DYeLoKSkXuR
e_drive,E:\its0519-2\failed_manual_upload_ready_17_0519.xlsx,https://www.threads.com/@unique._.it/post/DYeLosrEfLW,unique._.it/post/DYeLosrEfLW
e_drive,E:\its0519-2\retry_probe_one_row6_0519.xlsx,https://www.threads.com/@ga_ggom92/post/DYgXJpKE7Om,ga_ggom92/post/DYgXJpKE7Om
e_drive,E:\its0519-2\retry_rest_after_probe_row6_0519.xlsx,https://www.threads.com/@22_______j/post/DYeRyhPmbbG,22_______j/post/DYeRyhPmbbG
e_drive,E:\its0519-2\retry_rest_after_probe_row6_0519.xlsx,https://www.threads.com/@ara.mochi.daily/post/DYedA5Jid3R,ara.mochi.daily/post/DYedA5Jid3R
e_drive,E:\its0519-2\retry_rest_after_probe_row6_0519.xlsx,https://www.threads.com/@dailyitemlab/post/DYe3MCWEQrl,dailyitemlab/post/DYe3MCWEQrl
e_drive,E:\its0519-2\retry_rest_after_probe_row6_0519.xlsx,https://www.threads.com/@gongkalm/post/DYesZd4j7yV,gongkalm/post/DYesZd4j7yV
e_drive,E:\its0519-2\retry_rest_after_probe_row6_0519.xlsx,https://www.threads.com/@goom_dool2/post/DYe9FdjE-L1,goom_dool2/post/DYe9FdjE-L1
e_drive,E:\its0519-2\retry_rest_after_probe_row6_0519.xlsx,https://www.threads.com/@haru__lee.00/post/DYeR4F3iKJO,haru__lee.00/post/DYeR4F3iKJO
e_drive,E:\its0519-2\retry_rest_after_probe_row6_0519.xlsx,https://www.threads.com/@home_ggu_/post/DYfA0M1kagk,home_ggu_/post/DYfA0M1kagk
e_drive,E:\its0519-2\retry_rest_after_probe_row6_0519.xlsx,https://www.threads.com/@lovebok79/post/DYdobohGQz8,lovebok79/post/DYdobohGQz8
e_drive,E:\its0519-2\retry_rest_after_probe_row6_0519.xlsx,https://www.threads.com/@loyyu668/post/DYeL-TMAECb,loyyu668/post/DYeL-TMAECb
e_drive,E:\its0519-2\retry_rest_after_probe_row6_0519.xlsx,https://www.threads.com/@loyyu668/post/DYegOqNktaM,loyyu668/post/DYegOqNktaM
e_drive,E:\its0519-2\retry_rest_after_probe_row6_0519.xlsx,https://www.threads.com/@moneyphaze/post/DYeq1KdCegu,moneyphaze/post/DYeq1KdCegu
e_drive,E:\its0519-2\retry_rest_after_probe_row6_0519.xlsx,https://www.threads.com/@pickme_tem/post/DYfpu4SE7sU,pickme_tem/post/DYfpu4SE7sU
e_drive,E:\its0519-2\retry_rest_after_probe_row6_0519.xlsx,https://www.threads.com/@picky_nana/post/DYe0Ti1krKF,picky_nana/post/DYe0Ti1krKF
e_drive,E:\its0519-2\retry_rest_after_probe_row6_0519.xlsx,https://www.threads.com/@pink_kittykk/post/DYehvl-kXfb,pink_kittykk/post/DYehvl-kXfb
e_drive,E:\its0519-2\retry_rest_after_probe_row6_0519.xlsx,https://www.threads.com/@rosy.day.211/post/DYemTpUFOiy,rosy.day.211/post/DYemTpUFOiy
e_drive,E:\its0519-2\retry_rest_after_probe_row6_0519.xlsx,https://www.threads.com/@seo_yoon_it/post/DYe6KX9kur1,seo_yoon_it/post/DYe6KX9kur1
e_drive,E:\its0519-2\retry_rest_after_probe_row6_0519.xlsx,https://www.threads.com/@surim_pick/post/DYeVtIbDvjv,surim_pick/post/DYeVtIbDvjv
e_drive,E:\its0519-2\retry_rest_after_probe_row6_0519.xlsx,https://www.threads.com/@unique._.it/post/DYeLoKSkXuR,unique._.it/post/DYeLoKSkXuR
e_drive,E:\its0519-2\threads_live_report_0519_1644.xlsx,https://www.threads.com/@ara.mochi.daily/post/DYedA5Jid3R,ara.mochi.daily/post/DYedA5Jid3R
e_drive,E:\its0519-2\threads_live_report_0519_1644.xlsx,https://www.threads.com/@dailyitemlab/post/DYe3MCWEQrl,dailyitemlab/post/DYe3MCWEQrl
e_drive,E:\its0519-2\threads_live_report_0519_1644.xlsx,https://www.threads.com/@ga_ggom92/post/DYgXJpKE7Om,ga_ggom92/post/DYgXJpKE7Om
e_drive,E:\its0519-2\threads_live_report_0519_1644.xlsx,https://www.threads.com/@goom_dool2/post/DYe9FdjE-L1,goom_dool2/post/DYe9FdjE-L1
e_drive,E:\its0519-2\threads_live_report_0519_1644.xlsx,https://www.threads.com/@haru__lee.00/post/DYeR4F3iKJO,haru__lee.00/post/DYeR4F3iKJO
e_drive,E:\its0519-2\threads_live_report_0519_1644.xlsx,https://www.threads.com/@home_ggu_/post/DYfA0M1kagk,home_ggu_/post/DYfA0M1kagk
e_drive,E:\its0519-2\threads_live_report_0519_1644.xlsx,https://www.threads.com/@loyyu668/post/DYeL-TMAECb,loyyu668/post/DYeL-TMAECb
e_drive,E:\its0519-2\threads_live_report_0519_1644.xlsx,https://www.threads.com/@loyyu668/post/DYegOqNktaM,loyyu668/post/DYegOqNktaM
e_drive,E:\its0519-2\threads_live_report_0519_1644.xlsx,https://www.threads.com/@moneyphaze/post/DYeq1KdCegu,moneyphaze/post/DYeq1KdCegu
e_drive,E:\its0519-2\threads_live_report_0519_1644.xlsx,https://www.threads.com/@pickme_tem/post/DYfpu4SE7sU,pickme_tem/post/DYfpu4SE7sU
e_drive,E:\its0519-2\threads_live_report_0519_1644.xlsx,https://www.threads.com/@picky_nana/post/DYe0Ti1krKF,picky_nana/post/DYe0Ti1krKF
e_drive,E:\its0519-2\threads_live_report_0519_1644.xlsx,https://www.threads.com/@pink_kittykk/post/DYehvl-kXfb,pink_kittykk/post/DYehvl-kXfb
e_drive,E:\its0519-2\threads_live_report_0519_1644.xlsx,https://www.threads.com/@rosy.day.211/post/DYemTpUFOiy,rosy.day.211/post/DYemTpUFOiy
e_drive,E:\its0519-2\threads_live_report_0519_1644.xlsx,https://www.threads.com/@seo_yoon_it/post/DYe6KX9kur1,seo_yoon_it/post/DYe6KX9kur1
e_drive,E:\its0519-2\threads_live_report_0519_1644.xlsx,https://www.threads.com/@unique._.it/post/DYeLoKSkXuR,unique._.it/post/DYeLoKSkXuR
e_drive,E:\its0519-2\upload_failed_plus_new_0519_1650.xlsx,https://www.threads.com/@22_______j/post/DYeRyhPmbbG,22_______j/post/DYeRyhPmbbG
e_drive,E:\its0519-2\upload_failed_plus_new_0519_1650.xlsx,https://www.threads.com/@ara.mochi.daily/post/DYedA5Jid3R,ara.mochi.daily/post/DYedA5Jid3R
e_drive,E:\its0519-2\upload_failed_plus_new_0519_1650.xlsx,https://www.threads.com/@dailyitemlab/post/DYe3MCWEQrl,dailyitemlab/post/DYe3MCWEQrl
e_drive,E:\its0519-2\upload_failed_plus_new_0519_1650.xlsx,https://www.threads.com/@ga_ggom92/post/DYgXJpKE7Om,ga_ggom92/post/DYgXJpKE7Om
e_drive,E:\its0519-2\upload_failed_plus_new_0519_1650.xlsx,https://www.threads.com/@gongkalm/post/DYesZd4j7yV,gongkalm/post/DYesZd4j7yV
e_drive,E:\its0519-2\upload_failed_plus_new_0519_1650.xlsx,https://www.threads.com/@goom_dool2/post/DYe9FdjE-L1,goom_dool2/post/DYe9FdjE-L1
e_drive,E:\its0519-2\upload_failed_plus_new_0519_1650.xlsx,https://www.threads.com/@haru__lee.00/post/DYeR4F3iKJO,haru__lee.00/post/DYeR4F3iKJO
e_drive,E:\its0519-2\upload_failed_plus_new_0519_1650.xlsx,https://www.threads.com/@home_ggu_/post/DYfA0M1kagk,home_ggu_/post/DYfA0M1kagk
e_drive,E:\its0519-2\upload_failed_plus_new_0519_1650.xlsx,https://www.threads.com/@lovebok79/post/DYdobohGQz8,lovebok79/post/DYdobohGQz8
e_drive,E:\its0519-2\upload_failed_plus_new_0519_1650.xlsx,https://www.threads.com/@loyyu668/post/DYeL-TMAECb,loyyu668/post/DYeL-TMAECb
e_drive,E:\its0519-2\upload_failed_plus_new_0519_1650.xlsx,https://www.threads.com/@loyyu668/post/DYegOqNktaM,loyyu668/post/DYegOqNktaM
e_drive,E:\its0519-2\upload_failed_plus_new_0519_1650.xlsx,https://www.threads.com/@moneyphaze/post/DYeq1KdCegu,moneyphaze/post/DYeq1KdCegu
e_drive,E:\its0519-2\upload_failed_plus_new_0519_1650.xlsx,https://www.threads.com/@pickme_tem/post/DYfpu4SE7sU,pickme_tem/post/DYfpu4SE7sU
e_drive,E:\its0519-2\upload_failed_plus_new_0519_1650.xlsx,https://www.threads.com/@picky_nana/post/DYe0Ti1krKF,picky_nana/post/DYe0Ti1krKF
e_drive,E:\its0519-2\upload_failed_plus_new_0519_1650.xlsx,https://www.threads.com/@pink_kittykk/post/DYehvl-kXfb,pink_kittykk/post/DYehvl-kXfb
e_drive,E:\its0519-2\upload_failed_plus_new_0519_1650.xlsx,https://www.threads.com/@rosy.day.211/post/DYemTpUFOiy,rosy.day.211/post/DYemTpUFOiy
e_drive,E:\its0519-2\upload_failed_plus_new_0519_1650.xlsx,https://www.threads.com/@seo_yoon_it/post/DYe6KX9kur1,seo_yoon_it/post/DYe6KX9kur1
e_drive,E:\its0519-2\upload_failed_plus_new_0519_1650.xlsx,https://www.threads.com/@surim_pick/post/DYeVtIbDvjv,surim_pick/post/DYeVtIbDvjv
e_drive,E:\its0519-2\upload_failed_plus_new_0519_1650.xlsx,https://www.threads.com/@unique._.it/post/DYeLoKSkXuR,unique._.it/post/DYeLoKSkXuR
e_drive,E:\its0519\retry_failed_all_0519_after_0630.xlsx,https://www.threads.com/@22_______j/post/DYeRyhPmbbG,22_______j/post/DYeRyhPmbbG
e_drive,E:\its0519\retry_failed_all_0519_after_0630.xlsx,https://www.threads.com/@dailyitemlab/post/DYe3MCWEQrl,dailyitemlab/post/DYe3MCWEQrl
e_drive,E:\its0519\retry_failed_all_0519_after_0630.xlsx,https://www.threads.com/@gongkalm/post/DYesZd4j7yV,gongkalm/post/DYesZd4j7yV
e_drive,E:\its0519\retry_failed_all_0519_after_0630.xlsx,https://www.threads.com/@lovebok79/post/DYdobohGQz8,lovebok79/post/DYdobohGQz8
e_drive,E:\its0519\retry_failed_all_0519_after_0630.xlsx,https://www.threads.com/@surim_pick/post/DYeVtIbDvjv,surim_pick/post/DYeVtIbDvjv
e_drive,E:\its0519\retry_rehost_failed_0519_after_0630.xlsx,https://www.threads.com/@dailyitemlab/post/DYe3MCWEQrl,dailyitemlab/post/DYe3MCWEQrl
e_drive,E:\its0519\retry_rehost_failed_0519_after_0630.xlsx,https://www.threads.com/@gongkalm/post/DYesZd4j7yV,gongkalm/post/DYesZd4j7yV
e_drive,E:\its0519\retry_rehost_failed_0519_after_0630.xlsx,https://www.threads.com/@lovebok79/post/DYdobohGQz8,lovebok79/post/DYdobohGQz8
e_drive,E:\its0519\retry_rehost_failed_0519_after_0630.xlsx,https://www.threads.com/@surim_pick/post/DYeVtIbDvjv,surim_pick/post/DYeVtIbDvjv
e_drive,E:\its0519\threads_live_report_0519_0045.xlsx,https://www.threads.com/@22_______j/post/DYeRyhPmbbG,22_______j/post/DYeRyhPmbbG
e_drive,E:\its0519\threads_live_report_0519_0045.xlsx,https://www.threads.com/@_jcurve/post/DYc7pQdEynm,_jcurve/post/DYc7pQdEynm
e_drive,E:\its0519\threads_live_report_0519_0045.xlsx,https://www.threads.com/@dailyitemlab/post/DYe3MCWEQrl,dailyitemlab/post/DYe3MCWEQrl
e_drive,E:\its0519\threads_live_report_0519_0045.xlsx,https://www.threads.com/@gongkalm/post/DYesZd4j7yV,gongkalm/post/DYesZd4j7yV
e_drive,E:\its0519\threads_live_report_0519_0045.xlsx,https://www.threads.com/@lovebok79/post/DYdobohGQz8,lovebok79/post/DYdobohGQz8
e_drive,E:\its0519\threads_live_report_0519_0045.xlsx,https://www.threads.com/@lucky_lucky015/post/DYcnHR_k3p_,lucky_lucky015/post/DYcnHR_k3p_
e_drive,E:\its0519\threads_live_report_0519_0045.xlsx,https://www.threads.com/@meongbyeol_story/post/DYdtKEagqdJ,meongbyeol_story/post/DYdtKEagqdJ
e_drive,E:\its0519\threads_live_report_0519_0045.xlsx,https://www.threads.com/@modoogawonhae/post/DYdmPCzgcM5,modoogawonhae/post/DYdmPCzgcM5
e_drive,E:\its0519\threads_live_report_0519_0045.xlsx,https://www.threads.com/@rhal.di00/post/DYdf8Won7RU,rhal.di00/post/DYdf8Won7RU
e_drive,E:\its0519\threads_live_report_0519_0045.xlsx,https://www.threads.com/@surim_pick/post/DYeVtIbDvjv,surim_pick/post/DYeVtIbDvjv
e_drive,E:\its0520\threads_links_report_0520_1703.xlsx,https://www.threads.com/@ara_selects/post/DYguZx_k3Ns,ara_selects/post/DYguZx_k3Ns
e_drive,E:\its0520\threads_links_report_0520_1703.xlsx,https://www.threads.com/@binnie.day/post/DYhsVSbH89m,binnie.day/post/DYhsVSbH89m
e_drive,E:\its0520\threads_links_report_0520_1703.xlsx,https://www.threads.com/@cozyhome_insta/post/DYg1h3jEn6s,cozyhome_insta/post/DYg1h3jEn6s
e_drive,E:\its0520\threads_links_report_0520_1703.xlsx,https://www.threads.com/@daldallll.home/post/DYg8YlhkTpy,daldallll.home/post/DYg8YlhkTpy
e_drive,E:\its0520\threads_links_report_0520_1703.xlsx,https://www.threads.com/@goo._duck/post/DYhN24alIj6,goo._duck/post/DYhN24alIj6
e_drive,E:\its0520\threads_links_report_0520_1703.xlsx,https://www.threads.com/@growpay24/post/DYh0rq_kt9V,growpay24/post/DYh0rq_kt9V
e_drive,E:\its0520\threads_links_report_0520_1703.xlsx,https://www.threads.com/@haru__lee.00/post/DYhIxNmD8qs,haru__lee.00/post/DYhIxNmD8qs
e_drive,E:\its0520\threads_links_report_0520_1703.xlsx,https://www.threads.com/@jjimtemlife/post/DYg8yZ5DvF6,jjimtemlife/post/DYg8yZ5DvF6
e_drive,E:\its0520\threads_links_report_0520_1703.xlsx,https://www.threads.com/@jjinjjin200/post/DYhGMMVj3zu,jjinjjin200/post/DYhGMMVj3zu
e_drive,E:\its0520\threads_links_report_0520_1703.xlsx,https://www.threads.com/@kok.pick/post/DYg-B2YlMw3,kok.pick/post/DYg-B2YlMw3
e_drive,E:\its0520\threads_links_report_0520_1703.xlsx,https://www.threads.com/@mummushiee/post/DYgzNWhkib8,mummushiee/post/DYgzNWhkib8
e_drive,E:\its0520\threads_links_report_0520_1703.xlsx,https://www.threads.com/@neenii.pic/post/DYi4MLIEe8A,neenii.pic/post/DYi4MLIEe8A
e_drive,E:\its0520\threads_links_report_0520_1703.xlsx,https://www.threads.com/@nostalsokei/post/DYg3Bpyk0cp,nostalsokei/post/DYg3Bpyk0cp
e_drive,E:\its0520\threads_links_report_0520_1703.xlsx,https://www.threads.com/@orion_on82/post/DYilslFj7zq,orion_on82/post/DYilslFj7zq
e_drive,E:\its0520\threads_links_report_0520_1703.xlsx,https://www.threads.com/@pink.sky369/post/DYguzjbE8pw,pink.sky369/post/DYguzjbE8pw
e_drive,E:\its0520\threads_links_report_0520_1703.xlsx,https://www.threads.com/@todayfocus_green/post/DYg5ViZlOuh,todayfocus_green/post/DYg5ViZlOuh
e_drive,E:\its0520\threads_links_report_0520_1703.xlsx,https://www.threads.com/@ungingwoowoo/post/DYg1jkZj-XA,ungingwoowoo/post/DYg1jkZj-XA
e_drive,E:\its0520\threads_links_report_0520_1703.xlsx,https://www.threads.com/@yd113202/post/DYi8Y_lEyBK,yd113202/post/DYi8Y_lEyBK
e_drive,E:\its0520\threads_links_report_0520_1703.xlsx,https://www.threads.com/@yoppoong/post/DYiUNySkw_W,yoppoong/post/DYiUNySkw_W
e_drive,E:\its0520\threads_links_report_0520_1703.xlsx,https://www.threads.com/@zzinaa344/post/DYhsz98D5ab,zzinaa344/post/DYhsz98D5ab
e_drive,E:\its0520\threads_links_report_0520_1703_수동화결과_0520_1704.xlsx,https://www.threads.com/@ara_selects/post/DYguZoRE6y_,ara_selects/post/DYguZoRE6y_
e_drive,E:\its0520\threads_links_report_0520_1703_수동화결과_0520_1704.xlsx,https://www.threads.com/@ara_selects/post/DYguZx_k3Ns,ara_selects/post/DYguZx_k3Ns
e_drive,E:\its0520\threads_links_report_0520_1703_수동화결과_0520_1704.xlsx,https://www.threads.com/@binnie.day/post/DYhsVSbH89m,binnie.day/post/DYhsVSbH89m
e_drive,E:\its0520\threads_links_report_0520_1703_수동화결과_0520_1704.xlsx,https://www.threads.com/@binnie.day/post/DYhvkIUn0Ts,binnie.day/post/DYhvkIUn0Ts
e_drive,E:\its0520\threads_links_report_0520_1703_수동화결과_0520_1704.xlsx,https://www.threads.com/@cozyhome_insta/post/DYg1h3jEn6s,cozyhome_insta/post/DYg1h3jEn6s
e_drive,E:\its0520\threads_links_report_0520_1703_수동화결과_0520_1704.xlsx,https://www.threads.com/@cozyhome_insta/post/DYg1htFEucB,cozyhome_insta/post/DYg1htFEucB
e_drive,E:\its0520\threads_links_report_0520_1703_수동화결과_0520_1704.xlsx,https://www.threads.com/@daldallll.home/post/DYg8Xmmkd8k,daldallll.home/post/DYg8Xmmkd8k
e_drive,E:\its0520\threads_links_report_0520_1703_수동화결과_0520_1704.xlsx,https://www.threads.com/@daldallll.home/post/DYg8YlhkTpy,daldallll.home/post/DYg8YlhkTpy
e_drive,E:\its0520\threads_links_report_0520_1703_수동화결과_0520_1704.xlsx,https://www.threads.com/@goo._duck/post/DYhN24alIj6,goo._duck/post/DYhN24alIj6
e_drive,E:\its0520\threads_links_report_0520_1703_수동화결과_0520_1704.xlsx,https://www.threads.com/@goo._duck/post/DYhOGHAFPhw,goo._duck/post/DYhOGHAFPhw
e_drive,E:\its0520\threads_links_report_0520_1703_수동화결과_0520_1704.xlsx,https://www.threads.com/@growpay24/post/DYh0qCbkuvG,growpay24/post/DYh0qCbkuvG
e_drive,E:\its0520\threads_links_report_0520_1703_수동화결과_0520_1704.xlsx,https://www.threads.com/@growpay24/post/DYh0rq_kt9V,growpay24/post/DYh0rq_kt9V
e_drive,E:\its0520\threads_links_report_0520_1703_수동화결과_0520_1704.xlsx,https://www.threads.com/@haru__lee.00/post/DYhIxNmD8qs,haru__lee.00/post/DYhIxNmD8qs
e_drive,E:\its0520\threads_links_report_0520_1703_수동화결과_0520_1704.xlsx,https://www.threads.com/@haru__lee.00/post/DYhIyZTH7ds,haru__lee.00/post/DYhIyZTH7ds
e_drive,E:\its0520\threads_links_report_0520_1703_수동화결과_0520_1704.xlsx,https://www.threads.com/@jjimtemlife/post/DYg8yZ5DvF6,jjimtemlife/post/DYg8yZ5DvF6
e_drive,E:\its0520\threads_links_report_0520_1703_수동화결과_0520_1704.xlsx,https://www.threads.com/@jjimtemlife/post/DYg8zJ1joXh,jjimtemlife/post/DYg8zJ1joXh
e_drive,E:\its0520\threads_links_report_0520_1703_수동화결과_0520_1704.xlsx,https://www.threads.com/@jjinjjin200/post/DYhGMMVj3zu,jjinjjin200/post/DYhGMMVj3zu
e_drive,E:\its0520\threads_links_report_0520_1703_수동화결과_0520_1704.xlsx,https://www.threads.com/@jjinjjin200/post/DYhT8SkD5rF,jjinjjin200/post/DYhT8SkD5rF
e_drive,E:\its0520\threads_links_report_0520_1703_수동화결과_0520_1704.xlsx,https://www.threads.com/@kok.pick/post/DYg-B2YlMw3,kok.pick/post/DYg-B2YlMw3
e_drive,E:\its0520\threads_links_report_0520_1703_수동화결과_0520_1704.xlsx,https://www.threads.com/@kok.pick/post/DYg-BpTlBFO,kok.pick/post/DYg-BpTlBFO
e_drive,E:\its0520\threads_links_report_0520_1703_수동화결과_0520_1704.xlsx,https://www.threads.com/@mummushiee/post/DYgzNWhkib8,mummushiee/post/DYgzNWhkib8
e_drive,E:\its0520\threads_links_report_0520_1703_수동화결과_0520_1704.xlsx,https://www.threads.com/@mummushiee/post/DYgzOY2Et-D,mummushiee/post/DYgzOY2Et-D
e_drive,E:\its0520\threads_links_report_0520_1703_수동화결과_0520_1704.xlsx,https://www.threads.com/@neenii.pic/post/DYi4MLIEe8A,neenii.pic/post/DYi4MLIEe8A
e_drive,E:\its0520\threads_links_report_0520_1703_수동화결과_0520_1704.xlsx,https://www.threads.com/@neenii.pic/post/DYi4wAYkSbE,neenii.pic/post/DYi4wAYkSbE
e_drive,E:\its0520\threads_links_report_0520_1703_수동화결과_0520_1704.xlsx,https://www.threads.com/@nostalsokei/post/DYg3Bpyk0cp,nostalsokei/post/DYg3Bpyk0cp
e_drive,E:\its0520\threads_links_report_0520_1703_수동화결과_0520_1704.xlsx,https://www.threads.com/@nostalsokei/post/DYg3HxaE2TO,nostalsokei/post/DYg3HxaE2TO
e_drive,E:\its0520\threads_links_report_0520_1703_수동화결과_0520_1704.xlsx,https://www.threads.com/@orion_on82/post/DYilslFj7zq,orion_on82/post/DYilslFj7zq
e_drive,E:\its0520\threads_links_report_0520_1703_수동화결과_0520_1704.xlsx,https://www.threads.com/@orion_on82/post/DYilx5CD_5M,orion_on82/post/DYilx5CD_5M
e_drive,E:\its0520\threads_links_report_0520_1703_수동화결과_0520_1704.xlsx,https://www.threads.com/@pink.sky369/post/DYguzTcEzML,pink.sky369/post/DYguzTcEzML
e_drive,E:\its0520\threads_links_report_0520_1703_수동화결과_0520_1704.xlsx,https://www.threads.com/@pink.sky369/post/DYguzjbE8pw,pink.sky369/post/DYguzjbE8pw
e_drive,E:\its0520\threads_links_report_0520_1703_수동화결과_0520_1704.xlsx,https://www.threads.com/@todayfocus_green/post/DYg5ViZlOuh,todayfocus_green/post/DYg5ViZlOuh
e_drive,E:\its0520\threads_links_report_0520_1703_수동화결과_0520_1704.xlsx,https://www.threads.com/@todayfocus_green/post/DYg5YdwlN0T,todayfocus_green/post/DYg5YdwlN0T
e_drive,E:\its0520\threads_links_report_0520_1703_수동화결과_0520_1704.xlsx,https://www.threads.com/@u_na416/post/DYjIyY8D-I-,u_na416/post/DYjIyY8D-I-
e_drive,E:\its0520\threads_links_report_0520_1703_수동화결과_0520_1704.xlsx,https://www.threads.com/@ungingwoowoo/post/DYg1jkZj-XA,ungingwoowoo/post/DYg1jkZj-XA
e_drive,E:\its0520\threads_links_report_0520_1703_수동화결과_0520_1704.xlsx,https://www.threads.com/@ungingwoowoo/post/DYhBeXDjwsA,ungingwoowoo/post/DYhBeXDjwsA
e_drive,E:\its0520\threads_links_report_0520_1703_수동화결과_0520_1704.xlsx,https://www.threads.com/@yd113202/post/DYi8Y4CEzkI,yd113202/post/DYi8Y4CEzkI
e_drive,E:\its0520\threads_links_report_0520_1703_수동화결과_0520_1704.xlsx,https://www.threads.com/@yd113202/post/DYi8Y_lEyBK,yd113202/post/DYi8Y_lEyBK
e_drive,E:\its0520\threads_links_report_0520_1703_수동화결과_0520_1704.xlsx,https://www.threads.com/@yoppoong/post/DYiUNySkw_W,yoppoong/post/DYiUNySkw_W
e_drive,E:\its0520\threads_links_report_0520_1703_수동화결과_0520_1704.xlsx,https://www.threads.com/@zzinaa344/post/DYhs0lFD9fZ,zzinaa344/post/DYhs0lFD9fZ
e_drive,E:\its0520\threads_links_report_0520_1703_수동화결과_0520_1704.xlsx,https://www.threads.com/@zzinaa344/post/DYhsz98D5ab,zzinaa344/post/DYhsz98D5ab
e_drive,E:\itsreal0415\threads_live_report_0415_0055.xlsx,https://www.threads.com/@a.happy_dog/post/DXBkcudEV9d,a.happy_dog/post/DXBkcudEV9d
e_drive,E:\itsreal0415\threads_live_report_0415_0055.xlsx,https://www.threads.com/@amy_happy7/post/DXFx_O6Et56,amy_happy7/post/DXFx_O6Et56
e_drive,E:\itsreal0415\threads_live_report_0415_0055.xlsx,https://www.threads.com/@answer.doggy/post/DXFggDXk-k6,answer.doggy/post/DXFggDXk-k6
e_drive,E:\itsreal0415\threads_live_report_0415_0055.xlsx,https://www.threads.com/@arin_item_/post/DXENhlyGP0f,arin_item_/post/DXENhlyGP0f
e_drive,E:\itsreal0415\threads_live_report_0415_0055.xlsx,https://www.threads.com/@arin_item_/post/DXEPzhpmPc8,arin_item_/post/DXEPzhpmPc8
e_drive,E:\itsreal0415\threads_live_report_0415_0055.xlsx,https://www.threads.com/@arin_item_/post/DXFpXFXE9Bd,arin_item_/post/DXFpXFXE9Bd
e_drive,E:\itsreal0415\threads_live_report_0415_0055.xlsx,https://www.threads.com/@bam_do.tori/post/DXGKKuxkpm_,bam_do.tori/post/DXGKKuxkpm_
e_drive,E:\itsreal0415\threads_live_report_0415_0055.xlsx,https://www.threads.com/@bongdeokgaksi/post/DXFtcEkEi5i,bongdeokgaksi/post/DXFtcEkEi5i
e_drive,E:\itsreal0415\threads_live_report_0415_0055.xlsx,https://www.threads.com/@collector_rabbit/post/DXFbyVdkzZ5,collector_rabbit/post/DXFbyVdkzZ5
e_drive,E:\itsreal0415\threads_live_report_0415_0055.xlsx,https://www.threads.com/@daon_tem/post/DXGFThUkuYY,daon_tem/post/DXGFThUkuYY
e_drive,E:\itsreal0415\threads_live_report_0415_0055.xlsx,https://www.threads.com/@dayoon.ii/post/DXGKF9XASqs,dayoon.ii/post/DXGKF9XASqs
e_drive,E:\itsreal0415\threads_live_report_0415_0055.xlsx,https://www.threads.com/@doye_onee/post/DXHIoTYk28h,doye_onee/post/DXHIoTYk28h
e_drive,E:\itsreal0415\threads_live_report_0415_0055.xlsx,https://www.threads.com/@earthtone.kr/post/DXFUDEGE4hP,earthtone.kr/post/DXFUDEGE4hP
e_drive,E:\itsreal0415\threads_live_report_0415_0055.xlsx,https://www.threads.com/@earthtone.kr/post/DXG_UK3Dxnz,earthtone.kr/post/DXG_UK3Dxnz
e_drive,E:\itsreal0415\threads_live_report_0415_0055.xlsx,https://www.threads.com/@go_gu_mi/post/DXHON6LAXa2,go_gu_mi/post/DXHON6LAXa2
e_drive,E:\itsreal0415\threads_live_report_0415_0055.xlsx,https://www.threads.com/@harin_00345/post/DXGC6YNiW74,harin_00345/post/DXGC6YNiW74
e_drive,E:\itsreal0415\threads_live_report_0415_0055.xlsx,https://www.threads.com/@injaky86/post/DXE-JhnlBJn,injaky86/post/DXE-JhnlBJn
e_drive,E:\itsreal0415\threads_live_report_0415_0055.xlsx,https://www.threads.com/@jin__favorite/post/DXGN90jGBpm,jin__favorite/post/DXGN90jGBpm
e_drive,E:\itsreal0415\threads_live_report_0415_0055.xlsx,https://www.threads.com/@joylove510/post/DXF9LeDkruH,joylove510/post/DXF9LeDkruH
e_drive,E:\itsreal0415\threads_live_report_0415_0055.xlsx,https://www.threads.com/@lalalaluckey/post/DXE-VEdCeFy,lalalaluckey/post/DXE-VEdCeFy
e_drive,E:\itsreal0415\threads_live_report_0415_0055.xlsx,https://www.threads.com/@mio.daily_/post/DXGShvAkejp,mio.daily_/post/DXGShvAkejp
e_drive,E:\itsreal0415\threads_live_report_0415_0055.xlsx,https://www.threads.com/@nostalsokei/post/DXGUM04kuQf,nostalsokei/post/DXGUM04kuQf
e_drive,E:\itsreal0415\threads_live_report_0415_0055.xlsx,https://www.threads.com/@oh.moms.item/post/DXF9WE1EqkY,oh.moms.item/post/DXF9WE1EqkY
e_drive,E:\itsreal0415\threads_live_report_0415_0055.xlsx,https://www.threads.com/@palago8394/post/DXGYLFnEcFq,palago8394/post/DXGYLFnEcFq
e_drive,E:\itsreal0415\threads_live_report_0415_0055.xlsx,https://www.threads.com/@sallim.cozyhome/post/DXFxR_mE9QP,sallim.cozyhome/post/DXFxR_mE9QP
e_drive,E:\itsreal0415\threads_live_report_0415_0055.xlsx,https://www.threads.com/@sosopick88/post/DXGMECkCRAO,sosopick88/post/DXGMECkCRAO
e_drive,E:\itsreal0415\threads_live_report_0415_0055.xlsx,https://www.threads.com/@yerin.muse/post/DXGHvdhkzzS,yerin.muse/post/DXGHvdhkzzS
e_drive,E:\itsreal0415\threads_live_report_0415_0055.xlsx,https://www.threads.com/@yonikim0/post/DXG6B3CEZDY,yonikim0/post/DXG6B3CEZDY
e_drive,E:\itsreal0415\threads_live_report_0415_0055.xlsx,https://www.threads.com/@yumyum_3333/post/DXGsllWE6p6,yumyum_3333/post/DXGsllWE6p6
e_drive,E:\itsreal0415\threads_live_report_0415_0055.xlsx,https://www.threads.com/@zipbysuni/post/DXGZS6PmIzL,zipbysuni/post/DXGZS6PmIzL
e_drive,E:\itsreal0416\threads_live_report_0416_0333.xlsx,https://www.threads.com/@_good_boy__7777/post/DXJVwigkUjk,_good_boy__7777/post/DXJVwigkUjk
e_drive,E:\itsreal0416\threads_live_report_0416_0333.xlsx,https://www.threads.com/@amy_happy7/post/DXIlnMikhYR,amy_happy7/post/DXIlnMikhYR
e_drive,E:\itsreal0416\threads_live_report_0416_0333.xlsx,https://www.threads.com/@ani_pickon/post/DXJMxLAkcQ1,ani_pickon/post/DXJMxLAkcQ1
e_drive,E:\itsreal0416\threads_live_report_0416_0333.xlsx,https://www.threads.com/@ara_selects/post/DXJQ2EGE2UN,ara_selects/post/DXJQ2EGE2UN
e_drive,E:\itsreal0416\threads_live_report_0416_0333.xlsx,https://www.threads.com/@b_boun_ce/post/DXITGJxkpF0,b_boun_ce/post/DXITGJxkpF0
e_drive,E:\itsreal0416\threads_live_report_0416_0333.xlsx,https://www.threads.com/@bamon_cl/post/DXJJF50mMK9,bamon_cl/post/DXJJF50mMK9
e_drive,E:\itsreal0416\threads_live_report_0416_0333.xlsx,https://www.threads.com/@byungmat_kkultem/post/DXIwjkSEQAH,byungmat_kkultem/post/DXIwjkSEQAH
e_drive,E:\itsreal0416\threads_live_report_0416_0333.xlsx,https://www.threads.com/@cococo.cafe.14/post/DXJKaUwCaG8,cococo.cafe.14/post/DXJKaUwCaG8
e_drive,E:\itsreal0416\threads_live_report_0416_0333.xlsx,https://www.threads.com/@coffebean_45/post/DXJAt-DgPsB,coffebean_45/post/DXJAt-DgPsB
e_drive,E:\itsreal0416\threads_live_report_0416_0333.xlsx,https://www.threads.com/@daliy_pic0/post/DXIfZbKEjYL,daliy_pic0/post/DXIfZbKEjYL
e_drive,E:\itsreal0416\threads_live_report_0416_0333.xlsx,https://www.threads.com/@dingdong.ii/post/DXJAt0Gkk23,dingdong.ii/post/DXJAt0Gkk23
e_drive,E:\itsreal0416\threads_live_report_0416_0333.xlsx,https://www.threads.com/@dooly_0619/post/DXIrUZXj32N,dooly_0619/post/DXIrUZXj32N
e_drive,E:\itsreal0416\threads_live_report_0416_0333.xlsx,https://www.threads.com/@dooly_0619/post/DXJP02dj98p,dooly_0619/post/DXJP02dj98p
e_drive,E:\itsreal0416\threads_live_report_0416_0333.xlsx,https://www.threads.com/@gongkalm/post/DXJsUvPD5im,gongkalm/post/DXJsUvPD5im
e_drive,E:\itsreal0416\threads_live_report_0416_0333.xlsx,https://www.threads.com/@hansul1604/post/DXIYcyeExj9,hansul1604/post/DXIYcyeExj9
e_drive,E:\itsreal0416\threads_live_report_0416_0333.xlsx,https://www.threads.com/@honeymomyou/post/DXJQZ51FEky,honeymomyou/post/DXJQZ51FEky
e_drive,E:\itsreal0416\threads_live_report_0416_0333.xlsx,https://www.threads.com/@injaky86/post/DXIx5ENHzh5,injaky86/post/DXIx5ENHzh5
e_drive,E:\itsreal0416\threads_live_report_0416_0333.xlsx,https://www.threads.com/@jin__favorite/post/DXI2bBTmHEM,jin__favorite/post/DXI2bBTmHEM
e_drive,E:\itsreal0416\threads_live_report_0416_0333.xlsx,https://www.threads.com/@jin__favorite/post/DXJuPKdmLIl,jin__favorite/post/DXJuPKdmLIl
e_drive,E:\itsreal0416\threads_live_report_0416_0333.xlsx,https://www.threads.com/@owl.56428582/post/DXI66Hzkd8D,owl.56428582/post/DXI66Hzkd8D
e_drive,E:\itsreal0416\threads_live_report_0416_0333.xlsx,https://www.threads.com/@pony__27/post/DXIrQjcmAv5,pony__27/post/DXIrQjcmAv5
e_drive,E:\itsreal0416\threads_live_report_0416_0333.xlsx,https://www.threads.com/@restar_tem/post/DXI0IY2Grrb,restar_tem/post/DXI0IY2Grrb
e_drive,E:\itsreal0416\threads_live_report_0416_0333.xlsx,https://www.threads.com/@rurutcwqe1/post/DXIHiLAk-Ku,rurutcwqe1/post/DXIHiLAk-Ku
e_drive,E:\itsreal0416\threads_live_report_0416_0333.xlsx,https://www.threads.com/@snbear88/post/DXJkMqFknRm,snbear88/post/DXJkMqFknRm
e_drive,E:\itsreal0416\threads_live_report_0416_0333.xlsx,https://www.threads.com/@solo_jooboo/post/DXIOMV7klPj,solo_jooboo/post/DXIOMV7klPj
e_drive,E:\itsreal0416\threads_live_report_0416_0333.xlsx,https://www.threads.com/@solo_jooboo/post/DXJibpWkkBw,solo_jooboo/post/DXJibpWkkBw
e_drive,E:\itsreal0416\threads_live_report_0416_0333.xlsx,https://www.threads.com/@sugaringz_/post/DXI0XbvgCyg,sugaringz_/post/DXI0XbvgCyg
e_drive,E:\itsreal0416\threads_live_report_0416_0333.xlsx,https://www.threads.com/@sujin.choi__/post/DXIwSJWjRd4,sujin.choi__/post/DXIwSJWjRd4
e_drive,E:\itsreal0416\threads_live_report_0416_0333.xlsx,https://www.threads.com/@yu.rrrang/post/DXIUlasExP3,yu.rrrang/post/DXIUlasExP3
e_drive,E:\itsreal0416\threads_live_report_0416_0333.xlsx,https://www.threads.com/@yunasss1119/post/DXIeUzagRcH,yunasss1119/post/DXIeUzagRcH
e_drive,E:\madoyo_cache\post_index.xlsx,https://www.threads.com/@1biteknowledge/post/DYMMDXak0EJ,1biteknowledge/post/DYMMDXak0EJ
e_drive,E:\madoyo_cache\post_index.xlsx,https://www.threads.com/@1in.living/post/DXi4S6wAX-3,1in.living/post/DXi4S6wAX-3
e_drive,E:\madoyo_cache\post_index.xlsx,https://www.threads.com/@1lumi_log/post/DXc65Mckxie,1lumi_log/post/DXc65Mckxie
e_drive,E:\madoyo_cache\post_index.xlsx,https://www.threads.com/@22_______j/post/DYeRyhPmbbG,22_______j/post/DYeRyhPmbbG
e_drive,E:\madoyo_cache\post_index.xlsx,https://www.threads.com/@2run._.2run/post/DYLuukrj6y6,2run._.2run/post/DYLuukrj6y6
e_drive,E:\madoyo_cache\post_index.xlsx,https://www.threads.com/@2run._.2run/post/DYPWDTgj1Dr,2run._.2run/post/DYPWDTgj1Dr
e_drive,E:\madoyo_cache\post_index.xlsx,https://www.threads.com/@_good_boy__7777/post/DXJVwigkUjk,_good_boy__7777/post/DXJVwigkUjk
e_drive,E:\madoyo_cache\post_index.xlsx,https://www.threads.com/@_hei_home/post/DXLYjL3Ew1g,_hei_home/post/DXLYjL3Ew1g
e_drive,E:\madoyo_cache\post_index.xlsx,https://www.threads.com/@_home_atelier/post/DYbR_S3GNnq,_home_atelier/post/DYbR_S3GNnq
e_drive,E:\madoyo_cache\post_index.xlsx,https://www.threads.com/@_jcurve/post/DYc7pQdEynm,_jcurve/post/DYc7pQdEynm
e_drive,E:\madoyo_cache\post_index.xlsx,https://www.threads.com/@_jmh900/post/DXvztQtE0_E,_jmh900/post/DXvztQtE0_E
e_drive,E:\madoyo_cache\post_index.xlsx,https://www.threads.com/@_seheehx_/post/DW-FcUVk0fU,_seheehx_/post/DW-FcUVk0fU
e_drive,E:\madoyo_cache\post_index.xlsx,https://www.threads.com/@_seheehx_/post/DW-Rq3aj1p1,_seheehx_/post/DW-Rq3aj1p1
e_drive,E:\madoyo_cache\post_index.xlsx,https://www.threads.com/@_seheehx_/post/DX09bxzDxUO,_seheehx_/post/DX09bxzDxUO
e_drive,E:\madoyo_cache\post_index.xlsx,https://www.threads.com/@_seheehx_/post/DX0vGu5irCF,_seheehx_/post/DX0vGu5irCF
e_drive,E:\madoyo_cache\post_index.xlsx,https://www.threads.com/@_seheehx_/post/DX1EINzDO5q,_seheehx_/post/DX1EINzDO5q
e_drive,E:\madoyo_cache\post_index.xlsx,https://www.threads.com/@_seheehx_/post/DX1MKIZjyuz,_seheehx_/post/DX1MKIZjyuz
e_drive,E:\madoyo_cache\post_index.xlsx,https://www.threads.com/@_seheehx_/post/DX1RTOmj5Lx,_seheehx_/post/DX1RTOmj5Lx
e_drive,E:\madoyo_cache\post_index.xlsx,https://www.threads.com/@_seheehx_/post/DX7ZtdCE9gH,_seheehx_/post/DX7ZtdCE9gH
e_drive,E:\madoyo_cache\post_index.xlsx,https://www.threads.com/@_seheehx_/post/DX9ZocCD9ry,_seheehx_/post/DX9ZocCD9ry
e_drive,E:\madoyo_cache\post_index.xlsx,https://www.threads.com/@_seheehx_/post/DXFBypbjxKa,_seheehx_/post/DXFBypbjxKa
e_drive,E:\madoyo_cache\post_index.xlsx,https://www.threads.com/@_seheehx_/post/DXFCqCxj7U0,_seheehx_/post/DXFCqCxj7U0
e_drive,E:\madoyo_cache\post_index.xlsx,https://www.threads.com/@_seheehx_/post/DXFFaxBiQjZ,_seheehx_/post/DXFFaxBiQjZ
e_drive,E:\madoyo_cache\post_index.xlsx,https://www.threads.com/@_seheehx_/post/DXFHAnDFWM0,_seheehx_/post/DXFHAnDFWM0
e_drive,E:\madoyo_cache\post_index.xlsx,https://www.threads.com/@_seheehx_/post/DXFHyqgjCEe,_seheehx_/post/DXFHyqgjCEe
e_drive,E:\madoyo_cache\post_index.xlsx,https://www.threads.com/@_seheehx_/post/DXFI49riYbq,_seheehx_/post/DXFI49riYbq
e_drive,E:\madoyo_cache\post_index.xlsx,https://www.threads.com/@_seheehx_/post/DXFJ3b0jd4n,_seheehx_/post/DXFJ3b0jd4n
e_drive,E:\madoyo_cache\post_index.xlsx,https://www.threads.com/@_seheehx_/post/DXFN0X-kYtJ,_seheehx_/post/DXFN0X-kYtJ
e_drive,E:\madoyo_cache\post_index.xlsx,https://www.threads.com/@_seheehx_/post/DXFPvytk1Mw,_seheehx_/post/DXFPvytk1Mw
e_drive,E:\madoyo_cache\post_index.xlsx,https://www.threads.com/@_seheehx_/post/DXIFx2zk-IX,_seheehx_/post/DXIFx2zk-IX
e_drive,E:\madoyo_cache\post_index.xlsx,https://www.threads.com/@_seheehx_/post/DXLwk2PD7nP,_seheehx_/post/DXLwk2PD7nP
e_drive,E:\madoyo_cache\post_index.xlsx,https://www.threads.com/@_seheehx_/post/DX_wp3XDZ9u,_seheehx_/post/DX_wp3XDZ9u
e_drive,E:\madoyo_cache\post_index.xlsx,https://www.threads.com/@_seheehx_/post/DX_yGmfD66m,_seheehx_/post/DX_yGmfD66m
e_drive,E:\madoyo_cache\post_index.xlsx,https://www.threads.com/@_seheehx_/post/DXbBQcdFMyr,_seheehx_/post/DXbBQcdFMyr
e_drive,E:\madoyo_cache\post_index.xlsx,https://www.threads.com/@_seheehx_/post/DXbFHfwlIPu,_seheehx_/post/DXbFHfwlIPu
e_drive,E:\madoyo_cache\post_index.xlsx,https://www.threads.com/@_seheehx_/post/DXc7jymjyVb,_seheehx_/post/DXc7jymjyVb
e_drive,E:\madoyo_cache\post_index.xlsx,https://www.threads.com/@_seheehx_/post/DXhv2iTksZH,_seheehx_/post/DXhv2iTksZH
e_drive,E:\madoyo_cache\post_index.xlsx,https://www.threads.com/@_seheehx_/post/DXo-fBpisp-,_seheehx_/post/DXo-fBpisp-
e_drive,E:\madoyo_cache\post_index.xlsx,https://www.threads.com/@_seheehx_/post/DXo8DSJD85e,_seheehx_/post/DXo8DSJD85e
e_drive,E:\madoyo_cache\post_index.xlsx,https://www.threads.com/@_seheehx_/post/DXo8_VHj6xf,_seheehx_/post/DXo8_VHj6xf
e_drive,E:\madoyo_cache\post_index.xlsx,https://www.threads.com/@_seheehx_/post/DXp4mNgkd56,_seheehx_/post/DXp4mNgkd56
e_drive,E:\madoyo_cache\post_index.xlsx,https://www.threads.com/@_seheehx_/post/DXpo-gXE3f_,_seheehx_/post/DXpo-gXE3f_
e_drive,E:\madoyo_cache\post_index.xlsx,https://www.threads.com/@_seheehx_/post/DXpxzOmk1EG,_seheehx_/post/DXpxzOmk1EG
e_drive,E:\madoyo_cache\post_index.xlsx,https://www.threads.com/@_seheehx_/post/DXpzPhTkzb6,_seheehx_/post/DXpzPhTkzb6
e_drive,E:\madoyo_cache\post_index.xlsx,https://www.threads.com/@_seheehx_/post/DXs0MThlHB2,_seheehx_/post/DXs0MThlHB2
e_drive,E:\madoyo_cache\post_index.xlsx,https://www.threads.com/@_seheehx_/post/DXsrSqFiZRH,_seheehx_/post/DXsrSqFiZRH
e_drive,E:\madoyo_cache\post_index.xlsx,https://www.threads.com/@_seheehx_/post/DXst__QjV4o,_seheehx_/post/DXst__QjV4o
e_drive,E:\madoyo_cache\post_index.xlsx,https://www.threads.com/@_seheehx_/post/DXsz7eZD-1b,_seheehx_/post/DXsz7eZD-1b
e_drive,E:\madoyo_cache\post_index.xlsx,https://www.threads.com/@_seheehx_/post/DXu0SmqgHlH,_seheehx_/post/DXu0SmqgHlH
e_drive,E:\madoyo_cache\post_index.xlsx,https://www.threads.com/@_seheehx_/post/DXuzjqfj1jb,_seheehx_/post/DXuzjqfj1jb
e_drive,E:\madoyo_cache\post_index.xlsx,https://www.threads.com/@_seheehx_/post/DYHAAjEDR9o,_seheehx_/post/DYHAAjEDR9o
e_drive,E:\madoyo_cache\post_index.xlsx,https://www.threads.com/@_seheehx_/post/DYHQ4XQj6jW,_seheehx_/post/DYHQ4XQj6jW
e_drive,E:\madoyo_cache\post_index.xlsx,https://www.threads.com/@_seheehx_/post/DYJmzpUDxJK,_seheehx_/post/DYJmzpUDxJK
e_drive,E:\madoyo_cache\post_index.xlsx,https://www.threads.com/@_seheehx_/post/DYJqRTIDBnS,_seheehx_/post/DYJqRTIDBnS
e_drive,E:\madoyo_cache\post_index.xlsx,https://www.threads.com/@_seheehx_/post/DYLGMLqARdw,_seheehx_/post/DYLGMLqARdw
e_drive,E:\madoyo_cache\post_index.xlsx,https://www.threads.com/@_seheehx_/post/DYLNkB_Ey6l,_seheehx_/post/DYLNkB_Ey6l
e_drive,E:\madoyo_cache\post_index.xlsx,https://www.threads.com/@_seheehx_/post/DYLQozhE2H9,_seheehx_/post/DYLQozhE2H9
e_drive,E:\madoyo_cache\post_index.xlsx,https://www.threads.com/@_seheehx_/post/DYN0Dz3lGTH,_seheehx_/post/DYN0Dz3lGTH
e_drive,E:\madoyo_cache\post_index.xlsx,https://www.threads.com/@_seheehx_/post/DYNptmikuaG,_seheehx_/post/DYNptmikuaG
e_drive,E:\madoyo_cache\post_index.xlsx,https://www.threads.com/@_seheehx_/post/DYQNK4CEzNh,_seheehx_/post/DYQNK4CEzNh
e_drive,E:\madoyo_cache\post_index.xlsx,https://www.threads.com/@_seheehx_/post/DYQUPZYAoJ2,_seheehx_/post/DYQUPZYAoJ2
e_drive,E:\madoyo_cache\post_index.xlsx,https://www.threads.com/@_seheehx_/post/DYQVGmCE8cz,_seheehx_/post/DYQVGmCE8cz
e_drive,E:\madoyo_cache\post_index.xlsx,https://www.threads.com/@_seheehx_/post/DYQY2Gmj0rQ,_seheehx_/post/DYQY2Gmj0rQ
e_drive,E:\madoyo_cache\post_index.xlsx,https://www.threads.com/@_seheehx_/post/DYQmt0klHLw,_seheehx_/post/DYQmt0klHLw
e_drive,E:\madoyo_cache\post_index.xlsx,https://www.threads.com/@_seheehx_/post/DYQp9EPDx-7,_seheehx_/post/DYQp9EPDx-7
e_drive,E:\madoyo_cache\post_index.xlsx,https://www.threads.com/@_seheehx_/post/DYS0G1Uk9vT,_seheehx_/post/DYS0G1Uk9vT
e_drive,E:\madoyo_cache\post_index.xlsx,https://www.threads.com/@_seheehx_/post/DYS4OA_icOg,_seheehx_/post/DYS4OA_icOg
e_drive,E:\madoyo_cache\post_index.xlsx,https://www.threads.com/@_seheehx_/post/DYS8wHzEzfC,_seheehx_/post/DYS8wHzEzfC
e_drive,E:\madoyo_cache\post_index.xlsx,https://www.threads.com/@_seheehx_/post/DYTBo4EkwNA,_seheehx_/post/DYTBo4EkwNA
e_drive,E:\madoyo_cache\post_index.xlsx,https://www.threads.com/@_seheehx_/post/DYTEdB_oDIY,_seheehx_/post/DYTEdB_oDIY
e_drive,E:\madoyo_cache\post_index.xlsx,https://www.threads.com/@_seheehx_/post/DYTG06_Cuz3,_seheehx_/post/DYTG06_Cuz3
e_drive,E:\madoyo_cache\post_index.xlsx,https://www.threads.com/@_tokkimom_/post/DU1vTmoEt3u,_tokkimom_/post/DU1vTmoEt3u
e_drive,E:\madoyo_cache\post_index.xlsx,https://www.threads.com/@_tokkimom_/post/DU4WO46koVU,_tokkimom_/post/DU4WO46koVU
e_drive,E:\madoyo_cache\post_index.xlsx,https://www.threads.com/@_tokkimom_/post/DU7IBZsEgQT,_tokkimom_/post/DU7IBZsEgQT
e_drive,E:\madoyo_cache\post_index.xlsx,https://www.threads.com/@_tokkimom_/post/DVANgVNkjFA,_tokkimom_/post/DVANgVNkjFA
e_drive,E:\madoyo_cache\post_index.xlsx,https://www.threads.com/@_tokkimom_/post/DVEKQpjkmt0,_tokkimom_/post/DVEKQpjkmt0
e_drive,E:\madoyo_cache\post_index.xlsx,https://www.threads.com/@a.happy_dog/post/DXBkcudEV9d,a.happy_dog/post/DXBkcudEV9d
e_drive,E:\madoyo_cache\post_index.xlsx,https://www.threads.com/@a_rzen2/post/DYHM8VrgeWS,a_rzen2/post/DYHM8VrgeWS
e_drive,E:\madoyo_cache\post_index.xlsx,https://www.threads.com/@aderella_time_/post/DYbHwqIkfAD,aderella_time_/post/DYbHwqIkfAD
e_drive,E:\madoyo_cache\post_index.xlsx,https://www.threads.com/@al_deal_mom/post/DX1KSiEE2Cc,al_deal_mom/post/DX1KSiEE2Cc
e_drive,E:\madoyo_cache\post_index.xlsx,https://www.threads.com/@al_deal_mom/post/DXw9_bgE99r,al_deal_mom/post/DXw9_bgE99r
e_drive,E:\madoyo_cache\post_index.xlsx,https://www.threads.com/@alice___blue7/post/DYN4g0tD9J0,alice___blue7/post/DYN4g0tD9J0
e_drive,E:\madoyo_cache\post_index.xlsx,https://www.threads.com/@all_wellbeing/post/DXa3amuFJ85,all_wellbeing/post/DXa3amuFJ85
e_drive,E:\madoyo_cache\post_index.xlsx,https://www.threads.com/@all_wellbeing/post/DXdIiX6k1db,all_wellbeing/post/DXdIiX6k1db
e_drive,E:\madoyo_cache\post_index.xlsx,https://www.threads.com/@amy_happy7/post/DXFx_O6Et56,amy_happy7/post/DXFx_O6Et56
e_drive,E:\madoyo_cache\post_index.xlsx,https://www.threads.com/@amy_happy7/post/DXIlnMikhYR,amy_happy7/post/DXIlnMikhYR
e_drive,E:\madoyo_cache\post_index.xlsx,https://www.threads.com/@amy_happy7/post/DXMGSo4gOaI,amy_happy7/post/DXMGSo4gOaI
e_drive,E:\madoyo_cache\post_index.xlsx,https://www.threads.com/@amy_happy7/post/DYMn14rksly,amy_happy7/post/DYMn14rksly
e_drive,E:\madoyo_cache\post_index.xlsx,https://www.threads.com/@amy_happy7/post/DYMtcaBEsZc,amy_happy7/post/DYMtcaBEsZc
e_drive,E:\madoyo_cache\post_index.xlsx,https://www.threads.com/@amy_happy7/post/DYPYWlRkmBl,amy_happy7/post/DYPYWlRkmBl
e_drive,E:\madoyo_cache\post_index.xlsx,https://www.threads.com/@ani_pickon/post/DXJMxLAkcQ1,ani_pickon/post/DXJMxLAkcQ1
e_drive,E:\madoyo_cache\post_index.xlsx,https://www.threads.com/@ann.ann.annd/post/DX04IvrkkOv,ann.ann.annd/post/DX04IvrkkOv
e_drive,E:\madoyo_cache\post_index.xlsx,https://www.threads.com/@ann.ann.annd/post/DXvwBSvEqLI,ann.ann.annd/post/DXvwBSvEqLI
e_drive,E:\madoyo_cache\post_index.xlsx,https://www.threads.com/@answer.doggy/post/DXFggDXk-k6,answer.doggy/post/DXFggDXk-k6
e_drive,E:\madoyo_cache\post_index.xlsx,https://www.threads.com/@apple__1__1/post/DX8NCgME_7G,apple__1__1/post/DX8NCgME_7G
e_drive,E:\madoyo_cache\post_index.xlsx,https://www.threads.com/@apple__1__1/post/DYLhpeQE01L,apple__1__1/post/DYLhpeQE01L
e_drive,E:\madoyo_cache\post_index.xlsx,https://www.threads.com/@ara.mochi.daily/post/DX521YFCVVm,ara.mochi.daily/post/DX521YFCVVm
e_drive,E:\madoyo_cache\post_index.xlsx,https://www.threads.com/@ara.mochi.daily/post/DYedA5Jid3R,ara.mochi.daily/post/DYedA5Jid3R
e_drive,E:\madoyo_cache\post_index.xlsx,https://www.threads.com/@ara_selects/post/DX80GArk_9R,ara_selects/post/DX80GArk_9R
e_drive,E:\madoyo_cache\post_index.xlsx,https://www.threads.com/@ara_selects/post/DXJQ2EGE2UN,ara_selects/post/DXJQ2EGE2UN
e_drive,E:\madoyo_cache\post_index.xlsx,https://www.threads.com/@arch_dotori/post/DX1PvFdDx-m,arch_dotori/post/DX1PvFdDx-m
e_drive,E:\madoyo_cache\post_index.xlsx,https://www.threads.com/@arch_dotori/post/DX7I9IcD9-8,arch_dotori/post/DX7I9IcD9-8
e_drive,E:\madoyo_cache\post_index.xlsx,https://www.threads.com/@arch_dotori/post/DX7Wp55k8-b,arch_dotori/post/DX7Wp55k8-b
e_drive,E:\madoyo_cache\post_index.xlsx,https://www.threads.com/@arch_dotori/post/DXOY-EhlCwf,arch_dotori/post/DXOY-EhlCwf
e_drive,E:\madoyo_cache\post_index.xlsx,https://www.threads.com/@arch_dotori/post/DXObRI5j3Vy,arch_dotori/post/DXObRI5j3Vy
e_drive,E:\madoyo_cache\post_index.xlsx,https://www.threads.com/@arch_dotori/post/DXOdMFsjxKJ,arch_dotori/post/DXOdMFsjxKJ
e_drive,E:\madoyo_cache\post_index.xlsx,https://www.threads.com/@arch_dotori/post/DXOiKd-j2R2,arch_dotori/post/DXOiKd-j2R2
e_drive,E:\madoyo_cache\post_index.xlsx,https://www.threads.com/@arch_dotori/post/DXOkBixk68I,arch_dotori/post/DXOkBixk68I
e_drive,E:\madoyo_cache\post_index.xlsx,https://www.threads.com/@arch_dotori/post/DX_liiNFVCe,arch_dotori/post/DX_liiNFVCe
e_drive,E:\madoyo_cache\post_index.xlsx,https://www.threads.com/@arch_dotori/post/DX_vqGUlXYx,arch_dotori/post/DX_vqGUlXYx
e_drive,E:\madoyo_cache\post_index.xlsx,https://www.threads.com/@arch_dotori/post/DXh1pQEgvGy,arch_dotori/post/DXh1pQEgvGy
e_drive,E:\madoyo_cache\post_index.xlsx,https://www.threads.com/@arch_dotori/post/DXimSbJkv5l,arch_dotori/post/DXimSbJkv5l
e_drive,E:\madoyo_cache\post_index.xlsx,https://www.threads.com/@arch_dotori/post/DXovRO-j4M_,arch_dotori/post/DXovRO-j4M_
e_drive,E:\madoyo_cache\post_index.xlsx,https://www.threads.com/@arch_dotori/post/DXpKsyxCpNG,arch_dotori/post/DXpKsyxCpNG
e_drive,E:\madoyo_cache\post_index.xlsx,https://www.threads.com/@arch_dotori/post/DXpqThdk9s4,arch_dotori/post/DXpqThdk9s4
e_drive,E:\madoyo_cache\post_index.xlsx,https://www.threads.com/@arch_dotori/post/DXu1QT1E1sT,arch_dotori/post/DXu1QT1E1sT
e_drive,E:\madoyo_cache\post_index.xlsx,https://www.threads.com/@arch_dotori/post/DYJu_QND2VL,arch_dotori/post/DYJu_QND2VL
e_drive,E:\madoyo_cache\post_index.xlsx,https://www.threads.com/@arch_dotori/post/DYMfexaD_Dg,arch_dotori/post/DYMfexaD_Dg
e_drive,E:\madoyo_cache\post_index.xlsx,https://www.threads.com/@arch_dotori/post/DYMlDBUD_qK,arch_dotori/post/DYMlDBUD_qK
e_drive,E:\madoyo_cache\post_index.xlsx,https://www.threads.com/@arch_dotori/post/DYNrAFdCWmJ,arch_dotori/post/DYNrAFdCWmJ
e_drive,E:\madoyo_cache\post_index.xlsx,https://www.threads.com/@arch_dotori/post/DYQPOkzk4a1,arch_dotori/post/DYQPOkzk4a1
e_drive,E:\madoyo_cache\post_index.xlsx,https://www.threads.com/@arch_dotori/post/DYQrY-cj1Kr,arch_dotori/post/DYQrY-cj1Kr
e_drive,E:\madoyo_cache\post_index.xlsx,https://www.threads.com/@arch_dotori/post/DYS905hE0-X,arch_dotori/post/DYS905hE0-X
e_drive,E:\madoyo_cache\post_index.xlsx,https://www.threads.com/@ari.jakka/post/DYMuYDbE5LY,ari.jakka/post/DYMuYDbE5LY
e_drive,E:\madoyo_cache\post_index.xlsx,https://www.threads.com/@arin._.222/post/DYPtxXCnbAa,arin._.222/post/DYPtxXCnbAa
e_drive,E:\madoyo_cache\post_index.xlsx,https://www.threads.com/@arin_item_/post/DX-2SoKmDLm,arin_item_/post/DX-2SoKmDLm
e_drive,E:\madoyo_cache\post_index.xlsx,https://www.threads.com/@arin_item_/post/DXENhlyGP0f,arin_item_/post/DXENhlyGP0f
e_drive,E:\madoyo_cache\post_index.xlsx,https://www.threads.com/@arin_item_/post/DXEPzhpmPc8,arin_item_/post/DXEPzhpmPc8
e_drive,E:\madoyo_cache\post_index.xlsx,https://www.threads.com/@arin_item_/post/DXFpXFXE9Bd,arin_item_/post/DXFpXFXE9Bd
e_drive,E:\madoyo_cache\post_index.xlsx,https://www.threads.com/@arin_item_/post/DXL4s8amFXY,arin_item_/post/DXL4s8amFXY
e_drive,E:\madoyo_cache\post_index.xlsx,https://www.threads.com/@arin_item_/post/DXL84U3GP8v,arin_item_/post/DXL84U3GP8v
e_drive,E:\madoyo_cache\post_index.xlsx,https://www.threads.com/@arin_item_/post/DXQvAikGACO,arin_item_/post/DXQvAikGACO
e_drive,E:\madoyo_cache\post_index.xlsx,https://www.threads.com/@arin_item_/post/DXakihugRhF,arin_item_/post/DXakihugRhF
e_drive,E:\madoyo_cache\post_index.xlsx,https://www.threads.com/@arin_item_/post/DXbJhBOgYlC,arin_item_/post/DXbJhBOgYlC
e_drive,E:\madoyo_cache\post_index.xlsx,https://www.threads.com/@arin_item_/post/DXdhGekgdw1,arin_item_/post/DXdhGekgdw1
e_drive,E:\madoyo_cache\post_index.xlsx,https://www.threads.com/@arin_item_/post/DXlL7BTARi3,arin_item_/post/DXlL7BTARi3
e_drive,E:\madoyo_cache\post_index.xlsx,https://www.threads.com/@arin_item_/post/DXu0VUeE37w,arin_item_/post/DXu0VUeE37w
e_drive,E:\madoyo_cache\post_index.xlsx,https://www.threads.com/@arin_item_/post/DYA3_FxE43c,arin_item_/post/DYA3_FxE43c
e_drive,E:\madoyo_cache\post_index.xlsx,https://www.threads.com/@arin_item_/post/DYH9F-fGHmO,arin_item_/post/DYH9F-fGHmO
e_drive,E:\madoyo_cache\post_index.xlsx,https://www.threads.com/@arin_item_/post/DYHHa0LGPGo,arin_item_/post/DYHHa0LGPGo
e_drive,E:\madoyo_cache\post_index.xlsx,https://www.threads.com/@arin_item_/post/DYI_eeyGPZv,arin_item_/post/DYI_eeyGPZv
e_drive,E:\madoyo_cache\post_index.xlsx,https://www.threads.com/@arin_item_/post/DYLKlETk6Nt,arin_item_/post/DYLKlETk6Nt
e_drive,E:\madoyo_cache\post_index.xlsx,https://www.threads.com/@arin_item_/post/DYO1bZUGILw,arin_item_/post/DYO1bZUGILw
e_drive,E:\madoyo_cache\post_index.xlsx,https://www.threads.com/@atem_house/post/DXK28wTE2eG,atem_house/post/DXK28wTE2eG
e_drive,E:\madoyo_cache\post_index.xlsx,https://www.threads.com/@b_boun_ce/post/DXITGJxkpF0,b_boun_ce/post/DXITGJxkpF0
e_drive,E:\madoyo_cache\post_index.xlsx,https://www.threads.com/@bam_do.tori/post/DX4eGH2kskV,bam_do.tori/post/DX4eGH2kskV
e_drive,E:\madoyo_cache\post_index.xlsx,https://www.threads.com/@bam_do.tori/post/DXGKKuxkpm_,bam_do.tori/post/DXGKKuxkpm_
e_drive,E:\madoyo_cache\post_index.xlsx,https://www.threads.com/@bamon_cl/post/DXJJF50mMK9,bamon_cl/post/DXJJF50mMK9
e_drive,E:\madoyo_cache\post_index.xlsx,https://www.threads.com/@bamon_cl/post/DXLxGFpmDLs,bamon_cl/post/DXLxGFpmDLs
e_drive,E:\madoyo_cache\post_index.xlsx,https://www.threads.com/@bbol_bboltem49/post/DYA-OCVE73i,bbol_bboltem49/post/DYA-OCVE73i
e_drive,E:\madoyo_cache\post_index.xlsx,https://www.threads.com/@beautifulgirl.0829/post/DXnh4hLgcYe,beautifulgirl.0829/post/DXnh4hLgcYe
e_drive,E:\madoyo_cache\post_index.xlsx,https://www.threads.com/@bell_tokki/post/DYKOyrmkmym,bell_tokki/post/DYKOyrmkmym
e_drive,E:\madoyo_cache\post_index.xlsx,https://www.threads.com/@bell_tokki/post/DYOdnbKEum6,bell_tokki/post/DYOdnbKEum6
e_drive,E:\madoyo_cache\post_index.xlsx,https://www.threads.com/@berry.puffy712/post/DYUHIvpk1lT,berry.puffy712/post/DYUHIvpk1lT
e_drive,E:\madoyo_cache\post_index.xlsx,https://www.threads.com/@blueofze/post/DXuVjtik3Mr,blueofze/post/DXuVjtik3Mr
e_drive,E:\madoyo_cache\post_index.xlsx,https://www.threads.com/@bodyfit_ing/post/DYYlaHlk_5U,bodyfit_ing/post/DYYlaHlk_5U
e_drive,E:\madoyo_cache\post_index.xlsx,https://www.threads.com/@bokhamzzi/post/DXaa31TEpeZ,bokhamzzi/post/DXaa31TEpeZ
e_drive,E:\madoyo_cache\post_index.xlsx,https://www.threads.com/@bongdeokgaksi/post/DXFtcEkEi5i,bongdeokgaksi/post/DXFtcEkEi5i
e_drive,E:\madoyo_cache\post_index.xlsx,https://www.threads.com/@bongdeokgaksi/post/DXbwUMwkkMP,bongdeokgaksi/post/DXbwUMwkkMP
e_drive,E:\madoyo_cache\post_index.xlsx,https://www.threads.com/@bora260305/post/DYXE7BDE4wl,bora260305/post/DYXE7BDE4wl
e_drive,E:\madoyo_cache\post_index.xlsx,https://www.threads.com/@bori_psy/post/DYV-rmHkevE,bori_psy/post/DYV-rmHkevE
e_drive,E:\madoyo_cache\post_index.xlsx,https://www.threads.com/@brainy_beautyy7/post/DYa7EyrD_-L,brainy_beautyy7/post/DYa7EyrD_-L
e_drive,E:\madoyo_cache\post_index.xlsx,https://www.threads.com/@bujagogo0416/post/DYQiW3cki60,bujagogo0416/post/DYQiW3cki60
e_drive,E:\madoyo_cache\post_index.xlsx,https://www.threads.com/@by_ria_/post/DYHb3bPkUOf,by_ria_/post/DYHb3bPkUOf
e_drive,E:\madoyo_cache\post_index.xlsx,https://www.threads.com/@byungmat_kkultem/post/DXIwjkSEQAH,byungmat_kkultem/post/DXIwjkSEQAH
e_drive,E:\madoyo_cache\post_index.xlsx,https://www.threads.com/@cecil_place2/post/DXu5S15AeVc,cecil_place2/post/DXu5S15AeVc
e_drive,E:\madoyo_cache\post_index.xlsx,https://www.threads.com/@cecil_place2/post/DYA-ZdAAXxw,cecil_place2/post/DYA-ZdAAXxw
e_drive,E:\madoyo_cache\post_index.xlsx,https://www.threads.com/@cheat_keynote7/post/DYMwpyCk7UZ,cheat_keynote7/post/DYMwpyCk7UZ
e_drive,E:\madoyo_cache\post_index.xlsx,https://www.threads.com/@chichi_tem/post/DXeZXFuErE2,chichi_tem/post/DXeZXFuErE2
e_drive,E:\madoyo_cache\post_index.xlsx,https://www.threads.com/@clinica_2017/post/DX6vx1bExdY,clinica_2017/post/DX6vx1bExdY
e_drive,E:\madoyo_cache\post_index.xlsx,https://www.threads.com/@coco.label_3/post/DXk_J-0k5w_,coco.label_3/post/DXk_J-0k5w_
e_drive,E:\madoyo_cache\post_index.xlsx,https://www.threads.com/@coco.label_3/post/DYG4hpAk4jX,coco.label_3/post/DYG4hpAk4jX
e_drive,E:\madoyo_cache\post_index.xlsx,https://www.threads.com/@coco.label_3/post/DYGo7ShE-vc,coco.label_3/post/DYGo7ShE-vc
e_drive,E:\madoyo_cache\post_index.xlsx,https://www.threads.com/@coco_x_pas/post/DX3UXgeD1FK,coco_x_pas/post/DX3UXgeD1FK
e_drive,E:\madoyo_cache\post_index.xlsx,https://www.threads.com/@coco_x_pas/post/DX3WF8TDvGc,coco_x_pas/post/DX3WF8TDvGc
e_drive,E:\madoyo_cache\post_index.xlsx,https://www.threads.com/@coco_x_pas/post/DX7fQzVE0s_,coco_x_pas/post/DX7fQzVE0s_
e_drive,E:\madoyo_cache\post_index.xlsx,https://www.threads.com/@coco_x_pas/post/DX9b3mcCNig,coco_x_pas/post/DX9b3mcCNig
e_drive,E:\madoyo_cache\post_index.xlsx,https://www.threads.com/@coco_x_pas/post/DX_rftVj3Zv,coco_x_pas/post/DX_rftVj3Zv
e_drive,E:\madoyo_cache\post_index.xlsx,https://www.threads.com/@coco_x_pas/post/DXhTR_ykhS6,coco_x_pas/post/DXhTR_ykhS6
e_drive,E:\madoyo_cache\post_index.xlsx,https://www.threads.com/@coco_x_pas/post/DXhzrPekgua,coco_x_pas/post/DXhzrPekgua
e_drive,E:\madoyo_cache\post_index.xlsx,https://www.threads.com/@coco_x_pas/post/DXp3CDhE4Jn,coco_x_pas/post/DXp3CDhE4Jn
e_drive,E:\madoyo_cache\post_index.xlsx,https://www.threads.com/@coco_x_pas/post/DXpJio0j89n,coco_x_pas/post/DXpJio0j89n
e_drive,E:\madoyo_cache\post_index.xlsx,https://www.threads.com/@coco_x_pas/post/DXuwI7lE6Zo,coco_x_pas/post/DXuwI7lE6Zo
e_drive,E:\madoyo_cache\post_index.xlsx,https://www.threads.com/@coco_x_pas/post/DYNoGeRk8aV,coco_x_pas/post/DYNoGeRk8aV
e_drive,E:\madoyo_cache\post_index.xlsx,https://www.threads.com/@coco_x_pas/post/DYQUa-9iG_1,coco_x_pas/post/DYQUa-9iG_1
e_drive,E:\madoyo_cache\post_index.xlsx,https://www.threads.com/@coco_x_pas/post/DYQjsmAGLjA,coco_x_pas/post/DYQjsmAGLjA
e_drive,E:\madoyo_cache\post_index.xlsx,https://www.threads.com/@coco_x_pas/post/DYS5-DnjuRG,coco_x_pas/post/DYS5-DnjuRG
e_drive,E:\madoyo_cache\post_index.xlsx,https://www.threads.com/@coco_x_pas/post/DYS8n5JE9_7,coco_x_pas/post/DYS8n5JE9_7
e_drive,E:\madoyo_cache\post_index.xlsx,https://www.threads.com/@cococo.cafe.14/post/DX6FWvhCdsR,cococo.cafe.14/post/DX6FWvhCdsR
e_drive,E:\madoyo_cache\post_index.xlsx,https://www.threads.com/@cococo.cafe.14/post/DXJKaUwCaG8,cococo.cafe.14/post/DXJKaUwCaG8
e_drive,E:\madoyo_cache\post_index.xlsx,https://www.threads.com/@cococo.cafe.14/post/DXnSstfk_Sb,cococo.cafe.14/post/DXnSstfk_Sb
e_drive,E:\madoyo_cache\post_index.xlsx,https://www.threads.com/@coecmom/post/DX5TyY9ksk2,coecmom/post/DX5TyY9ksk2
e_drive,E:\madoyo_cache\post_index.xlsx,https://www.threads.com/@coffebean_45/post/DX9QW9cD3r-,coffebean_45/post/DX9QW9cD3r-
e_drive,E:\madoyo_cache\post_index.xlsx,https://www.threads.com/@coffebean_45/post/DXJAt-DgPsB,coffebean_45/post/DXJAt-DgPsB
e_drive,E:\madoyo_cache\post_index.xlsx,https://www.threads.com/@coffebean_45/post/DXMGmP9gKfw,coffebean_45/post/DXMGmP9gKfw
e_drive,E:\madoyo_cache\post_index.xlsx,https://www.threads.com/@coffebean_45/post/DXbxP9zD7qV,coffebean_45/post/DXbxP9zD7qV
e_drive,E:\madoyo_cache\post_index.xlsx,https://www.threads.com/@coffebean_45/post/DXdkSNJgIR6,coffebean_45/post/DXdkSNJgIR6
e_drive,E:\madoyo_cache\post_index.xlsx,https://www.threads.com/@coffebean_45/post/DXeSl6Ij7cV,coffebean_45/post/DXeSl6Ij7cV
e_drive,E:\madoyo_cache\post_index.xlsx,https://www.threads.com/@coffebean_45/post/DXeTFZ1j524,coffebean_45/post/DXeTFZ1j524
e_drive,E:\madoyo_cache\post_index.xlsx,https://www.threads.com/@coffebean_45/post/DXoGg8lD15b,coffebean_45/post/DXoGg8lD15b
e_drive,E:\madoyo_cache\post_index.xlsx,https://www.threads.com/@coffebean_45/post/DYG3vJCgChw,coffebean_45/post/DYG3vJCgChw
e_drive,E:\madoyo_cache\post_index.xlsx,https://www.threads.com/@coffebean_45/post/DYGnXA5D5MD,coffebean_45/post/DYGnXA5D5MD
e_drive,E:\madoyo_cache\post_index.xlsx,https://www.threads.com/@coffebean_45/post/DYGsGk4AJ35,coffebean_45/post/DYGsGk4AJ35
e_drive,E:\madoyo_cache\post_index.xlsx,https://www.threads.com/@collector_rabbit/post/DX9Y8iqDpIL,collector_rabbit/post/DX9Y8iqDpIL
e_drive,E:\madoyo_cache\post_index.xlsx,https://www.threads.com/@collector_rabbit/post/DXFbyVdkzZ5,collector_rabbit/post/DXFbyVdkzZ5
e_drive,E:\madoyo_cache\post_index.xlsx,https://www.threads.com/@collector_rabbit/post/DXohxupHyp1,collector_rabbit/post/DXohxupHyp1
e_drive,E:\madoyo_cache\post_index.xlsx,https://www.threads.com/@collector_rabbit/post/DXvjwkDnwk6,collector_rabbit/post/DXvjwkDnwk6
e_drive,E:\madoyo_cache\post_index.xlsx,https://www.threads.com/@coxxco/post/DYFNN9KIPu2,coxxco/post/DYFNN9KIPu2
e_drive,E:\madoyo_cache\post_index.xlsx,https://www.threads.com/@coxxco/post/DYRajVIoGhl,coxxco/post/DYRajVIoGhl
e_drive,E:\madoyo_cache\post_index.xlsx,https://www.threads.com/@cy_picknotes/post/DXlZa_ED3Cj,cy_picknotes/post/DXlZa_ED3Cj
e_drive,E:\madoyo_cache\post_index.xlsx,https://www.threads.com/@da.moamall/post/DYL-wzSAbIe,da.moamall/post/DYL-wzSAbIe
e_drive,E:\madoyo_cache\post_index.xlsx,https://www.threads.com/@daily___pick_/post/DYApECNk2DC,daily___pick_/post/DYApECNk2DC
e_drive,E:\madoyo_cache\post_index.xlsx,https://www.threads.com/@dailyitemlab/post/DYPS6KSEeFP,dailyitemlab/post/DYPS6KSEeFP
e_drive,E:\madoyo_cache\post_index.xlsx,https://www.threads.com/@dailyitemlab/post/DYe3MCWEQrl,dailyitemlab/post/DYe3MCWEQrl
e_drive,E:\madoyo_cache\post_index.xlsx,https://www.threads.com/@dalho.pick/post/DX4dW_9mvOJ,dalho.pick/post/DX4dW_9mvOJ
e_drive,E:\madoyo_cache\post_index.xlsx,https://www.threads.com/@daliy_pic0/post/DXIfZbKEjYL,daliy_pic0/post/DXIfZbKEjYL
e_drive,E:\madoyo_cache\post_index.xlsx,https://www.threads.com/@daon_tem/post/DXGFThUkuYY,daon_tem/post/DXGFThUkuYY
e_drive,E:\madoyo_cache\post_index.xlsx,https://www.threads.com/@dave_hyemin/post/DYBybgdHYyt,dave_hyemin/post/DYBybgdHYyt
e_drive,E:\madoyo_cache\post_index.xlsx,https://www.threads.com/@daylog_87/post/DX-sKLfGTPt,daylog_87/post/DX-sKLfGTPt
e_drive,E:\madoyo_cache\post_index.xlsx,https://www.threads.com/@daylog_87/post/DX2pyR9EWpf,daylog_87/post/DX2pyR9EWpf
e_drive,E:\madoyo_cache\post_index.xlsx,https://www.threads.com/@dayoon.ii/post/DXGKF9XASqs,dayoon.ii/post/DXGKF9XASqs
e_drive,E:\madoyo_cache\post_index.xlsx,https://www.threads.com/@dayoon7997/post/DXbmzteHzpV,dayoon7997/post/DXbmzteHzpV
e_drive,E:\madoyo_cache\post_index.xlsx,https://www.threads.com/@dayoon7997/post/DYb19BqH9_4,dayoon7997/post/DYb19BqH9_4
e_drive,E:\madoyo_cache\post_index.xlsx,https://www.threads.com/@days.ofboys/post/DXnoRbxAW2k,days.ofboys/post/DXnoRbxAW2k
e_drive,E:\madoyo_cache\post_index.xlsx,https://www.threads.com/@ddock.life/post/DYKStWuE6hV,ddock.life/post/DYKStWuE6hV
e_drive,E:\madoyo_cache\post_index.xlsx,https://www.threads.com/@dingdong.ii/post/DXJAt0Gkk23,dingdong.ii/post/DXJAt0Gkk23
e_drive,E:\madoyo_cache\post_index.xlsx,https://www.threads.com/@dldlsruddl16/post/DYKbcTIk2dg,dldlsruddl16/post/DYKbcTIk2dg
e_drive,E:\madoyo_cache\post_index.xlsx,https://www.threads.com/@dnfkagksekfkawnl/post/DXaclqEkxpe,dnfkagksekfkawnl/post/DXaclqEkxpe
e_drive,E:\madoyo_cache\post_index.xlsx,https://www.threads.com/@dnfkagksekfkawnl/post/DXkoVuzk22m,dnfkagksekfkawnl/post/DXkoVuzk22m
e_drive,E:\madoyo_cache\post_index.xlsx,https://www.threads.com/@dnfkagksekfkawnl/post/DXotDXfAOHl,dnfkagksekfkawnl/post/DXotDXfAOHl
e_drive,E:\madoyo_cache\post_index.xlsx,https://www.threads.com/@dodo27406/post/DX4ZKGvAQUm,dodo27406/post/DX4ZKGvAQUm
e_drive,E:\madoyo_cache\post_index.xlsx,https://www.threads.com/@dodo27406/post/DX8JAZ5gXGQ,dodo27406/post/DX8JAZ5gXGQ
e_drive,E:\madoyo_cache\post_index.xlsx,https://www.threads.com/@dooly_0619/post/DXIrUZXj32N,dooly_0619/post/DXIrUZXj32N
e_drive,E:\madoyo_cache\post_index.xlsx,https://www.threads.com/@dooly_0619/post/DXJP02dj98p,dooly_0619/post/DXJP02dj98p
e_drive,E:\madoyo_cache\post_index.xlsx,https://www.threads.com/@dooly_0619/post/DXv-9Vjjys-,dooly_0619/post/DXv-9Vjjys-
e_drive,E:\madoyo_cache\post_index.xlsx,https://www.threads.com/@dooly_0619/post/DYZ8QYrjxxP,dooly_0619/post/DYZ8QYrjxxP
e_drive,E:\madoyo_cache\post_index.xlsx,https://www.threads.com/@doozy_kk/post/DYBpIXPiazQ,doozy_kk/post/DYBpIXPiazQ
e_drive,E:\madoyo_cache\post_index.xlsx,https://www.threads.com/@doye_onee/post/DXHIoTYk28h,doye_onee/post/DXHIoTYk28h
e_drive,E:\madoyo_cache\post_index.xlsx,https://www.threads.com/@duckdps/post/DXML1XTkQRZ,duckdps/post/DXML1XTkQRZ
e_drive,E:\madoyo_cache\post_index.xlsx,https://www.threads.com/@duckdps/post/DX_zbhdEdHC,duckdps/post/DX_zbhdEdHC
e_drive,E:\madoyo_cache\post_index.xlsx,https://www.threads.com/@earthtone.kr/post/DXFUDEGE4hP,earthtone.kr/post/DXFUDEGE4hP
e_drive,E:\madoyo_cache\post_index.xlsx,https://www.threads.com/@earthtone.kr/post/DXG_UK3Dxnz,earthtone.kr/post/DXG_UK3Dxnz
e_drive,E:\madoyo_cache\post_index.xlsx,https://www.threads.com/@earthtone.kr/post/DXL-tuwAGeQ,earthtone.kr/post/DXL-tuwAGeQ
e_drive,E:\madoyo_cache\post_index.xlsx,https://www.threads.com/@ebeauty12130/post/DXoTmSvkYEk,ebeauty12130/post/DXoTmSvkYEk
e_drive,E:\madoyo_cache\post_index.xlsx,https://www.threads.com/@eco.yellow/post/DXLHKtaE9z8,eco.yellow/post/DXLHKtaE9z8
e_drive,E:\madoyo_cache\post_index.xlsx,https://www.threads.com/@eggfrypick/post/DYMm3zqn_Ev,eggfrypick/post/DYMm3zqn_Ev
e_drive,E:\madoyo_cache\post_index.xlsx,https://www.threads.com/@eggrollpick/post/DXK-lKKk7cU,eggrollpick/post/DXK-lKKk7cU
e_drive,E:\madoyo_cache\post_index.xlsx,https://www.threads.com/@ejj.jje/post/DX_5NwQj-ho,ejj.jje/post/DX_5NwQj-ho
e_drive,E:\madoyo_cache\post_index.xlsx,https://www.threads.com/@ejj.jje/post/DYb97NWkZr5,ejj.jje/post/DYb97NWkZr5
e_drive,E:\madoyo_cache\post_index.xlsx,https://www.threads.com/@eonilike/post/DXlQzt9j3lM,eonilike/post/DXlQzt9j3lM
e_drive,E:\madoyo_cache\post_index.xlsx,https://www.threads.com/@eund_00/post/DXaZ7UyAZb6,eund_00/post/DXaZ7UyAZb6
e_drive,E:\madoyo_cache\post_index.xlsx,https://www.threads.com/@everybeautytip/post/DXallbMDw-n,everybeautytip/post/DXallbMDw-n
e_drive,E:\madoyo_cache\post_index.xlsx,https://www.threads.com/@fadra_gon/post/DXayHtnGcc8,fadra_gon/post/DXayHtnGcc8
e_drive,E:\madoyo_cache\post_index.xlsx,https://www.threads.com/@foodie.mochi88/post/DXfjV40kgi7,foodie.mochi88/post/DXfjV40kgi7
e_drive,E:\madoyo_cache\post_index.xlsx,https://www.threads.com/@freesia_vvv/post/DXwLbVvH9Vy,freesia_vvv/post/DXwLbVvH9Vy
e_drive,E:\madoyo_cache\post_index.xlsx,https://www.threads.com/@freesia_vvv/post/DYPbv8bDT-K,freesia_vvv/post/DYPbv8bDT-K
e_drive,E:\madoyo_cache\post_index.xlsx,https://www.threads.com/@ga_ggom92/post/DYOAlTOExJ4,ga_ggom92/post/DYOAlTOExJ4
e_drive,E:\madoyo_cache\post_index.xlsx,https://www.threads.com/@ga_ggom92/post/DYgXJpKE7Om,ga_ggom92/post/DYgXJpKE7Om
e_drive,E:\madoyo_cache\post_index.xlsx,https://www.threads.com/@getafe.villarreal/post/DXLu2d0mVKL,getafe.villarreal/post/DXLu2d0mVKL
e_drive,E:\madoyo_cache\post_index.xlsx,https://www.threads.com/@getafe.villarreal/post/DYaa6AjEyoT,getafe.villarreal/post/DYaa6AjEyoT
e_drive,E:\madoyo_cache\post_index.xlsx,https://www.threads.com/@gigawifi66/post/DX_4Wd0EUba,gigawifi66/post/DX_4Wd0EUba
e_drive,E:\madoyo_cache\post_index.xlsx,https://www.threads.com/@gigawifi66/post/DYN1iS_kqHp,gigawifi66/post/DYN1iS_kqHp
e_drive,E:\madoyo_cache\post_index.xlsx,https://www.threads.com/@go_gu_mi/post/DXHON6LAXa2,go_gu_mi/post/DXHON6LAXa2
e_drive,E:\madoyo_cache\post_index.xlsx,https://www.threads.com/@gogoodlucky99/post/DYLEg8nE-4o,gogoodlucky99/post/DYLEg8nE-4o
e_drive,E:\madoyo_cache\post_index.xlsx,https://www.threads.com/@goldie_reviewer_/post/DXbCRCeCQM5,goldie_reviewer_/post/DXbCRCeCQM5
e_drive,E:\madoyo_cache\post_index.xlsx,https://www.threads.com/@gomgombear78/post/DXLI0TxgeVz,gomgombear78/post/DXLI0TxgeVz
e_drive,E:\madoyo_cache\post_index.xlsx,https://www.threads.com/@gongkalm/post/DXJsUvPD5im,gongkalm/post/DXJsUvPD5im
e_drive,E:\madoyo_cache\post_index.xlsx,https://www.threads.com/@gongkalm/post/DYesZd4j7yV,gongkalm/post/DYesZd4j7yV
e_drive,E:\madoyo_cache\post_index.xlsx,https://www.threads.com/@goom_dool2/post/DXyRuncE2Yi,goom_dool2/post/DXyRuncE2Yi
e_drive,E:\madoyo_cache\post_index.xlsx,https://www.threads.com/@goom_dool2/post/DYBqaSgk1jY,goom_dool2/post/DYBqaSgk1jY
e_drive,E:\madoyo_cache\post_index.xlsx,https://www.threads.com/@goom_dool2/post/DYMFIpqk-1m,goom_dool2/post/DYMFIpqk-1m
e_drive,E:\madoyo_cache\post_index.xlsx,https://www.threads.com/@goom_dool2/post/DYYntqikxum,goom_dool2/post/DYYntqikxum
e_drive,E:\madoyo_cache\post_index.xlsx,https://www.threads.com/@goom_dool2/post/DYcBu8bk3Ip,goom_dool2/post/DYcBu8bk3Ip
e_drive,E:\madoyo_cache\post_index.xlsx,https://www.threads.com/@goom_dool2/post/DYe9FdjE-L1,goom_dool2/post/DYe9FdjE-L1
e_drive,E:\madoyo_cache\post_index.xlsx,https://www.threads.com/@goyoungheessi/post/DYBkpv6Cdxu,goyoungheessi/post/DYBkpv6Cdxu
e_drive,E:\madoyo_cache\post_index.xlsx,https://www.threads.com/@grace12312577/post/DX8rk00kTZ3,grace12312577/post/DX8rk00kTZ3
e_drive,E:\madoyo_cache\post_index.xlsx,https://www.threads.com/@green.daisy77/post/DX8zovJASHU,green.daisy77/post/DX8zovJASHU
e_drive,E:\madoyo_cache\post_index.xlsx,https://www.threads.com/@green.daisy77/post/DXafALFgUD5,green.daisy77/post/DXafALFgUD5
e_drive,E:\madoyo_cache\post_index.xlsx,https://www.threads.com/@green.daisy77/post/DXnmT0ngdkX,green.daisy77/post/DXnmT0ngdkX
e_drive,E:\madoyo_cache\post_index.xlsx,https://www.threads.com/@greenbluekk1/post/DXlAzDdml_H,greenbluekk1/post/DXlAzDdml_H
e_drive,E:\madoyo_cache\post_index.xlsx,https://www.threads.com/@growpay24/post/DYRL1byEnQo,growpay24/post/DYRL1byEnQo
e_drive,E:\madoyo_cache\post_index.xlsx,https://www.threads.com/@gsu0.16/post/DXeLhzPkU-o,gsu0.16/post/DXeLhzPkU-o
e_drive,E:\madoyo_cache\post_index.xlsx,https://www.threads.com/@haeu.n6366/post/DXmDPROkmlX,haeu.n6366/post/DXmDPROkmlX
e_drive,E:\madoyo_cache\post_index.xlsx,https://www.threads.com/@haeyoon1013/post/DX4aWDVCYD9,haeyoon1013/post/DX4aWDVCYD9
e_drive,E:\madoyo_cache\post_index.xlsx,https://www.threads.com/@hajinrosli/post/DXns3SRkgks,hajinrosli/post/DXns3SRkgks
e_drive,E:\madoyo_cache\post_index.xlsx,https://www.threads.com/@hanari.xoxo/post/DX21LsWk377,hanari.xoxo/post/DX21LsWk377
e_drive,E:\madoyo_cache\post_index.xlsx,https://www.threads.com/@hansul1604/post/DXIYcyeExj9,hansul1604/post/DXIYcyeExj9
e_drive,E:\madoyo_cache\post_index.xlsx,https://www.threads.com/@happylimkim/post/DYQTYgckoT0,happylimkim/post/DYQTYgckoT0
e_drive,E:\madoyo_cache\post_index.xlsx,https://www.threads.com/@happym7777/post/DX6uBl5kl_-,happym7777/post/DX6uBl5kl_-
e_drive,E:\madoyo_cache\post_index.xlsx,https://www.threads.com/@happym7777/post/DYXFM9UkvY-,happym7777/post/DYXFM9UkvY-
e_drive,E:\madoyo_cache\post_index.xlsx,https://www.threads.com/@harin_00345/post/DXGC6YNiW74,harin_00345/post/DXGC6YNiW74
e_drive,E:\madoyo_cache\post_index.xlsx,https://www.threads.com/@haru__lee.00/post/DYLNR6ND1aX,haru__lee.00/post/DYLNR6ND1aX
e_drive,E:\madoyo_cache\post_index.xlsx,https://www.threads.com/@haru__lee.00/post/DYUlXo4ETyw,haru__lee.00/post/DYUlXo4ETyw
e_drive,E:\madoyo_cache\post_index.xlsx,https://www.threads.com/@haru__lee.00/post/DYeR4F3iKJO,haru__lee.00/post/DYeR4F3iKJO
e_drive,E:\madoyo_cache\post_index.xlsx,https://www.threads.com/@heheheehee123/post/DX8tQD1Dubd,heheheehee123/post/DX8tQD1Dubd
e_drive,E:\madoyo_cache\post_index.xlsx,https://www.threads.com/@heheheehee123/post/DX9Sm_ln6-R,heheheehee123/post/DX9Sm_ln6-R
e_drive,E:\madoyo_cache\post_index.xlsx,https://www.threads.com/@hey.mongle/post/DXd1vbkDtnz,hey.mongle/post/DXd1vbkDtnz
e_drive,E:\madoyo_cache\post_index.xlsx,https://www.threads.com/@hey.mongle/post/DXfevA5gRRn,hey.mongle/post/DXfevA5gRRn
e_drive,E:\madoyo_cache\post_index.xlsx,https://www.threads.com/@hey.mongle/post/DXwIr79kVzZ,hey.mongle/post/DXwIr79kVzZ
e_drive,E:\madoyo_cache\post_index.xlsx,https://www.threads.com/@ho.ttk/post/DXeEqBKk9qD,ho.ttk/post/DXeEqBKk9qD
e_drive,E:\madoyo_cache\post_index.xlsx,https://www.threads.com/@home_ggu_/post/DYfA0M1kagk,home_ggu_/post/DYfA0M1kagk
e_drive,E:\madoyo_cache\post_index.xlsx,https://www.threads.com/@homekootem/post/DXLvn2Xk4FD,homekootem/post/DXLvn2Xk4FD
e_drive,E:\madoyo_cache\post_index.xlsx,https://www.threads.com/@honest._.moment/post/DX9A5wrGusB,honest._.moment/post/DX9A5wrGusB
e_drive,E:\madoyo_cache\post_index.xlsx,https://www.threads.com/@honest._.moment/post/DXeL7cJGk2q,honest._.moment/post/DXeL7cJGk2q
e_drive,E:\madoyo_cache\post_index.xlsx,https://www.threads.com/@honeybrze0606/post/DYb2nKdErCk,honeybrze0606/post/DYb2nKdErCk
e_drive,E:\madoyo_cache\post_index.xlsx,https://www.threads.com/@honeymomyou/post/DXJQZ51FEky,honeymomyou/post/DXJQZ51FEky
e_drive,E:\madoyo_cache\post_index.xlsx,https://www.threads.com/@hue._.archive/post/DX6wtN7E1PY,hue._.archive/post/DX6wtN7E1PY
e_drive,E:\madoyo_cache\post_index.xlsx,https://www.threads.com/@hue._.archive/post/DX8yQd_E0CN,hue._.archive/post/DX8yQd_E0CN
e_drive,E:\madoyo_cache\post_index.xlsx,https://www.threads.com/@hyoss510/post/DYatjVXk6dP,hyoss510/post/DYatjVXk6dP
e_drive,E:\madoyo_cache\post_index.xlsx,https://www.threads.com/@hyunzuu7/post/DYKJ8zhkgWA,hyunzuu7/post/DYKJ8zhkgWA
e_drive,E:\madoyo_cache\post_index.xlsx,https://www.threads.com/@im_bunnylog/post/DXb7GqIjzDs,im_bunnylog/post/DXb7GqIjzDs
e_drive,E:\madoyo_cache\post_index.xlsx,https://www.threads.com/@inhyunji_lola/post/DXbWbz2EnBQ,inhyunji_lola/post/DXbWbz2EnBQ
e_drive,E:\madoyo_cache\post_index.xlsx,https://www.threads.com/@inhyunji_lola/post/DXeS_9Ykgm9,inhyunji_lola/post/DXeS_9Ykgm9
e_drive,E:\madoyo_cache\post_index.xlsx,https://www.threads.com/@inhyunji_lola/post/DXlTG5Mj54y,inhyunji_lola/post/DXlTG5Mj54y
e_drive,E:\madoyo_cache\post_index.xlsx,https://www.threads.com/@injaky86/post/DXE-JhnlBJn,injaky86/post/DXE-JhnlBJn
e_drive,E:\madoyo_cache\post_index.xlsx,https://www.threads.com/@injaky86/post/DXIx5ENHzh5,injaky86/post/DXIx5ENHzh5
e_drive,E:\madoyo_cache\post_index.xlsx,https://www.threads.com/@irenatcw1886/post/DXlWgTCmZzw,irenatcw1886/post/DXlWgTCmZzw
e_drive,E:\madoyo_cache\post_index.xlsx,https://www.threads.com/@irenatcw1886/post/DXt_g8SmQyw,irenatcw1886/post/DXt_g8SmQyw
e_drive,E:\madoyo_cache\post_index.xlsx,https://www.threads.com/@irenatcw1886/post/DYHU0mKk2hy,irenatcw1886/post/DYHU0mKk2hy
e_drive,E:\madoyo_cache\post_index.xlsx,https://www.threads.com/@irenatcw1886/post/DYJ7vdHmflp,irenatcw1886/post/DYJ7vdHmflp
e_drive,E:\madoyo_cache\post_index.xlsx,https://www.threads.com/@irenatcw1886/post/DYPP0VIGThY,irenatcw1886/post/DYPP0VIGThY
e_drive,E:\madoyo_cache\post_index.xlsx,https://www.threads.com/@jayday__jayday/post/DX6DOA1CSUl,jayday__jayday/post/DX6DOA1CSUl
e_drive,E:\madoyo_cache\post_index.xlsx,https://www.threads.com/@jayday__jayday/post/DXvxDPdiQkB,jayday__jayday/post/DXvxDPdiQkB
e_drive,E:\madoyo_cache\post_index.xlsx,https://www.threads.com/@jhjhjs5/post/DYBd01xEnE2,jhjhjs5/post/DYBd01xEnE2
e_drive,E:\madoyo_cache\post_index.xlsx,https://www.threads.com/@jin__favorite/post/DXGN90jGBpm,jin__favorite/post/DXGN90jGBpm
e_drive,E:\madoyo_cache\post_index.xlsx,https://www.threads.com/@jin__favorite/post/DXI2bBTmHEM,jin__favorite/post/DXI2bBTmHEM
e_drive,E:\madoyo_cache\post_index.xlsx,https://www.threads.com/@jin__favorite/post/DXJuPKdmLIl,jin__favorite/post/DXJuPKdmLIl
e_drive,E:\madoyo_cache\post_index.xlsx,https://www.threads.com/@jinnydays_/post/DXeidNyEcit,jinnydays_/post/DXeidNyEcit
e_drive,E:\madoyo_cache\post_index.xlsx,https://www.threads.com/@jinnydays_/post/DYHe6tjEdYB,jinnydays_/post/DYHe6tjEdYB
e_drive,E:\madoyo_cache\post_index.xlsx,https://www.threads.com/@jiwooo._.oo/post/DYKDF9ElIfo,jiwooo._.oo/post/DYKDF9ElIfo
e_drive,E:\madoyo_cache\post_index.xlsx,https://www.threads.com/@jiyun20200/post/DXnt2ZrgYOG,jiyun20200/post/DXnt2ZrgYOG
e_drive,E:\madoyo_cache\post_index.xlsx,https://www.threads.com/@jiyun20200/post/DXou2IvgUJf,jiyun20200/post/DXou2IvgUJf
e_drive,E:\madoyo_cache\post_index.xlsx,https://www.threads.com/@jogedong.e/post/DYPXuVLkvk9,jogedong.e/post/DYPXuVLkvk9
e_drive,E:\madoyo_cache\post_index.xlsx,https://www.threads.com/@jooju_couple/post/DYcMFp5EyaK,jooju_couple/post/DYcMFp5EyaK
e_drive,E:\madoyo_cache\post_index.xlsx,https://www.threads.com/@joomukjil/post/DXvUh7QD1_9,joomukjil/post/DXvUh7QD1_9
e_drive,E:\madoyo_cache\post_index.xlsx,https://www.threads.com/@joylove.510/post/DYba04Oj3iW,joylove.510/post/DYba04Oj3iW
e_drive,E:\madoyo_cache\post_index.xlsx,https://www.threads.com/@joylove510/post/DXF9LeDkruH,joylove510/post/DXF9LeDkruH
e_drive,E:\madoyo_cache\post_index.xlsx,https://www.threads.com/@ju___ju1212/post/DXkm39ak-8b,ju___ju1212/post/DXkm39ak-8b
e_drive,E:\madoyo_cache\post_index.xlsx,https://www.threads.com/@ju___ju1212/post/DXu3AxzE1Hr,ju___ju1212/post/DXu3AxzE1Hr
e_drive,E:\madoyo_cache\post_index.xlsx,https://www.threads.com/@just_pick_2025/post/DXktIanE7X0,just_pick_2025/post/DXktIanE7X0
e_drive,E:\madoyo_cache\post_index.xlsx,https://www.threads.com/@k_whypick/post/DX9oK3vGQr_,k_whypick/post/DX9oK3vGQr_
e_drive,E:\madoyo_cache\post_index.xlsx,https://www.threads.com/@k_whypick/post/DYKRt0dmjTN,k_whypick/post/DYKRt0dmjTN
e_drive,E:\madoyo_cache\post_index.xlsx,https://www.threads.com/@kangddabi/post/DXvXZdBD3BP,kangddabi/post/DXvXZdBD3BP
e_drive,E:\madoyo_cache\post_index.xlsx,https://www.threads.com/@kasiwash/post/DYPjqEnGQBO,kasiwash/post/DYPjqEnGQBO
e_drive,E:\madoyo_cache\post_index.xlsx,https://www.threads.com/@kkomi_bear_/post/DYYwKtZEahw,kkomi_bear_/post/DYYwKtZEahw
e_drive,E:\madoyo_cache\post_index.xlsx,https://www.threads.com/@kkstar000/post/DX_xfyNCdO2,kkstar000/post/DX_xfyNCdO2
e_drive,E:\madoyo_cache\post_index.xlsx,https://www.threads.com/@kkulmu_/post/DXdlXw0kQ07,kkulmu_/post/DXdlXw0kQ07
e_drive,E:\madoyo_cache\post_index.xlsx,https://www.threads.com/@kkulmu_/post/DXntQZQETOa,kkulmu_/post/DXntQZQETOa
e_drive,E:\madoyo_cache\post_index.xlsx,https://www.threads.com/@kkulmu_/post/DXvkYxnEYTD,kkulmu_/post/DXvkYxnEYTD
e_drive,E:\madoyo_cache\post_index.xlsx,https://www.threads.com/@kkulmu_/post/DYYt69fEYn5,kkulmu_/post/DYYt69fEYn5
e_drive,E:\madoyo_cache\post_index.xlsx,https://www.threads.com/@kok.pick/post/DXk1dpKj0m9,kok.pick/post/DXk1dpKj0m9
e_drive,E:\madoyo_cache\post_index.xlsx,https://www.threads.com/@lalahome161/post/DXlPkiYiRAM,lalahome161/post/DXlPkiYiRAM
e_drive,E:\madoyo_cache\post_index.xlsx,https://www.threads.com/@lalalaluckey/post/DXE-VEdCeFy,lalalaluckey/post/DXE-VEdCeFy
e_drive,E:\madoyo_cache\post_index.xlsx,https://www.threads.com/@last.chiko/post/DYNBZMTGGnI,last.chiko/post/DYNBZMTGGnI
e_drive,E:\madoyo_cache\post_index.xlsx,https://www.threads.com/@lee2.sia/post/DYQUAmalX_M,lee2.sia/post/DYQUAmalX_M
e_drive,E:\madoyo_cache\post_index.xlsx,https://www.threads.com/@lemon_bbubbu/post/DX1s48iGsCJ,lemon_bbubbu/post/DX1s48iGsCJ
e_drive,E:\madoyo_cache\post_index.xlsx,https://www.threads.com/@lemon_bbubbu/post/DX3ZjgeAOP7,lemon_bbubbu/post/DX3ZjgeAOP7
e_drive,E:\madoyo_cache\post_index.xlsx,https://www.threads.com/@lena_post_/post/DXbSlROEUmZ,lena_post_/post/DXbSlROEUmZ
e_drive,E:\madoyo_cache\post_index.xlsx,https://www.threads.com/@lena_post_/post/DYG9JVNkXCL,lena_post_/post/DYG9JVNkXCL
e_drive,E:\madoyo_cache\post_index.xlsx,https://www.threads.com/@leopardnyy/post/DX4fp7elMHY,leopardnyy/post/DX4fp7elMHY
e_drive,E:\madoyo_cache\post_index.xlsx,https://www.threads.com/@living_studio87/post/DX-YJOVkZsJ,living_studio87/post/DX-YJOVkZsJ
e_drive,E:\madoyo_cache\post_index.xlsx,https://www.threads.com/@lomely707/post/DXbeEeZE06-,lomely707/post/DXbeEeZE06-
e_drive,E:\madoyo_cache\post_index.xlsx,https://www.threads.com/@lomely707/post/DYPXL7Nn8Nb,lomely707/post/DYPXL7Nn8Nb
e_drive,E:\madoyo_cache\post_index.xlsx,https://www.threads.com/@lovebok79/post/DYdobohGQz8,lovebok79/post/DYdobohGQz8
e_drive,E:\madoyo_cache\post_index.xlsx,https://www.threads.com/@loyyu668/post/DYeL-TMAECb,loyyu668/post/DYeL-TMAECb
e_drive,E:\madoyo_cache\post_index.xlsx,https://www.threads.com/@loyyu668/post/DYegOqNktaM,loyyu668/post/DYegOqNktaM
e_drive,E:\madoyo_cache\post_index.xlsx,https://www.threads.com/@lucky.ey/post/DXa1K5AE3pG,lucky.ey/post/DXa1K5AE3pG
e_drive,E:\madoyo_cache\post_index.xlsx,https://www.threads.com/@lucky_lucky015/post/DYcnHR_k3p_,lucky_lucky015/post/DYcnHR_k3p_
e_drive,E:\madoyo_cache\post_index.xlsx,https://www.threads.com/@ludia.2025/post/DX9rH_IE2Uc,ludia.2025/post/DX9rH_IE2Uc
e_drive,E:\madoyo_cache\post_index.xlsx,https://www.threads.com/@ludia.2025/post/DXK6Vi4E6J4,ludia.2025/post/DXK6Vi4E6J4
e_drive,E:\madoyo_cache\post_index.xlsx,https://www.threads.com/@meongbyeol_story/post/DYdtKEagqdJ,meongbyeol_story/post/DYdtKEagqdJ
e_drive,E:\madoyo_cache\post_index.xlsx,https://www.threads.com/@mincho_1min/post/DX1xEjlkqeN,mincho_1min/post/DX1xEjlkqeN
e_drive,E:\madoyo_cache\post_index.xlsx,https://www.threads.com/@minifox_230303/post/DXi16kwCQ8r,minifox_230303/post/DXi16kwCQ8r
e_drive,E:\madoyo_cache\post_index.xlsx,https://www.threads.com/@minifox_230303/post/DYcJyYGGbRJ,minifox_230303/post/DYcJyYGGbRJ
e_drive,E:\madoyo_cache\post_index.xlsx,https://www.threads.com/@minimay0527/post/DX1oVZDEUDA,minimay0527/post/DX1oVZDEUDA
e_drive,E:\madoyo_cache\post_index.xlsx,https://www.threads.com/@minxx__s1/post/DXK65EYE9fv,minxx__s1/post/DXK65EYE9fv
e_drive,E:\madoyo_cache\post_index.xlsx,https://www.threads.com/@minyoung.jung/post/DX-aYL2jp2H,minyoung.jung/post/DX-aYL2jp2H
e_drive,E:\madoyo_cache\post_index.xlsx,https://www.threads.com/@mio.daily_/post/DXGShvAkejp,mio.daily_/post/DXGShvAkejp
e_drive,E:\madoyo_cache\post_index.xlsx,https://www.threads.com/@mizin_ppo/post/DYQv-z5E8-S,mizin_ppo/post/DYQv-z5E8-S
e_drive,E:\madoyo_cache\post_index.xlsx,https://www.threads.com/@mizin_ppo/post/DYZq2Bpk1t8,mizin_ppo/post/DYZq2Bpk1t8
e_drive,E:\madoyo_cache\post_index.xlsx,https://www.threads.com/@modoogawonhae/post/DYdmPCzgcM5,modoogawonhae/post/DYdmPCzgcM5
e_drive,E:\madoyo_cache\post_index.xlsx,https://www.threads.com/@moma_ring/post/DXah93vGpPf,moma_ring/post/DXah93vGpPf
e_drive,E:\madoyo_cache\post_index.xlsx,https://www.threads.com/@momomo77781/post/DYZjjC0jxxE,momomo77781/post/DYZjjC0jxxE
e_drive,E:\madoyo_cache\post_index.xlsx,https://www.threads.com/@momomo77781/post/DYbfPN0j_Gg,momomo77781/post/DYbfPN0j_Gg
e_drive,E:\madoyo_cache\post_index.xlsx,https://www.threads.com/@moneyphaze/post/DYas1-wAqdT,moneyphaze/post/DYas1-wAqdT
e_drive,E:\madoyo_cache\post_index.xlsx,https://www.threads.com/@moneyphaze/post/DYeq1KdCegu,moneyphaze/post/DYeq1KdCegu
e_drive,E:\madoyo_cache\post_index.xlsx,https://www.threads.com/@mugjago99/post/DXlIDBSmv1i,mugjago99/post/DXlIDBSmv1i
e_drive,E:\madoyo_cache\post_index.xlsx,https://www.threads.com/@nana_ab92/post/DX1dVx9j2cK,nana_ab92/post/DX1dVx9j2cK
e_drive,E:\madoyo_cache\post_index.xlsx,https://www.threads.com/@nayana.moongi/post/DXgEzJrkYss,nayana.moongi/post/DXgEzJrkYss
e_drive,E:\madoyo_cache\post_index.xlsx,https://www.threads.com/@neenii.pic/post/DYVvA47Dxam,neenii.pic/post/DYVvA47Dxam
e_drive,E:\madoyo_cache\post_index.xlsx,https://www.threads.com/@newday0225/post/DXLQMjbEiQW,newday0225/post/DXLQMjbEiQW
e_drive,E:\madoyo_cache\post_index.xlsx,https://www.threads.com/@newday0225/post/DYPUIOAErO0,newday0225/post/DYPUIOAErO0
e_drive,E:\madoyo_cache\post_index.xlsx,https://www.threads.com/@nigiyaka77__/post/DYT53TNDyiN,nigiyaka77__/post/DYT53TNDyiN
e_drive,E:\madoyo_cache\post_index.xlsx,https://www.threads.com/@norangbanana9/post/DYcIeUGF5kZ,norangbanana9/post/DYcIeUGF5kZ
e_drive,E:\madoyo_cache\post_index.xlsx,https://www.threads.com/@nostalsokei/post/DX04x70E6I_,nostalsokei/post/DX04x70E6I_
e_drive,E:\madoyo_cache\post_index.xlsx,https://www.threads.com/@nostalsokei/post/DXGUM04kuQf,nostalsokei/post/DXGUM04kuQf
e_drive,E:\madoyo_cache\post_index.xlsx,https://www.threads.com/@nostalsokei/post/DXdfMFLE5OY,nostalsokei/post/DXdfMFLE5OY
e_drive,E:\madoyo_cache\post_index.xlsx,https://www.threads.com/@nostalsokei/post/DXlyhSYE5uN,nostalsokei/post/DXlyhSYE5uN
e_drive,E:\madoyo_cache\post_index.xlsx,https://www.threads.com/@nowwoori04/post/DXLEckOAZrl,nowwoori04/post/DXLEckOAZrl
e_drive,E:\madoyo_cache\post_index.xlsx,https://www.threads.com/@nu_.vvi/post/DYU059vgcWT,nu_.vvi/post/DYU059vgcWT
e_drive,E:\madoyo_cache\post_index.xlsx,https://www.threads.com/@o_r_z_r_/post/DXdvZ_vDhhs,o_r_z_r_/post/DXdvZ_vDhhs
e_drive,E:\madoyo_cache\post_index.xlsx,https://www.threads.com/@oh.moms.item/post/DXF9WE1EqkY,oh.moms.item/post/DXF9WE1EqkY
e_drive,E:\madoyo_cache\post_index.xlsx,https://www.threads.com/@oh.moms.item/post/DXa2Bn1kjr1,oh.moms.item/post/DXa2Bn1kjr1
e_drive,E:\madoyo_cache\post_index.xlsx,https://www.threads.com/@ohmy_it_tem/post/DXK4XYUk7eq,ohmy_it_tem/post/DXK4XYUk7eq
e_drive,E:\madoyo_cache\post_index.xlsx,https://www.threads.com/@ohmy_it_tem/post/DXaTa_0kxYI,ohmy_it_tem/post/DXaTa_0kxYI
e_drive,E:\madoyo_cache\post_index.xlsx,https://www.threads.com/@ohmy_it_tem/post/DXlJQjVkXde,ohmy_it_tem/post/DXlJQjVkXde
e_drive,E:\madoyo_cache\post_index.xlsx,https://www.threads.com/@ohmy_it_tem/post/DYH0V2YkcNl,ohmy_it_tem/post/DYH0V2YkcNl
e_drive,E:\madoyo_cache\post_index.xlsx,https://www.threads.com/@ohmy_it_tem/post/DYOM5IQEVa4,ohmy_it_tem/post/DYOM5IQEVa4
e_drive,E:\madoyo_cache\post_index.xlsx,https://www.threads.com/@onl.yarara/post/DXWsYeLk0Y-,onl.yarara/post/DXWsYeLk0Y-
e_drive,E:\madoyo_cache\post_index.xlsx,https://www.threads.com/@onl.yarara/post/DYG9OyWk3Do,onl.yarara/post/DYG9OyWk3Do
e_drive,E:\madoyo_cache\post_index.xlsx,https://www.threads.com/@oot_zya/post/DYRgBAhkciG,oot_zya/post/DYRgBAhkciG
e_drive,E:\madoyo_cache\post_index.xlsx,https://www.threads.com/@orion_on82/post/DX_FG6MkfWT,orion_on82/post/DX_FG6MkfWT
e_drive,E:\madoyo_cache\post_index.xlsx,https://www.threads.com/@owl.56428582/post/DXI66Hzkd8D,owl.56428582/post/DXI66Hzkd8D
e_drive,E:\madoyo_cache\post_index.xlsx,https://www.threads.com/@palago8394/post/DXGYLFnEcFq,palago8394/post/DXGYLFnEcFq
e_drive,E:\madoyo_cache\post_index.xlsx,https://www.threads.com/@palago8394/post/DYGfJgJkTan,palago8394/post/DYGfJgJkTan
e_drive,E:\madoyo_cache\post_index.xlsx,https://www.threads.com/@peach_human_/post/DXK37UHE3S4,peach_human_/post/DXK37UHE3S4
e_drive,E:\madoyo_cache\post_index.xlsx,https://www.threads.com/@peach_human_/post/DXadCf5E8sY,peach_human_/post/DXadCf5E8sY
e_drive,E:\madoyo_cache\post_index.xlsx,https://www.threads.com/@pickme_tem/post/DYfpu4SE7sU,pickme_tem/post/DYfpu4SE7sU
e_drive,E:\madoyo_cache\post_index.xlsx,https://www.threads.com/@picknanna/post/DYKSf5BEngV,picknanna/post/DYKSf5BEngV
e_drive,E:\madoyo_cache\post_index.xlsx,https://www.threads.com/@picknyang/post/DYPjwvdE2wk,picknyang/post/DYPjwvdE2wk
e_drive,E:\madoyo_cache\post_index.xlsx,https://www.threads.com/@picky_nana/post/DYe0Ti1krKF,picky_nana/post/DYe0Ti1krKF
e_drive,E:\madoyo_cache\post_index.xlsx,https://www.threads.com/@pikkseetem/post/DXc5vxKAeHh,pikkseetem/post/DXc5vxKAeHh
e_drive,E:\madoyo_cache\post_index.xlsx,https://www.threads.com/@ping._.pick/post/DYLTp7bkgUW,ping._.pick/post/DYLTp7bkgUW
e_drive,E:\madoyo_cache\post_index.xlsx,https://www.threads.com/@ping._.pick/post/DYLeI72GbXG,ping._.pick/post/DYLeI72GbXG
e_drive,E:\madoyo_cache\post_index.xlsx,https://www.threads.com/@ping._.pick/post/DYMedaxFPl5,ping._.pick/post/DYMedaxFPl5
e_drive,E:\madoyo_cache\post_index.xlsx,https://www.threads.com/@ping._.pick/post/DYOZW2WlBoe,ping._.pick/post/DYOZW2WlBoe
e_drive,E:\madoyo_cache\post_index.xlsx,https://www.threads.com/@pink_kittykk/post/DYehvl-kXfb,pink_kittykk/post/DYehvl-kXfb
e_drive,E:\madoyo_cache\post_index.xlsx,https://www.threads.com/@pm.6_30/post/DX01049k7Sc,pm.6_30/post/DX01049k7Sc
e_drive,E:\madoyo_cache\post_index.xlsx,https://www.threads.com/@pm.6_30/post/DYHaIIeE7QS,pm.6_30/post/DYHaIIeE7QS
e_drive,E:\madoyo_cache\post_index.xlsx,https://www.threads.com/@podoooc/post/DX--PR3kmnL,podoooc/post/DX--PR3kmnL
e_drive,E:\madoyo_cache\post_index.xlsx,https://www.threads.com/@podoooc/post/DX6vzBkEnvu,podoooc/post/DX6vzBkEnvu
e_drive,E:\madoyo_cache\post_index.xlsx,https://www.threads.com/@podoooc/post/DXwJJrnEqFk,podoooc/post/DXwJJrnEqFk
e_drive,E:\madoyo_cache\post_index.xlsx,https://www.threads.com/@pony__27/post/DXIrQjcmAv5,pony__27/post/DXIrQjcmAv5
e_drive,E:\madoyo_cache\post_index.xlsx,https://www.threads.com/@pony__27/post/DYbUsbcmG1x,pony__27/post/DYbUsbcmG1x
e_drive,E:\madoyo_cache\post_index.xlsx,https://www.threads.com/@ppoyou777/post/DYYicssj8mg,ppoyou777/post/DYYicssj8mg
e_drive,E:\madoyo_cache\post_index.xlsx,https://www.threads.com/@pro_chuljangler/post/DXw7hTfD5nY,pro_chuljangler/post/DXw7hTfD5nY
e_drive,E:\madoyo_cache\post_index.xlsx,https://www.threads.com/@pupple_very/post/DX-bZS3H71T,pupple_very/post/DX-bZS3H71T
e_drive,E:\madoyo_cache\post_index.xlsx,https://www.threads.com/@pureuntoyoil/post/DXlKKYND7S0,pureuntoyoil/post/DXlKKYND7S0
e_drive,E:\madoyo_cache\post_index.xlsx,https://www.threads.com/@raraim7777/post/DYKH8fRiei-,raraim7777/post/DYKH8fRiei-
e_drive,E:\madoyo_cache\post_index.xlsx,https://www.threads.com/@real_day.note/post/DX9wq5Qko0W,real_day.note/post/DX9wq5Qko0W
e_drive,E:\madoyo_cache\post_index.xlsx,https://www.threads.com/@redza.x/post/DYBFA7OGfvo,redza.x/post/DYBFA7OGfvo
e_drive,E:\madoyo_cache\post_index.xlsx,https://www.threads.com/@restar_tem/post/DXI0IY2Grrb,restar_tem/post/DXI0IY2Grrb
e_drive,E:\madoyo_cache\post_index.xlsx,https://www.threads.com/@rhal.di00/post/DYQ_AbjH6_u,rhal.di00/post/DYQ_AbjH6_u
e_drive,E:\madoyo_cache\post_index.xlsx,https://www.threads.com/@rhal.di00/post/DYdf8Won7RU,rhal.di00/post/DYdf8Won7RU
e_drive,E:\madoyo_cache\post_index.xlsx,https://www.threads.com/@rinimoney.log/post/DX1DKlDkQcP,rinimoney.log/post/DX1DKlDkQcP
e_drive,E:\madoyo_cache\post_index.xlsx,https://www.threads.com/@rintree08/post/DXakjg0Eu-C,rintree08/post/DXakjg0Eu-C
e_drive,E:\madoyo_cache\post_index.xlsx,https://www.threads.com/@rkd4_0/post/DXeCDk2EwcZ,rkd4_0/post/DXeCDk2EwcZ
e_drive,E:\madoyo_cache\post_index.xlsx,https://www.threads.com/@rkd4_0/post/DYASmeqkxRL,rkd4_0/post/DYASmeqkxRL
e_drive,E:\madoyo_cache\post_index.xlsx,https://www.threads.com/@rkd4_0/post/DYE_k49E77j,rkd4_0/post/DYE_k49E77j
e_drive,E:\madoyo_cache\post_index.xlsx,https://www.threads.com/@roa_wish/post/DX_28lIE5dE,roa_wish/post/DX_28lIE5dE
e_drive,E:\madoyo_cache\post_index.xlsx,https://www.threads.com/@roro_tti/post/DXan4OQFLMC,roro_tti/post/DXan4OQFLMC
e_drive,E:\madoyo_cache\post_index.xlsx,https://www.threads.com/@roseeei_i/post/DX5sV8UEqVK,roseeei_i/post/DX5sV8UEqVK
e_drive,E:\madoyo_cache\post_index.xlsx,https://www.threads.com/@roseeei_i/post/DX676M3Et7T,roseeei_i/post/DX676M3Et7T
e_drive,E:\madoyo_cache\post_index.xlsx,https://www.threads.com/@roseeei_i/post/DXlVVu0ktpM,roseeei_i/post/DXlVVu0ktpM
e_drive,E:\madoyo_cache\post_index.xlsx,https://www.threads.com/@roseeei_i/post/DYY-pC4EscW,roseeei_i/post/DYY-pC4EscW
e_drive,E:\madoyo_cache\post_index.xlsx,https://www.threads.com/@rosy.day.211/post/DYbdFJ2lJPW,rosy.day.211/post/DYbdFJ2lJPW
e_drive,E:\madoyo_cache\post_index.xlsx,https://www.threads.com/@rosy.day.211/post/DYemTpUFOiy,rosy.day.211/post/DYemTpUFOiy
e_drive,E:\madoyo_cache\post_index.xlsx,https://www.threads.com/@rua_shop0823/post/DXdGtkHk2FW,rua_shop0823/post/DXdGtkHk2FW
e_drive,E:\madoyo_cache\post_index.xlsx,https://www.threads.com/@rua_shop0823/post/DXeaguNE787,rua_shop0823/post/DXeaguNE787
e_drive,E:\madoyo_cache\post_index.xlsx,https://www.threads.com/@rua_shop0823/post/DXfhOh0k1kJ,rua_shop0823/post/DXfhOh0k1kJ
e_drive,E:\madoyo_cache\post_index.xlsx,https://www.threads.com/@rubygold3722/post/DX1pQiulLtI,rubygold3722/post/DX1pQiulLtI
e_drive,E:\madoyo_cache\post_index.xlsx,https://www.threads.com/@rurutcwqe1/post/DXIHiLAk-Ku,rurutcwqe1/post/DXIHiLAk-Ku
e_drive,E:\madoyo_cache\post_index.xlsx,https://www.threads.com/@rurutcwqe1/post/DYYdQBRiSc1,rurutcwqe1/post/DYYdQBRiSc1
e_drive,E:\madoyo_cache\post_index.xlsx,https://www.threads.com/@s_ooonee/post/DXK9lCEj4t0,s_ooonee/post/DXK9lCEj4t0
e_drive,E:\madoyo_cache\post_index.xlsx,https://www.threads.com/@salim.ttoktem/post/DYYsIOmkfEE,salim.ttoktem/post/DYYsIOmkfEE
e_drive,E:\madoyo_cache\post_index.xlsx,https://www.threads.com/@salim_gongam25/post/DXK5U_5gf1A,salim_gongam25/post/DXK5U_5gf1A
e_drive,E:\madoyo_cache\post_index.xlsx,https://www.threads.com/@salim_hanzum/post/DYavABCk_bx,salim_hanzum/post/DYavABCk_bx
e_drive,E:\madoyo_cache\post_index.xlsx,https://www.threads.com/@salim_hanzum/post/DYbrPS8EYVI,salim_hanzum/post/DYbrPS8EYVI
e_drive,E:\madoyo_cache\post_index.xlsx,https://www.threads.com/@sallim.cozyhome/post/DXFxR_mE9QP,sallim.cozyhome/post/DXFxR_mE9QP
e_drive,E:\madoyo_cache\post_index.xlsx,https://www.threads.com/@salmatlife/post/DXcy9zAkzwv,salmatlife/post/DXcy9zAkzwv
e_drive,E:\madoyo_cache\post_index.xlsx,https://www.threads.com/@salmatlife/post/DXnGY-IE0t3,salmatlife/post/DXnGY-IE0t3
e_drive,E:\madoyo_cache\post_index.xlsx,https://www.threads.com/@salmatlife/post/DYM4HMwk9vG,salmatlife/post/DYM4HMwk9vG
e_drive,E:\madoyo_cache\post_index.xlsx,https://www.threads.com/@saturday_pet91/post/DX3ZiK9n4PH,saturday_pet91/post/DX3ZiK9n4PH
e_drive,E:\madoyo_cache\post_index.xlsx,https://www.threads.com/@saturday_pet91/post/DYGfvDbn0V4,saturday_pet91/post/DYGfvDbn0V4
e_drive,E:\madoyo_cache\post_index.xlsx,https://www.threads.com/@saturday_pet91/post/DYYrfT0HzMG,saturday_pet91/post/DYYrfT0HzMG
e_drive,E:\madoyo_cache\post_index.xlsx,https://www.threads.com/@sdsd_zip/post/DXweD8sE5wU,sdsd_zip/post/DXweD8sE5wU
e_drive,E:\madoyo_cache\post_index.xlsx,https://www.threads.com/@seana_003/post/DYGgOlXkVvy,seana_003/post/DYGgOlXkVvy
e_drive,E:\madoyo_cache\post_index.xlsx,https://www.threads.com/@semo_items/post/DYYncqTATY_,semo_items/post/DYYncqTATY_
e_drive,E:\madoyo_cache\post_index.xlsx,https://www.threads.com/@seo_yoon_it/post/DYMbqLlkgum,seo_yoon_it/post/DYMbqLlkgum
e_drive,E:\madoyo_cache\post_index.xlsx,https://www.threads.com/@seo_yoon_it/post/DYe6KX9kur1,seo_yoon_it/post/DYe6KX9kur1
e_drive,E:\madoyo_cache\post_index.xlsx,https://www.threads.com/@serinjo97/post/DYHT4ycEeD6,serinjo97/post/DYHT4ycEeD6
e_drive,E:\madoyo_cache\post_index.xlsx,https://www.threads.com/@shoshu319/post/DYOWuffkcwg,shoshu319/post/DYOWuffkcwg
e_drive,E:\madoyo_cache\post_index.xlsx,https://www.threads.com/@sinnagemake/post/DYPWj0YERr1,sinnagemake/post/DYPWj0YERr1
e_drive,E:\madoyo_cache\post_index.xlsx,https://www.threads.com/@siri.us0301/post/DYYmY43D77l,siri.us0301/post/DYYmY43D77l
e_drive,E:\madoyo_cache\post_index.xlsx,https://www.threads.com/@skybluepineberry/post/DYPrV2tj3Oj,skybluepineberry/post/DYPrV2tj3Oj
e_drive,E:\madoyo_cache\post_index.xlsx,https://www.threads.com/@smile_gooditem/post/DX0lxSfk5wP,smile_gooditem/post/DX0lxSfk5wP
e_drive,E:\madoyo_cache\post_index.xlsx,https://www.threads.com/@snbear88/post/DXJkMqFknRm,snbear88/post/DXJkMqFknRm
e_drive,E:\madoyo_cache\post_index.xlsx,https://www.threads.com/@snbear88/post/DXao2DCkttw,snbear88/post/DXao2DCkttw
e_drive,E:\madoyo_cache\post_index.xlsx,https://www.threads.com/@so_youn_97/post/DX28BaNEw20,so_youn_97/post/DX28BaNEw20
e_drive,E:\madoyo_cache\post_index.xlsx,https://www.threads.com/@so_youn_97/post/DXxm-jACoHE,so_youn_97/post/DXxm-jACoHE
e_drive,E:\madoyo_cache\post_index.xlsx,https://www.threads.com/@so_youn_97/post/DXyfHA8FAgo,so_youn_97/post/DXyfHA8FAgo
e_drive,E:\madoyo_cache\post_index.xlsx,https://www.threads.com/@solo_jooboo/post/DXIOMV7klPj,solo_jooboo/post/DXIOMV7klPj
e_drive,E:\madoyo_cache\post_index.xlsx,https://www.threads.com/@solo_jooboo/post/DXJibpWkkBw,solo_jooboo/post/DXJibpWkkBw
e_drive,E:\madoyo_cache\post_index.xlsx,https://www.threads.com/@solsol._.honey/post/DXaubPpE97v,solsol._.honey/post/DXaubPpE97v
e_drive,E:\madoyo_cache\post_index.xlsx,https://www.threads.com/@som_washing/post/DYALudMCWwI,som_washing/post/DYALudMCWwI
e_drive,E:\madoyo_cache\post_index.xlsx,https://www.threads.com/@sookck.kate/post/DXapk_dkugM,sookck.kate/post/DXapk_dkugM
e_drive,E:\madoyo_cache\post_index.xlsx,https://www.threads.com/@sosohe66/post/DYM-N16Dz6_,sosohe66/post/DYM-N16Dz6_
e_drive,E:\madoyo_cache\post_index.xlsx,https://www.threads.com/@sosopick88/post/DXGMECkCRAO,sosopick88/post/DXGMECkCRAO
e_drive,E:\madoyo_cache\post_index.xlsx,https://www.threads.com/@sosopick88/post/DX_zevPoOoG,sosopick88/post/DX_zevPoOoG
e_drive,E:\madoyo_cache\post_index.xlsx,https://www.threads.com/@soul7_944/post/DYKOhGgk4xm,soul7_944/post/DYKOhGgk4xm
e_drive,E:\madoyo_cache\post_index.xlsx,https://www.threads.com/@soyoumi_77/post/DYB3Lg5Eaqd,soyoumi_77/post/DYB3Lg5Eaqd
e_drive,E:\madoyo_cache\post_index.xlsx,https://www.threads.com/@soyoumi_77/post/DYN9KmLE1NW,soyoumi_77/post/DYN9KmLE1NW
e_drive,E:\madoyo_cache\post_index.xlsx,https://www.threads.com/@sso.sso122/post/DYMuFzdE_XP,sso.sso122/post/DYMuFzdE_XP
e_drive,E:\madoyo_cache\post_index.xlsx,https://www.threads.com/@sso.sso122/post/DYYsBXtk-E8,sso.sso122/post/DYYsBXtk-E8
e_drive,E:\madoyo_cache\post_index.xlsx,https://www.threads.com/@stella_shopping98/post/DX-cP3OEjAr,stella_shopping98/post/DX-cP3OEjAr
e_drive,E:\madoyo_cache\post_index.xlsx,https://www.threads.com/@stella_shopping98/post/DX5iZseGLtA,stella_shopping98/post/DX5iZseGLtA
e_drive,E:\madoyo_cache\post_index.xlsx,https://www.threads.com/@stella_shopping98/post/DXls_xljnEz,stella_shopping98/post/DXls_xljnEz
e_drive,E:\madoyo_cache\post_index.xlsx,https://www.threads.com/@stella_shopping98/post/DXxpF1bmDDa,stella_shopping98/post/DXxpF1bmDDa
e_drive,E:\madoyo_cache\post_index.xlsx,https://www.threads.com/@stella_shopping98/post/DYBBx81EtBj,stella_shopping98/post/DYBBx81EtBj
e_drive,E:\madoyo_cache\post_index.xlsx,https://www.threads.com/@stella_shopping98/post/DYLZw_JGL4o,stella_shopping98/post/DYLZw_JGL4o
e_drive,E:\madoyo_cache\post_index.xlsx,https://www.threads.com/@stella_shopping98/post/DYVz0R5GJee,stella_shopping98/post/DYVz0R5GJee
e_drive,E:\madoyo_cache\post_index.xlsx,https://www.threads.com/@story_unofficial/post/DYGelJyE9rO,story_unofficial/post/DYGelJyE9rO
e_drive,E:\madoyo_cache\post_index.xlsx,https://www.threads.com/@story_unofficial/post/DYbuMU7kzG0,story_unofficial/post/DYbuMU7kzG0
e_drive,E:\madoyo_cache\post_index.xlsx,https://www.threads.com/@sua_item/post/DXb2piqiT9t,sua_item/post/DXb2piqiT9t
e_drive,E:\madoyo_cache\post_index.xlsx,https://www.threads.com/@sua_item/post/DYG2-6AGaEV,sua_item/post/DYG2-6AGaEV
e_drive,E:\madoyo_cache\post_index.xlsx,https://www.threads.com/@sua_item/post/DYJFN5xGZ-1,sua_item/post/DYJFN5xGZ-1
e_drive,E:\madoyo_cache\post_index.xlsx,https://www.threads.com/@sua_item/post/DYLHNKXEyT9,sua_item/post/DYLHNKXEyT9
e_drive,E:\madoyo_cache\post_index.xlsx,https://www.threads.com/@sugaringz_/post/DXI0XbvgCyg,sugaringz_/post/DXI0XbvgCyg
e_drive,E:\madoyo_cache\post_index.xlsx,https://www.threads.com/@suji_0331/post/DYGVI7vFdFw,suji_0331/post/DYGVI7vFdFw
e_drive,E:\madoyo_cache\post_index.xlsx,https://www.threads.com/@sujin.choi__/post/DXIwSJWjRd4,sujin.choi__/post/DXIwSJWjRd4
e_drive,E:\madoyo_cache\post_index.xlsx,https://www.threads.com/@surim_pick/post/DXegwOvEnyE,surim_pick/post/DXegwOvEnyE
e_drive,E:\madoyo_cache\post_index.xlsx,https://www.threads.com/@surim_pick/post/DYGh5FnkhLo,surim_pick/post/DYGh5FnkhLo
e_drive,E:\madoyo_cache\post_index.xlsx,https://www.threads.com/@surim_pick/post/DYJ5rgokkjC,surim_pick/post/DYJ5rgokkjC
e_drive,E:\madoyo_cache\post_index.xlsx,https://www.threads.com/@surim_pick/post/DYJ7voBkvKj,surim_pick/post/DYJ7voBkvKj
e_drive,E:\madoyo_cache\post_index.xlsx,https://www.threads.com/@surim_pick/post/DYKbNAYEvVU,surim_pick/post/DYKbNAYEvVU
e_drive,E:\madoyo_cache\post_index.xlsx,https://www.threads.com/@surim_pick/post/DYO9vqmEgVe,surim_pick/post/DYO9vqmEgVe
e_drive,E:\madoyo_cache\post_index.xlsx,https://www.threads.com/@surim_pick/post/DYOVTyekt6k,surim_pick/post/DYOVTyekt6k
e_drive,E:\madoyo_cache\post_index.xlsx,https://www.threads.com/@surim_pick/post/DYRB47sErsh,surim_pick/post/DYRB47sErsh
e_drive,E:\madoyo_cache\post_index.xlsx,https://www.threads.com/@surim_pick/post/DYYerCFEv7D,surim_pick/post/DYYerCFEv7D
e_drive,E:\madoyo_cache\post_index.xlsx,https://www.threads.com/@surim_pick/post/DYaytrCkvo_,surim_pick/post/DYaytrCkvo_
e_drive,E:\madoyo_cache\post_index.xlsx,https://www.threads.com/@surim_pick/post/DYcY4SzEns4,surim_pick/post/DYcY4SzEns4
e_drive,E:\madoyo_cache\post_index.xlsx,https://www.threads.com/@surim_pick/post/DYeVtIbDvjv,surim_pick/post/DYeVtIbDvjv
e_drive,E:\madoyo_cache\post_index.xlsx,https://www.threads.com/@sweetshop8189/post/DXaZNkvE1io,sweetshop8189/post/DXaZNkvE1io
e_drive,E:\madoyo_cache\post_index.xlsx,https://www.threads.com/@sweetshop8189/post/DXbr9tIkxPf,sweetshop8189/post/DXbr9tIkxPf
e_drive,E:\madoyo_cache\post_index.xlsx,https://www.threads.com/@taey_8285/post/DYNstEwk4MM,taey_8285/post/DYNstEwk4MM
e_drive,E:\madoyo_cache\post_index.xlsx,https://www.threads.com/@takohuha/post/DYBWrtNjyhT,takohuha/post/DYBWrtNjyhT
e_drive,E:\madoyo_cache\post_index.xlsx,https://www.threads.com/@takohuha/post/DYBXu7xD8PW,takohuha/post/DYBXu7xD8PW
e_drive,E:\madoyo_cache\post_index.xlsx,https://www.threads.com/@takohuha/post/DYPcjIaj-pm,takohuha/post/DYPcjIaj-pm
e_drive,E:\madoyo_cache\post_index.xlsx,https://www.threads.com/@themindpark0/post/DXwxYJxE-0a,themindpark0/post/DXwxYJxE-0a
e_drive,E:\madoyo_cache\post_index.xlsx,https://www.threads.com/@therethey.are/post/DXanCQUj_XY,therethey.are/post/DXanCQUj_XY
e_drive,E:\madoyo_cache\post_index.xlsx,https://www.threads.com/@therethey.are/post/DXkm3rpktcn,therethey.are/post/DXkm3rpktcn
e_drive,E:\madoyo_cache\post_index.xlsx,https://www.threads.com/@tips_curator/post/DXaalb2E1Z-,tips_curator/post/DXaalb2E1Z-
e_drive,E:\madoyo_cache\post_index.xlsx,https://www.threads.com/@tnbbn__/post/DX2qyIhEnLs,tnbbn__/post/DX2qyIhEnLs
e_drive,E:\madoyo_cache\post_index.xlsx,https://www.threads.com/@tnbbn__/post/DX6QgjrHTT7,tnbbn__/post/DX6QgjrHTT7
e_drive,E:\madoyo_cache\post_index.xlsx,https://www.threads.com/@tnbbn__/post/DXaV4vXEiRP,tnbbn__/post/DXaV4vXEiRP
e_drive,E:\madoyo_cache\post_index.xlsx,https://www.threads.com/@tnbbn__/post/DYBfqTBHfPr,tnbbn__/post/DYBfqTBHfPr
e_drive,E:\madoyo_cache\post_index.xlsx,https://www.threads.com/@today_pick24/post/DYXA-LXkxww,today_pick24/post/DYXA-LXkxww
e_drive,E:\madoyo_cache\post_index.xlsx,https://www.threads.com/@toktok.tem/post/DXLciFFAQ3j,toktok.tem/post/DXLciFFAQ3j
e_drive,E:\madoyo_cache\post_index.xlsx,https://www.threads.com/@tokyo_home0304/post/DYM9p-0GG_w,tokyo_home0304/post/DYM9p-0GG_w
e_drive,E:\madoyo_cache\post_index.xlsx,https://www.threads.com/@treerin100/post/DXMBcEKAY2w,treerin100/post/DXMBcEKAY2w
e_drive,E:\madoyo_cache\post_index.xlsx,https://www.threads.com/@treerin100/post/DYODaCqgXhF,treerin100/post/DYODaCqgXhF
e_drive,E:\madoyo_cache\post_index.xlsx,https://www.threads.com/@treerin100/post/DYQ1rzxAZeo,treerin100/post/DYQ1rzxAZeo
e_drive,E:\madoyo_cache\post_index.xlsx,https://www.threads.com/@tubi__tuba/post/DXvv_FXDzJX,tubi__tuba/post/DXvv_FXDzJX
e_drive,E:\madoyo_cache\post_index.xlsx,https://www.threads.com/@twinkle.my_life/post/DX_yvweD0Ae,twinkle.my_life/post/DX_yvweD0Ae
e_drive,E:\madoyo_cache\post_index.xlsx,https://www.threads.com/@unique._.it/post/DYeLoKSkXuR,unique._.it/post/DYeLoKSkXuR
e_drive,E:\madoyo_cache\post_index.xlsx,https://www.threads.com/@vidone05/post/DX0-Dk1D7_d,vidone05/post/DX0-Dk1D7_d
e_drive,E:\madoyo_cache\post_index.xlsx,https://www.threads.com/@wisdom_of_living/post/DYBTpJ2kwmc,wisdom_of_living/post/DYBTpJ2kwmc
e_drive,E:\madoyo_cache\post_index.xlsx,https://www.threads.com/@working_mom_pick/post/DXnSAhJk-zf,working_mom_pick/post/DXnSAhJk-zf
e_drive,E:\madoyo_cache\post_index.xlsx,https://www.threads.com/@wowtem_/post/DXyMw4XkXpd,wowtem_/post/DXyMw4XkXpd
e_drive,E:\madoyo_cache\post_index.xlsx,https://www.threads.com/@yangddungddang/post/DYLQC9nAQpm,yangddungddang/post/DYLQC9nAQpm
e_drive,E:\madoyo_cache\post_index.xlsx,https://www.threads.com/@yangddungddang/post/DYMEo_ID3Bs,yangddungddang/post/DYMEo_ID3Bs
e_drive,E:\madoyo_cache\post_index.xlsx,https://www.threads.com/@yangddungddang/post/DYZ0Kppj8sF,yangddungddang/post/DYZ0Kppj8sF
e_drive,E:\madoyo_cache\post_index.xlsx,https://www.threads.com/@yaong________/post/DYPY5CnGVJv,yaong________/post/DYPY5CnGVJv
e_drive,E:\madoyo_cache\post_index.xlsx,https://www.threads.com/@yd113202/post/DX1iT0dk7mG,yd113202/post/DX1iT0dk7mG
e_drive,E:\madoyo_cache\post_index.xlsx,https://www.threads.com/@yd113202/post/DXvk52ZE2T7,yd113202/post/DXvk52ZE2T7
e_drive,E:\madoyo_cache\post_index.xlsx,https://www.threads.com/@yeouu0827/post/DYGvsdAEYI-,yeouu0827/post/DYGvsdAEYI-
e_drive,E:\madoyo_cache\post_index.xlsx,https://www.threads.com/@yerin.muse/post/DXGHvdhkzzS,yerin.muse/post/DXGHvdhkzzS
e_drive,E:\madoyo_cache\post_index.xlsx,https://www.threads.com/@yks1220__/post/DXLJIyAkqTe,yks1220__/post/DXLJIyAkqTe
e_drive,E:\madoyo_cache\post_index.xlsx,https://www.threads.com/@yks1220__/post/DXu_RjekglJ,yks1220__/post/DXu_RjekglJ
e_drive,E:\madoyo_cache\post_index.xlsx,https://www.threads.com/@yks1220__/post/DYHTtkxEnL0,yks1220__/post/DYHTtkxEnL0
e_drive,E:\madoyo_cache\post_index.xlsx,https://www.threads.com/@yks1220__/post/DYQdYRCkqyN,yks1220__/post/DYQdYRCkqyN
e_drive,E:\madoyo_cache\post_index.xlsx,https://www.threads.com/@yonikim0/post/DXG6B3CEZDY,yonikim0/post/DXG6B3CEZDY
e_drive,E:\madoyo_cache\post_index.xlsx,https://www.threads.com/@yonikim0/post/DXaWU9REjrL,yonikim0/post/DXaWU9REjrL
e_drive,E:\madoyo_cache\post_index.xlsx,https://www.threads.com/@yonikim0/post/DYGl--7kYXm,yonikim0/post/DYGl--7kYXm
e_drive,E:\madoyo_cache\post_index.xlsx,https://www.threads.com/@yoon_choipa/post/DX8ceH5Ey9w,yoon_choipa/post/DX8ceH5Ey9w
e_drive,E:\madoyo_cache\post_index.xlsx,https://www.threads.com/@yu.rrrang/post/DXIUlasExP3,yu.rrrang/post/DXIUlasExP3
e_drive,E:\madoyo_cache\post_index.xlsx,https://www.threads.com/@yu.rrrang/post/DXLjncTAfS7,yu.rrrang/post/DXLjncTAfS7
e_drive,E:\madoyo_cache\post_index.xlsx,https://www.threads.com/@yu.rrrang/post/DXa_8Jtkdel,yu.rrrang/post/DXa_8Jtkdel
e_drive,E:\madoyo_cache\post_index.xlsx,https://www.threads.com/@yu.rrrang/post/DXc4r_ACUlU,yu.rrrang/post/DXc4r_ACUlU
e_drive,E:\madoyo_cache\post_index.xlsx,https://www.threads.com/@yulhalee_1004/post/DX1btO_FI2V,yulhalee_1004/post/DX1btO_FI2V
e_drive,E:\madoyo_cache\post_index.xlsx,https://www.threads.com/@yumyum_3333/post/DXGsllWE6p6,yumyum_3333/post/DXGsllWE6p6
e_drive,E:\madoyo_cache\post_index.xlsx,https://www.threads.com/@yumyum_3333/post/DXLC6_qk7el,yumyum_3333/post/DXLC6_qk7el
e_drive,E:\madoyo_cache\post_index.xlsx,https://www.threads.com/@yumyum_3333/post/DXanX3fkyk1,yumyum_3333/post/DXanX3fkyk1
e_drive,E:\madoyo_cache\post_index.xlsx,https://www.threads.com/@yumyum_3333/post/DXdAA5tE0QB,yumyum_3333/post/DXdAA5tE0QB
e_drive,E:\madoyo_cache\post_index.xlsx,https://www.threads.com/@yuna._.ni/post/DXoYQ1Ck-so,yuna._.ni/post/DXoYQ1Ck-so
e_drive,E:\madoyo_cache\post_index.xlsx,https://www.threads.com/@yuna._.ni/post/DXuLPfwExox,yuna._.ni/post/DXuLPfwExox
e_drive,E:\madoyo_cache\post_index.xlsx,https://www.threads.com/@yuna._.ni/post/DXwxm7_E9Bb,yuna._.ni/post/DXwxm7_E9Bb
e_drive,E:\madoyo_cache\post_index.xlsx,https://www.threads.com/@yunasss1119/post/DX726wJgb15,yunasss1119/post/DX726wJgb15
e_drive,E:\madoyo_cache\post_index.xlsx,https://www.threads.com/@yunasss1119/post/DXIeUzagRcH,yunasss1119/post/DXIeUzagRcH
e_drive,E:\madoyo_cache\post_index.xlsx,https://www.threads.com/@zero_view0630/post/DXKzJcFk2Z_,zero_view0630/post/DXKzJcFk2Z_
e_drive,E:\madoyo_cache\post_index.xlsx,https://www.threads.com/@zipbysuni/post/DX7wg_OEyq2,zipbysuni/post/DX7wg_OEyq2
e_drive,E:\madoyo_cache\post_index.xlsx,https://www.threads.com/@zipbysuni/post/DXGZS6PmIzL,zipbysuni/post/DXGZS6PmIzL
e_drive,E:\madoyo_cache\post_index.xlsx,https://www.threads.com/@zmzmalalzmal/post/DXubZW3kzCI,zmzmalalzmal/post/DXubZW3kzCI
e_drive,E:\threads_final_test\best_agent_report_015202.xlsx,https://www.threads.net/@jinvelvet34/post/DWqy4Askerl,jinvelvet34/post/DWqy4Askerl
e_drive,E:\threads_final_test\best_agent_report_015202.xlsx,https://www.threads.net/@naseul___/post/DWs5Eh0GBRe,naseul___/post/DWs5Eh0GBRe
e_drive,E:\threads_final_test\best_agent_report_015202.xlsx,https://www.threads.net/@ping._.pick/post/DWthe5UFNCY,ping._.pick/post/DWthe5UFNCY
e_drive,E:\threads_final_test\best_agent_report_015202.xlsx,https://www.threads.net/@psjrich/post/DWsJwfik6Vf,psjrich/post/DWsJwfik6Vf
e_drive,E:\threads_final_test\best_agent_report_015202.xlsx,https://www.threads.net/@restar_tem/post/DWvQVeimqK8,restar_tem/post/DWvQVeimqK8
e_drive,E:\threads_final_test\final_test_profile_012050.xlsx,https://www.threads.net/@jinvelvet34/post/DWqy4Askerl,jinvelvet34/post/DWqy4Askerl
e_drive,E:\threads_final_test\final_test_profile_012050.xlsx,https://www.threads.net/@naseul___/post/DWs5Eh0GBRe,naseul___/post/DWs5Eh0GBRe
e_drive,E:\threads_final_test\final_test_profile_012050.xlsx,https://www.threads.net/@ping._.pick/post/DWthe5UFNCY,ping._.pick/post/DWthe5UFNCY
e_drive,E:\threads_final_test\final_test_profile_012050.xlsx,https://www.threads.net/@psjrich/post/DWsJwfik6Vf,psjrich/post/DWsJwfik6Vf
e_drive,E:\threads_final_test\final_test_profile_012050.xlsx,https://www.threads.net/@restar_tem/post/DWvQVeimqK8,restar_tem/post/DWvQVeimqK8
e_drive,E:\threads_final_test\final_test_profile_012649.xlsx,https://www.threads.net/@jinvelvet34/post/DWqy4Askerl,jinvelvet34/post/DWqy4Askerl
e_drive,E:\threads_final_test\final_test_profile_012649.xlsx,https://www.threads.net/@naseul___/post/DWs5Eh0GBRe,naseul___/post/DWs5Eh0GBRe
e_drive,E:\threads_final_test\final_test_profile_012649.xlsx,https://www.threads.net/@ping._.pick/post/DWthe5UFNCY,ping._.pick/post/DWthe5UFNCY
e_drive,E:\threads_final_test\final_test_profile_012649.xlsx,https://www.threads.net/@psjrich/post/DWsJwfik6Vf,psjrich/post/DWsJwfik6Vf
e_drive,E:\threads_final_test\final_test_profile_012649.xlsx,https://www.threads.net/@restar_tem/post/DWvQVeimqK8,restar_tem/post/DWvQVeimqK8
e_drive,E:\threads_final_test\final_test_profile_013229.xlsx,https://www.threads.net/@jinvelvet34/post/DWqy4Askerl,jinvelvet34/post/DWqy4Askerl
e_drive,E:\threads_final_test\final_test_profile_013229.xlsx,https://www.threads.net/@naseul___/post/DWs5Eh0GBRe,naseul___/post/DWs5Eh0GBRe
e_drive,E:\threads_final_test\final_test_profile_013229.xlsx,https://www.threads.net/@ping._.pick/post/DWthe5UFNCY,ping._.pick/post/DWthe5UFNCY
e_drive,E:\threads_final_test\final_test_profile_013229.xlsx,https://www.threads.net/@psjrich/post/DWsJwfik6Vf,psjrich/post/DWsJwfik6Vf
e_drive,E:\threads_final_test\final_test_profile_013229.xlsx,https://www.threads.net/@restar_tem/post/DWvQVeimqK8,restar_tem/post/DWvQVeimqK8
e_drive,E:\threads_final_test\final_test_profile_013917.xlsx,https://www.threads.net/@jinvelvet34/post/DWqy4Askerl,jinvelvet34/post/DWqy4Askerl
e_drive,E:\threads_final_test\final_test_profile_013917.xlsx,https://www.threads.net/@naseul___/post/DWs5Eh0GBRe,naseul___/post/DWs5Eh0GBRe
e_drive,E:\threads_final_test\final_test_profile_013917.xlsx,https://www.threads.net/@ping._.pick/post/DWthe5UFNCY,ping._.pick/post/DWthe5UFNCY
e_drive,E:\threads_final_test\final_test_profile_013917.xlsx,https://www.threads.net/@psjrich/post/DWsJwfik6Vf,psjrich/post/DWsJwfik6Vf
e_drive,E:\threads_final_test\final_test_profile_013917.xlsx,https://www.threads.net/@restar_tem/post/DWvQVeimqK8,restar_tem/post/DWvQVeimqK8
e_drive,E:\threads_final_test\final_test_profile_014620.xlsx,https://www.threads.net/@jinvelvet34/post/DWqy4Askerl,jinvelvet34/post/DWqy4Askerl
e_drive,E:\threads_final_test\final_test_profile_014620.xlsx,https://www.threads.net/@naseul___/post/DWs5Eh0GBRe,naseul___/post/DWs5Eh0GBRe
e_drive,E:\threads_final_test\final_test_profile_014620.xlsx,https://www.threads.net/@ping._.pick/post/DWthe5UFNCY,ping._.pick/post/DWthe5UFNCY
e_drive,E:\threads_final_test\final_test_profile_014620.xlsx,https://www.threads.net/@psjrich/post/DWsJwfik6Vf,psjrich/post/DWsJwfik6Vf
e_drive,E:\threads_final_test\final_test_profile_014620.xlsx,https://www.threads.net/@restar_tem/post/DWvQVeimqK8,restar_tem/post/DWvQVeimqK8
e_drive,E:\threads_final_test\final_test_profile_015207.xlsx,https://www.threads.net/@jinvelvet34/post/DWqy4Askerl,jinvelvet34/post/DWqy4Askerl
e_drive,E:\threads_final_test\final_test_profile_015207.xlsx,https://www.threads.net/@naseul___/post/DWs5Eh0GBRe,naseul___/post/DWs5Eh0GBRe
e_drive,E:\threads_final_test\final_test_profile_015207.xlsx,https://www.threads.net/@ping._.pick/post/DWthe5UFNCY,ping._.pick/post/DWthe5UFNCY
e_drive,E:\threads_final_test\final_test_profile_015207.xlsx,https://www.threads.net/@psjrich/post/DWsJwfik6Vf,psjrich/post/DWsJwfik6Vf
e_drive,E:\threads_final_test\final_test_profile_015207.xlsx,https://www.threads.net/@restar_tem/post/DWvQVeimqK8,restar_tem/post/DWvQVeimqK8
e_drive,E:\threads_final_test\final_test_profile_015716.xlsx,https://www.threads.net/@jinvelvet34/post/DWqy4Askerl,jinvelvet34/post/DWqy4Askerl
e_drive,E:\threads_final_test\final_test_profile_015716.xlsx,https://www.threads.net/@naseul___/post/DWs5Eh0GBRe,naseul___/post/DWs5Eh0GBRe
e_drive,E:\threads_final_test\final_test_profile_015716.xlsx,https://www.threads.net/@ping._.pick/post/DWthe5UFNCY,ping._.pick/post/DWthe5UFNCY
e_drive,E:\threads_final_test\final_test_profile_015716.xlsx,https://www.threads.net/@psjrich/post/DWsJwfik6Vf,psjrich/post/DWsJwfik6Vf
e_drive,E:\threads_final_test\final_test_profile_015716.xlsx,https://www.threads.net/@restar_tem/post/DWvQVeimqK8,restar_tem/post/DWvQVeimqK8
e_drive,E:\threads_final_test\final_test_profile_020226.xlsx,https://www.threads.net/@jinvelvet34/post/DWqy4Askerl,jinvelvet34/post/DWqy4Askerl
e_drive,E:\threads_final_test\final_test_profile_020226.xlsx,https://www.threads.net/@naseul___/post/DWs5Eh0GBRe,naseul___/post/DWs5Eh0GBRe
e_drive,E:\threads_final_test\final_test_profile_020226.xlsx,https://www.threads.net/@ping._.pick/post/DWthe5UFNCY,ping._.pick/post/DWthe5UFNCY
e_drive,E:\threads_final_test\final_test_profile_020226.xlsx,https://www.threads.net/@psjrich/post/DWsJwfik6Vf,psjrich/post/DWsJwfik6Vf
e_drive,E:\threads_final_test\final_test_profile_020226.xlsx,https://www.threads.net/@restar_tem/post/DWvQVeimqK8,restar_tem/post/DWvQVeimqK8
e_drive,E:\threads_final_test\final_test_profile_020750.xlsx,https://www.threads.net/@jinvelvet34/post/DWqy4Askerl,jinvelvet34/post/DWqy4Askerl
e_drive,E:\threads_final_test\final_test_profile_020750.xlsx,https://www.threads.net/@naseul___/post/DWs5Eh0GBRe,naseul___/post/DWs5Eh0GBRe
e_drive,E:\threads_final_test\final_test_profile_020750.xlsx,https://www.threads.net/@ping._.pick/post/DWthe5UFNCY,ping._.pick/post/DWthe5UFNCY
e_drive,E:\threads_final_test\final_test_profile_020750.xlsx,https://www.threads.net/@psjrich/post/DWsJwfik6Vf,psjrich/post/DWsJwfik6Vf
e_drive,E:\threads_final_test\final_test_profile_020750.xlsx,https://www.threads.net/@restar_tem/post/DWvQVeimqK8,restar_tem/post/DWvQVeimqK8
e_drive,E:\threads_final_test\final_test_report_011521.xlsx,https://www.threads.net/@jinvelvet34/post/DWqy4Askerl,jinvelvet34/post/DWqy4Askerl
e_drive,E:\threads_final_test\final_test_report_011521.xlsx,https://www.threads.net/@naseul___/post/DWs5Eh0GBRe,naseul___/post/DWs5Eh0GBRe
e_drive,E:\threads_final_test\final_test_report_011521.xlsx,https://www.threads.net/@ping._.pick/post/DWthe5UFNCY,ping._.pick/post/DWthe5UFNCY
e_drive,E:\threads_final_test\final_test_report_011521.xlsx,https://www.threads.net/@psjrich/post/DWsJwfik6Vf,psjrich/post/DWsJwfik6Vf
e_drive,E:\threads_final_test\final_test_report_011521.xlsx,https://www.threads.net/@restar_tem/post/DWvQVeimqK8,restar_tem/post/DWvQVeimqK8
e_drive,E:\threads_final_test\final_test_report_011947.xlsx,https://www.threads.net/@jinvelvet34/post/DWqy4Askerl,jinvelvet34/post/DWqy4Askerl
e_drive,E:\threads_final_test\final_test_report_011947.xlsx,https://www.threads.net/@naseul___/post/DWs5Eh0GBRe,naseul___/post/DWs5Eh0GBRe
e_drive,E:\threads_final_test\final_test_report_011947.xlsx,https://www.threads.net/@ping._.pick/post/DWthe5UFNCY,ping._.pick/post/DWthe5UFNCY
e_drive,E:\threads_final_test\final_test_report_011947.xlsx,https://www.threads.net/@psjrich/post/DWsJwfik6Vf,psjrich/post/DWsJwfik6Vf
e_drive,E:\threads_final_test\final_test_report_011947.xlsx,https://www.threads.net/@restar_tem/post/DWvQVeimqK8,restar_tem/post/DWvQVeimqK8
e_drive,E:\threads_final_test\final_test_report_012522.xlsx,https://www.threads.net/@jinvelvet34/post/DWqy4Askerl,jinvelvet34/post/DWqy4Askerl
e_drive,E:\threads_final_test\final_test_report_012522.xlsx,https://www.threads.net/@naseul___/post/DWs5Eh0GBRe,naseul___/post/DWs5Eh0GBRe
e_drive,E:\threads_final_test\final_test_report_012522.xlsx,https://www.threads.net/@ping._.pick/post/DWthe5UFNCY,ping._.pick/post/DWthe5UFNCY
e_drive,E:\threads_final_test\final_test_report_012522.xlsx,https://www.threads.net/@psjrich/post/DWsJwfik6Vf,psjrich/post/DWsJwfik6Vf
e_drive,E:\threads_final_test\final_test_report_012522.xlsx,https://www.threads.net/@restar_tem/post/DWvQVeimqK8,restar_tem/post/DWvQVeimqK8
e_drive,E:\threads_final_test\final_test_report_013109.xlsx,https://www.threads.net/@jinvelvet34/post/DWqy4Askerl,jinvelvet34/post/DWqy4Askerl
e_drive,E:\threads_final_test\final_test_report_013109.xlsx,https://www.threads.net/@naseul___/post/DWs5Eh0GBRe,naseul___/post/DWs5Eh0GBRe
e_drive,E:\threads_final_test\final_test_report_013109.xlsx,https://www.threads.net/@ping._.pick/post/DWthe5UFNCY,ping._.pick/post/DWthe5UFNCY
e_drive,E:\threads_final_test\final_test_report_013109.xlsx,https://www.threads.net/@psjrich/post/DWsJwfik6Vf,psjrich/post/DWsJwfik6Vf
e_drive,E:\threads_final_test\final_test_report_013109.xlsx,https://www.threads.net/@restar_tem/post/DWvQVeimqK8,restar_tem/post/DWvQVeimqK8
e_drive,E:\threads_final_test\final_test_report_013804.xlsx,https://www.threads.net/@jinvelvet34/post/DWqy4Askerl,jinvelvet34/post/DWqy4Askerl
e_drive,E:\threads_final_test\final_test_report_013804.xlsx,https://www.threads.net/@naseul___/post/DWs5Eh0GBRe,naseul___/post/DWs5Eh0GBRe
e_drive,E:\threads_final_test\final_test_report_013804.xlsx,https://www.threads.net/@ping._.pick/post/DWthe5UFNCY,ping._.pick/post/DWthe5UFNCY
e_drive,E:\threads_final_test\final_test_report_013804.xlsx,https://www.threads.net/@psjrich/post/DWsJwfik6Vf,psjrich/post/DWsJwfik6Vf
e_drive,E:\threads_final_test\final_test_report_013804.xlsx,https://www.threads.net/@restar_tem/post/DWvQVeimqK8,restar_tem/post/DWvQVeimqK8
e_drive,E:\threads_final_test\final_test_report_014447.xlsx,https://www.threads.net/@jinvelvet34/post/DWqy4Askerl,jinvelvet34/post/DWqy4Askerl
e_drive,E:\threads_final_test\final_test_report_014447.xlsx,https://www.threads.net/@naseul___/post/DWs5Eh0GBRe,naseul___/post/DWs5Eh0GBRe
e_drive,E:\threads_final_test\final_test_report_014447.xlsx,https://www.threads.net/@ping._.pick/post/DWthe5UFNCY,ping._.pick/post/DWthe5UFNCY
e_drive,E:\threads_final_test\final_test_report_014447.xlsx,https://www.threads.net/@psjrich/post/DWsJwfik6Vf,psjrich/post/DWsJwfik6Vf
e_drive,E:\threads_final_test\final_test_report_014447.xlsx,https://www.threads.net/@restar_tem/post/DWvQVeimqK8,restar_tem/post/DWvQVeimqK8
e_drive,E:\threads_final_test\final_test_report_015144.xlsx,https://www.threads.net/@jinvelvet34/post/DWqy4Askerl,jinvelvet34/post/DWqy4Askerl
e_drive,E:\threads_final_test\final_test_report_015144.xlsx,https://www.threads.net/@naseul___/post/DWs5Eh0GBRe,naseul___/post/DWs5Eh0GBRe
e_drive,E:\threads_final_test\final_test_report_015144.xlsx,https://www.threads.net/@ping._.pick/post/DWthe5UFNCY,ping._.pick/post/DWthe5UFNCY
e_drive,E:\threads_final_test\final_test_report_015144.xlsx,https://www.threads.net/@psjrich/post/DWsJwfik6Vf,psjrich/post/DWsJwfik6Vf
e_drive,E:\threads_final_test\final_test_report_015144.xlsx,https://www.threads.net/@restar_tem/post/DWvQVeimqK8,restar_tem/post/DWvQVeimqK8
e_drive,E:\threads_final_test\final_test_report_015724.xlsx,https://www.threads.net/@jinvelvet34/post/DWqy4Askerl,jinvelvet34/post/DWqy4Askerl
e_drive,E:\threads_final_test\final_test_report_015724.xlsx,https://www.threads.net/@naseul___/post/DWs5Eh0GBRe,naseul___/post/DWs5Eh0GBRe
e_drive,E:\threads_final_test\final_test_report_015724.xlsx,https://www.threads.net/@ping._.pick/post/DWthe5UFNCY,ping._.pick/post/DWthe5UFNCY
e_drive,E:\threads_final_test\final_test_report_015724.xlsx,https://www.threads.net/@psjrich/post/DWsJwfik6Vf,psjrich/post/DWsJwfik6Vf
e_drive,E:\threads_final_test\final_test_report_015724.xlsx,https://www.threads.net/@restar_tem/post/DWvQVeimqK8,restar_tem/post/DWvQVeimqK8
e_drive,E:\threads_final_test\final_test_report_020244.xlsx,https://www.threads.net/@jinvelvet34/post/DWqy4Askerl,jinvelvet34/post/DWqy4Askerl
e_drive,E:\threads_final_test\final_test_report_020244.xlsx,https://www.threads.net/@naseul___/post/DWs5Eh0GBRe,naseul___/post/DWs5Eh0GBRe
e_drive,E:\threads_final_test\final_test_report_020244.xlsx,https://www.threads.net/@ping._.pick/post/DWthe5UFNCY,ping._.pick/post/DWthe5UFNCY
e_drive,E:\threads_final_test\final_test_report_020244.xlsx,https://www.threads.net/@psjrich/post/DWsJwfik6Vf,psjrich/post/DWsJwfik6Vf
e_drive,E:\threads_final_test\final_test_report_020244.xlsx,https://www.threads.net/@restar_tem/post/DWvQVeimqK8,restar_tem/post/DWvQVeimqK8
e_drive,E:\threads_final_test\final_test_retry_012201.xlsx,https://www.threads.net/@jinvelvet34/post/DWqy4Askerl,jinvelvet34/post/DWqy4Askerl
e_drive,E:\threads_final_test\final_test_retry_012201.xlsx,https://www.threads.net/@naseul___/post/DWs5Eh0GBRe,naseul___/post/DWs5Eh0GBRe
e_drive,E:\threads_final_test\final_test_retry_012201.xlsx,https://www.threads.net/@ping._.pick/post/DWthe5UFNCY,ping._.pick/post/DWthe5UFNCY
e_drive,E:\threads_final_test\final_test_retry_012201.xlsx,https://www.threads.net/@psjrich/post/DWsJwfik6Vf,psjrich/post/DWsJwfik6Vf
e_drive,E:\threads_final_test\final_test_retry_012201.xlsx,https://www.threads.net/@restar_tem/post/DWvQVeimqK8,restar_tem/post/DWvQVeimqK8
e_drive,E:\threads_final_test\final_test_retry_012740.xlsx,https://www.threads.net/@jinvelvet34/post/DWqy4Askerl,jinvelvet34/post/DWqy4Askerl
e_drive,E:\threads_final_test\final_test_retry_012740.xlsx,https://www.threads.net/@naseul___/post/DWs5Eh0GBRe,naseul___/post/DWs5Eh0GBRe
e_drive,E:\threads_final_test\final_test_retry_012740.xlsx,https://www.threads.net/@ping._.pick/post/DWthe5UFNCY,ping._.pick/post/DWthe5UFNCY
e_drive,E:\threads_final_test\final_test_retry_012740.xlsx,https://www.threads.net/@psjrich/post/DWsJwfik6Vf,psjrich/post/DWsJwfik6Vf
e_drive,E:\threads_final_test\final_test_retry_012740.xlsx,https://www.threads.net/@restar_tem/post/DWvQVeimqK8,restar_tem/post/DWvQVeimqK8
e_drive,E:\threads_final_test\final_test_retry_013258.xlsx,https://www.threads.net/@jinvelvet34/post/DWqy4Askerl,jinvelvet34/post/DWqy4Askerl
e_drive,E:\threads_final_test\final_test_retry_013258.xlsx,https://www.threads.net/@naseul___/post/DWs5Eh0GBRe,naseul___/post/DWs5Eh0GBRe
e_drive,E:\threads_final_test\final_test_retry_013258.xlsx,https://www.threads.net/@ping._.pick/post/DWthe5UFNCY,ping._.pick/post/DWthe5UFNCY
e_drive,E:\threads_final_test\final_test_retry_013258.xlsx,https://www.threads.net/@psjrich/post/DWsJwfik6Vf,psjrich/post/DWsJwfik6Vf
e_drive,E:\threads_final_test\final_test_retry_013258.xlsx,https://www.threads.net/@restar_tem/post/DWvQVeimqK8,restar_tem/post/DWvQVeimqK8
e_drive,E:\threads_final_test\final_test_retry_013913.xlsx,https://www.threads.net/@jinvelvet34/post/DWqy4Askerl,jinvelvet34/post/DWqy4Askerl
e_drive,E:\threads_final_test\final_test_retry_013913.xlsx,https://www.threads.net/@naseul___/post/DWs5Eh0GBRe,naseul___/post/DWs5Eh0GBRe
e_drive,E:\threads_final_test\final_test_retry_013913.xlsx,https://www.threads.net/@ping._.pick/post/DWthe5UFNCY,ping._.pick/post/DWthe5UFNCY
e_drive,E:\threads_final_test\final_test_retry_013913.xlsx,https://www.threads.net/@psjrich/post/DWsJwfik6Vf,psjrich/post/DWsJwfik6Vf
e_drive,E:\threads_final_test\final_test_retry_013913.xlsx,https://www.threads.net/@restar_tem/post/DWvQVeimqK8,restar_tem/post/DWvQVeimqK8
e_drive,E:\threads_final_test\final_test_retry_014452.xlsx,https://www.threads.net/@jinvelvet34/post/DWqy4Askerl,jinvelvet34/post/DWqy4Askerl
e_drive,E:\threads_final_test\final_test_retry_014452.xlsx,https://www.threads.net/@naseul___/post/DWs5Eh0GBRe,naseul___/post/DWs5Eh0GBRe
e_drive,E:\threads_final_test\final_test_retry_014452.xlsx,https://www.threads.net/@ping._.pick/post/DWthe5UFNCY,ping._.pick/post/DWthe5UFNCY
e_drive,E:\threads_final_test\final_test_retry_014452.xlsx,https://www.threads.net/@psjrich/post/DWsJwfik6Vf,psjrich/post/DWsJwfik6Vf
e_drive,E:\threads_final_test\final_test_retry_014452.xlsx,https://www.threads.net/@restar_tem/post/DWvQVeimqK8,restar_tem/post/DWvQVeimqK8
e_drive,E:\threads_final_test\final_test_retry_015201.xlsx,https://www.threads.net/@jinvelvet34/post/DWqy4Askerl,jinvelvet34/post/DWqy4Askerl
e_drive,E:\threads_final_test\final_test_retry_015201.xlsx,https://www.threads.net/@naseul___/post/DWs5Eh0GBRe,naseul___/post/DWs5Eh0GBRe
e_drive,E:\threads_final_test\final_test_retry_015201.xlsx,https://www.threads.net/@ping._.pick/post/DWthe5UFNCY,ping._.pick/post/DWthe5UFNCY
e_drive,E:\threads_final_test\final_test_retry_015201.xlsx,https://www.threads.net/@psjrich/post/DWsJwfik6Vf,psjrich/post/DWsJwfik6Vf
e_drive,E:\threads_final_test\final_test_retry_015201.xlsx,https://www.threads.net/@restar_tem/post/DWvQVeimqK8,restar_tem/post/DWvQVeimqK8
e_drive,E:\threads_final_test\final_test_retry_015651.xlsx,https://www.threads.net/@jinvelvet34/post/DWqy4Askerl,jinvelvet34/post/DWqy4Askerl
e_drive,E:\threads_final_test\final_test_retry_015651.xlsx,https://www.threads.net/@naseul___/post/DWs5Eh0GBRe,naseul___/post/DWs5Eh0GBRe
e_drive,E:\threads_final_test\final_test_retry_015651.xlsx,https://www.threads.net/@ping._.pick/post/DWthe5UFNCY,ping._.pick/post/DWthe5UFNCY
e_drive,E:\threads_final_test\final_test_retry_015651.xlsx,https://www.threads.net/@psjrich/post/DWsJwfik6Vf,psjrich/post/DWsJwfik6Vf
e_drive,E:\threads_final_test\final_test_retry_015651.xlsx,https://www.threads.net/@restar_tem/post/DWvQVeimqK8,restar_tem/post/DWvQVeimqK8
e_drive,E:\threads_final_test\final_test_retry_020245.xlsx,https://www.threads.net/@jinvelvet34/post/DWqy4Askerl,jinvelvet34/post/DWqy4Askerl
e_drive,E:\threads_final_test\final_test_retry_020245.xlsx,https://www.threads.net/@naseul___/post/DWs5Eh0GBRe,naseul___/post/DWs5Eh0GBRe
e_drive,E:\threads_final_test\final_test_retry_020245.xlsx,https://www.threads.net/@ping._.pick/post/DWthe5UFNCY,ping._.pick/post/DWthe5UFNCY
e_drive,E:\threads_final_test\final_test_retry_020245.xlsx,https://www.threads.net/@psjrich/post/DWsJwfik6Vf,psjrich/post/DWsJwfik6Vf
e_drive,E:\threads_final_test\final_test_retry_020245.xlsx,https://www.threads.net/@restar_tem/post/DWvQVeimqK8,restar_tem/post/DWvQVeimqK8
e_drive,E:\threads_final_test\final_verified_013709.xlsx,https://www.threads.net/@jinvelvet34/post/DWqy4Askerl,jinvelvet34/post/DWqy4Askerl
e_drive,E:\threads_final_test\final_verified_013709.xlsx,https://www.threads.net/@naseul___/post/DWs5Eh0GBRe,naseul___/post/DWs5Eh0GBRe
e_drive,E:\threads_final_test\final_verified_013709.xlsx,https://www.threads.net/@ping._.pick/post/DWthe5UFNCY,ping._.pick/post/DWthe5UFNCY
e_drive,E:\threads_final_test\final_verified_013709.xlsx,https://www.threads.net/@psjrich/post/DWsJwfik6Vf,psjrich/post/DWsJwfik6Vf
e_drive,E:\threads_final_test\final_verified_013709.xlsx,https://www.threads.net/@restar_tem/post/DWvQVeimqK8,restar_tem/post/DWvQVeimqK8
e_drive,E:\threads_final_test\final_verified_014433.xlsx,https://www.threads.net/@jinvelvet34/post/DWqy4Askerl,jinvelvet34/post/DWqy4Askerl
e_drive,E:\threads_final_test\final_verified_014433.xlsx,https://www.threads.net/@naseul___/post/DWs5Eh0GBRe,naseul___/post/DWs5Eh0GBRe
e_drive,E:\threads_final_test\final_verified_014433.xlsx,https://www.threads.net/@ping._.pick/post/DWthe5UFNCY,ping._.pick/post/DWthe5UFNCY
e_drive,E:\threads_final_test\final_verified_014433.xlsx,https://www.threads.net/@psjrich/post/DWsJwfik6Vf,psjrich/post/DWsJwfik6Vf
e_drive,E:\threads_final_test\final_verified_014433.xlsx,https://www.threads.net/@restar_tem/post/DWvQVeimqK8,restar_tem/post/DWvQVeimqK8
e_drive,E:\threads_final_test\final_verified_015321.xlsx,https://www.threads.net/@jinvelvet34/post/DWqy4Askerl,jinvelvet34/post/DWqy4Askerl
e_drive,E:\threads_final_test\final_verified_015321.xlsx,https://www.threads.net/@naseul___/post/DWs5Eh0GBRe,naseul___/post/DWs5Eh0GBRe
e_drive,E:\threads_final_test\final_verified_015321.xlsx,https://www.threads.net/@ping._.pick/post/DWthe5UFNCY,ping._.pick/post/DWthe5UFNCY
e_drive,E:\threads_final_test\final_verified_015321.xlsx,https://www.threads.net/@psjrich/post/DWsJwfik6Vf,psjrich/post/DWsJwfik6Vf
e_drive,E:\threads_final_test\final_verified_015321.xlsx,https://www.threads.net/@restar_tem/post/DWvQVeimqK8,restar_tem/post/DWvQVeimqK8
e_drive,E:\threads_final_test\final_verified_020033.xlsx,https://www.threads.net/@jinvelvet34/post/DWqy4Askerl,jinvelvet34/post/DWqy4Askerl
e_drive,E:\threads_final_test\final_verified_020033.xlsx,https://www.threads.net/@naseul___/post/DWs5Eh0GBRe,naseul___/post/DWs5Eh0GBRe
e_drive,E:\threads_final_test\final_verified_020033.xlsx,https://www.threads.net/@ping._.pick/post/DWthe5UFNCY,ping._.pick/post/DWthe5UFNCY
e_drive,E:\threads_final_test\final_verified_020033.xlsx,https://www.threads.net/@psjrich/post/DWsJwfik6Vf,psjrich/post/DWsJwfik6Vf
e_drive,E:\threads_final_test\final_verified_020033.xlsx,https://www.threads.net/@restar_tem/post/DWvQVeimqK8,restar_tem/post/DWvQVeimqK8
e_drive,E:\내꺼도토리\threads_slow_report_0430_1724.xlsx,https://www.threads.com/@arch_dotori/post/DXDpbtXD3jk,arch_dotori/post/DXDpbtXD3jk
e_drive,E:\내꺼도토리\threads_slow_report_0430_1724.xlsx,https://www.threads.com/@arch_dotori/post/DXDqRJLj_qD,arch_dotori/post/DXDqRJLj_qD
e_drive,E:\내꺼도토리\threads_slow_report_0430_1724.xlsx,https://www.threads.com/@arch_dotori/post/DXDs25sjzk3,arch_dotori/post/DXDs25sjzk3
e_drive,E:\내꺼도토리\threads_slow_report_0430_1724.xlsx,https://www.threads.com/@arch_dotori/post/DXDsAMTj8Ho,arch_dotori/post/DXDsAMTj8Ho
e_drive,E:\내꺼도토리\threads_slow_report_0430_1724.xlsx,https://www.threads.com/@arch_dotori/post/DXE07E4D47K,arch_dotori/post/DXE07E4D47K
e_drive,E:\내꺼도토리\threads_slow_report_0430_1724.xlsx,https://www.threads.com/@arch_dotori/post/DXE0AfIEnd6,arch_dotori/post/DXE0AfIEnd6
e_drive,E:\내꺼도토리\threads_slow_report_0430_1724.xlsx,https://www.threads.com/@arch_dotori/post/DXE1778kQOf,arch_dotori/post/DXE1778kQOf
e_drive,E:\내꺼도토리\threads_slow_report_0430_1724.xlsx,https://www.threads.com/@arch_dotori/post/DXE2zz3j3t1,arch_dotori/post/DXE2zz3j3t1
e_drive,E:\내꺼도토리\threads_slow_report_0430_1724.xlsx,https://www.threads.com/@arch_dotori/post/DXE31rSD6uz,arch_dotori/post/DXE31rSD6uz
e_drive,E:\내꺼도토리\threads_slow_report_0430_1724.xlsx,https://www.threads.com/@arch_dotori/post/DXE4q5fj0DD,arch_dotori/post/DXE4q5fj0DD
e_drive,E:\내꺼도토리\threads_slow_report_0430_1724.xlsx,https://www.threads.com/@arch_dotori/post/DXE5korjemM,arch_dotori/post/DXE5korjemM
e_drive,E:\내꺼도토리\threads_slow_report_0430_1724.xlsx,https://www.threads.com/@arch_dotori/post/DXE6vRuFP-Z,arch_dotori/post/DXE6vRuFP-Z
e_drive,E:\내꺼도토리\threads_slow_report_0430_1724.xlsx,https://www.threads.com/@arch_dotori/post/DXE74Hij-IW,arch_dotori/post/DXE74Hij-IW
e_drive,E:\내꺼도토리\threads_slow_report_0430_1724.xlsx,https://www.threads.com/@arch_dotori/post/DXE85YcDCf5,arch_dotori/post/DXE85YcDCf5
e_drive,E:\내꺼도토리\threads_slow_report_0430_1724.xlsx,https://www.threads.com/@arch_dotori/post/DXE95bqEprS,arch_dotori/post/DXE95bqEprS
e_drive,E:\내꺼도토리\threads_slow_report_0430_1724.xlsx,https://www.threads.com/@arch_dotori/post/DXEg2JRj1qP,arch_dotori/post/DXEg2JRj1qP
e_drive,E:\내꺼도토리\threads_slow_report_0430_1724.xlsx,https://www.threads.com/@arch_dotori/post/DXEh7Gokf9s,arch_dotori/post/DXEh7Gokf9s
e_drive,E:\내꺼도토리\threads_slow_report_0430_1724.xlsx,https://www.threads.com/@arch_dotori/post/DXEi7dbj-eK,arch_dotori/post/DXEi7dbj-eK
e_drive,E:\내꺼도토리\threads_slow_report_0430_1724.xlsx,https://www.threads.com/@arch_dotori/post/DXEkEyrDwLb,arch_dotori/post/DXEkEyrDwLb
e_drive,E:\내꺼도토리\threads_slow_report_0430_1724.xlsx,https://www.threads.com/@arch_dotori/post/DXElPRXj8yY,arch_dotori/post/DXElPRXj8yY
e_drive,E:\내꺼도토리\threads_slow_report_0430_1724.xlsx,https://www.threads.com/@arch_dotori/post/DXEmiEvD2gv,arch_dotori/post/DXEmiEvD2gv
e_drive,E:\내꺼도토리\threads_slow_report_0430_1724.xlsx,https://www.threads.com/@arch_dotori/post/DXEnlUgAkHU,arch_dotori/post/DXEnlUgAkHU
e_drive,E:\내꺼도토리\threads_slow_report_0430_1724.xlsx,https://www.threads.com/@arch_dotori/post/DXEot1YAZlY,arch_dotori/post/DXEot1YAZlY
e_drive,E:\내꺼도토리\threads_slow_report_0430_1724.xlsx,https://www.threads.com/@arch_dotori/post/DXEpj9OCDYr,arch_dotori/post/DXEpj9OCDYr
e_drive,E:\내꺼도토리\threads_slow_report_0430_1724.xlsx,https://www.threads.com/@arch_dotori/post/DXEqcpsD16r,arch_dotori/post/DXEqcpsD16r
e_drive,E:\내꺼도토리\threads_slow_report_0430_1724.xlsx,https://www.threads.com/@arch_dotori/post/DXErPTzkjDg,arch_dotori/post/DXErPTzkjDg
e_drive,E:\내꺼도토리\threads_slow_report_0430_1724.xlsx,https://www.threads.com/@arch_dotori/post/DXEsD2OgLQZ,arch_dotori/post/DXEsD2OgLQZ
e_drive,E:\내꺼도토리\threads_slow_report_0430_1724.xlsx,https://www.threads.com/@arch_dotori/post/DXEtQpQEVob,arch_dotori/post/DXEtQpQEVob
e_drive,E:\내꺼도토리\threads_slow_report_0430_1724.xlsx,https://www.threads.com/@arch_dotori/post/DXEuPMhDOhO,arch_dotori/post/DXEuPMhDOhO
e_drive,E:\내꺼도토리\threads_slow_report_0430_1724.xlsx,https://www.threads.com/@arch_dotori/post/DXEv-DFlFoy,arch_dotori/post/DXEv-DFlFoy
e_drive,E:\내꺼도토리\threads_slow_report_0430_1724.xlsx,https://www.threads.com/@arch_dotori/post/DXEvLo2kchp,arch_dotori/post/DXEvLo2kchp
e_drive,E:\내꺼도토리\threads_slow_report_0430_1724.xlsx,https://www.threads.com/@arch_dotori/post/DXEw_PWihUR,arch_dotori/post/DXEw_PWihUR
e_drive,E:\내꺼도토리\threads_slow_report_0430_1724.xlsx,https://www.threads.com/@arch_dotori/post/DXEx_WbjgYP,arch_dotori/post/DXEx_WbjgYP
e_drive,E:\내꺼도토리\threads_slow_report_0430_1724.xlsx,https://www.threads.com/@arch_dotori/post/DXEy-l5D8L3,arch_dotori/post/DXEy-l5D8L3
e_drive,E:\내꺼도토리\threads_slow_report_0430_1724.xlsx,https://www.threads.com/@arch_dotori/post/DXH-rVNkwnQ,arch_dotori/post/DXH-rVNkwnQ
e_drive,E:\내꺼도토리\threads_slow_report_0430_1724.xlsx,https://www.threads.com/@arch_dotori/post/DXH1y1gFfpk,arch_dotori/post/DXH1y1gFfpk
e_drive,E:\내꺼도토리\threads_slow_report_0430_1724.xlsx,https://www.threads.com/@arch_dotori/post/DXH21p8E5nu,arch_dotori/post/DXH21p8E5nu
e_drive,E:\내꺼도토리\threads_slow_report_0430_1724.xlsx,https://www.threads.com/@arch_dotori/post/DXH3znGCRwq,arch_dotori/post/DXH3znGCRwq
e_drive,E:\내꺼도토리\threads_slow_report_0430_1724.xlsx,https://www.threads.com/@arch_dotori/post/DXH467jk9dZ,arch_dotori/post/DXH467jk9dZ
e_drive,E:\내꺼도토리\threads_slow_report_0430_1724.xlsx,https://www.threads.com/@arch_dotori/post/DXH6BzniYD8,arch_dotori/post/DXH6BzniYD8
e_drive,E:\내꺼도토리\threads_slow_report_0430_1724.xlsx,https://www.threads.com/@arch_dotori/post/DXH6_V4kx0a,arch_dotori/post/DXH6_V4kx0a
e_drive,E:\내꺼도토리\threads_slow_report_0430_1724.xlsx,https://www.threads.com/@arch_dotori/post/DXH76cUAjkH,arch_dotori/post/DXH76cUAjkH
e_drive,E:\내꺼도토리\threads_slow_report_0430_1724.xlsx,https://www.threads.com/@arch_dotori/post/DXH82ITE8kz,arch_dotori/post/DXH82ITE8kz
e_drive,E:\내꺼도토리\threads_slow_report_0430_1724.xlsx,https://www.threads.com/@arch_dotori/post/DXH9wImk0zp,arch_dotori/post/DXH9wImk0zp
e_drive,E:\내꺼도토리\threads_slow_report_0430_1724.xlsx,https://www.threads.com/@arch_dotori/post/DXH_nzzE8UI,arch_dotori/post/DXH_nzzE8UI
e_drive,E:\내꺼도토리\threads_slow_report_0430_1724.xlsx,https://www.threads.com/@arch_dotori/post/DXHlGiAj2np,arch_dotori/post/DXHlGiAj2np
e_drive,E:\내꺼도토리\threads_slow_report_0430_1724.xlsx,https://www.threads.com/@arch_dotori/post/DXHmX9VD2zC,arch_dotori/post/DXHmX9VD2zC
e_drive,E:\내꺼도토리\threads_slow_report_0430_1724.xlsx,https://www.threads.com/@arch_dotori/post/DXHplSFD2I-,arch_dotori/post/DXHplSFD2I-
e_drive,E:\내꺼도토리\threads_slow_report_0430_1724.xlsx,https://www.threads.com/@arch_dotori/post/DXHtAIVj-GK,arch_dotori/post/DXHtAIVj-GK
e_drive,E:\내꺼도토리\threads_slow_report_0430_1724.xlsx,https://www.threads.com/@arch_dotori/post/DXHuyPgj--m,arch_dotori/post/DXHuyPgj--m
e_drive,E:\내꺼도토리\threads_slow_report_0430_1724.xlsx,https://www.threads.com/@arch_dotori/post/DXHwhZwjS5V,arch_dotori/post/DXHwhZwjS5V
e_drive,E:\내꺼도토리\threads_slow_report_0430_1724.xlsx,https://www.threads.com/@arch_dotori/post/DXHyQ-wDXnJ,arch_dotori/post/DXHyQ-wDXnJ
e_drive,E:\내꺼도토리\threads_slow_report_0430_1724.xlsx,https://www.threads.com/@arch_dotori/post/DXIAmw6k0bM,arch_dotori/post/DXIAmw6k0bM
e_drive,E:\내꺼도토리\threads_slow_report_0430_1724.xlsx,https://www.threads.com/@arch_dotori/post/DXICq-dFHhj,arch_dotori/post/DXICq-dFHhj
e_drive,E:\내꺼도토리\threads_slow_report_0430_1724.xlsx,https://www.threads.com/@arch_dotori/post/DXIDwE0gW5f,arch_dotori/post/DXIDwE0gW5f
e_drive,E:\내꺼도토리\threads_slow_report_0430_1724.xlsx,https://www.threads.com/@arch_dotori/post/DXIFpbGEyo2,arch_dotori/post/DXIFpbGEyo2
e_drive,E:\내꺼도토리\threads_slow_report_0430_1724.xlsx,https://www.threads.com/@arch_dotori/post/DXIGpkzDpbl,arch_dotori/post/DXIGpkzDpbl
e_drive,E:\내꺼도토리\threads_slow_report_0430_1724.xlsx,https://www.threads.com/@arch_dotori/post/DXIHoVViE-F,arch_dotori/post/DXIHoVViE-F
e_drive,E:\내꺼도토리\threads_slow_report_0430_1724.xlsx,https://www.threads.com/@arch_dotori/post/DXL0awqFLCL,arch_dotori/post/DXL0awqFLCL
e_drive,E:\내꺼도토리\threads_slow_report_0430_1724.xlsx,https://www.threads.com/@arch_dotori/post/DXL1UsiAYnz,arch_dotori/post/DXL1UsiAYnz
e_drive,E:\내꺼도토리\threads_slow_report_0430_1724.xlsx,https://www.threads.com/@arch_dotori/post/DXL3b2uj-Pe,arch_dotori/post/DXL3b2uj-Pe
e_drive,E:\내꺼도토리\threads_slow_report_0430_1724.xlsx,https://www.threads.com/@arch_dotori/post/DXL4XQBiDvq,arch_dotori/post/DXL4XQBiDvq
e_drive,E:\내꺼도토리\threads_slow_report_0430_1724.xlsx,https://www.threads.com/@arch_dotori/post/DXL5fWNlDxg,arch_dotori/post/DXL5fWNlDxg
e_drive,E:\내꺼도토리\threads_slow_report_0430_1724.xlsx,https://www.threads.com/@arch_dotori/post/DXL6g1GDX0K,arch_dotori/post/DXL6g1GDX0K
e_drive,E:\내꺼도토리\threads_slow_report_0430_1724.xlsx,https://www.threads.com/@arch_dotori/post/DXLZ35Ygh_i,arch_dotori/post/DXLZ35Ygh_i
e_drive,E:\내꺼도토리\threads_slow_report_0430_1724.xlsx,https://www.threads.com/@arch_dotori/post/DXLbERnD7Cl,arch_dotori/post/DXLbERnD7Cl
e_drive,E:\내꺼도토리\threads_slow_report_0430_1724.xlsx,https://www.threads.com/@arch_dotori/post/DXLcH6xiavH,arch_dotori/post/DXLcH6xiavH
e_drive,E:\내꺼도토리\threads_slow_report_0430_1724.xlsx,https://www.threads.com/@arch_dotori/post/DXLdIzcjxru,arch_dotori/post/DXLdIzcjxru
e_drive,E:\내꺼도토리\threads_slow_report_0430_1724.xlsx,https://www.threads.com/@arch_dotori/post/DXLeXWtiQj0,arch_dotori/post/DXLeXWtiQj0
e_drive,E:\내꺼도토리\threads_slow_report_0430_1724.xlsx,https://www.threads.com/@arch_dotori/post/DXLfkDlgLHA,arch_dotori/post/DXLfkDlgLHA
e_drive,E:\내꺼도토리\threads_slow_report_0430_1724.xlsx,https://www.threads.com/@arch_dotori/post/DXLgtNjjwq9,arch_dotori/post/DXLgtNjjwq9
e_drive,E:\내꺼도토리\threads_slow_report_0430_1724.xlsx,https://www.threads.com/@arch_dotori/post/DXLh_qoAqcq,arch_dotori/post/DXLh_qoAqcq
e_drive,E:\내꺼도토리\threads_slow_report_0430_1724.xlsx,https://www.threads.com/@arch_dotori/post/DXLjHq8j5Ap,arch_dotori/post/DXLjHq8j5Ap
e_drive,E:\내꺼도토리\threads_slow_report_0430_1724.xlsx,https://www.threads.com/@arch_dotori/post/DXLkcQhAg3g,arch_dotori/post/DXLkcQhAg3g
e_drive,E:\내꺼도토리\threads_slow_report_0430_1724.xlsx,https://www.threads.com/@arch_dotori/post/DXLlpH9Cmmu,arch_dotori/post/DXLlpH9Cmmu
e_drive,E:\내꺼도토리\threads_slow_report_0430_1724.xlsx,https://www.threads.com/@arch_dotori/post/DXLmu2flAHo,arch_dotori/post/DXLmu2flAHo
e_drive,E:\내꺼도토리\threads_slow_report_0430_1724.xlsx,https://www.threads.com/@arch_dotori/post/DXLn4lRD9V-,arch_dotori/post/DXLn4lRD9V-
e_drive,E:\내꺼도토리\threads_slow_report_0430_1724.xlsx,https://www.threads.com/@arch_dotori/post/DXLo6PQj_do,arch_dotori/post/DXLo6PQj_do
e_drive,E:\내꺼도토리\threads_slow_report_0430_1724.xlsx,https://www.threads.com/@arch_dotori/post/DXLp3gNEyXc,arch_dotori/post/DXLp3gNEyXc
e_drive,E:\내꺼도토리\threads_slow_report_0430_1724.xlsx,https://www.threads.com/@arch_dotori/post/DXLq-uSD2ts,arch_dotori/post/DXLq-uSD2ts
e_drive,E:\내꺼도토리\threads_slow_report_0430_1724.xlsx,https://www.threads.com/@arch_dotori/post/DXLvejBFJ6n,arch_dotori/post/DXLvejBFJ6n
e_drive,E:\내꺼도토리\threads_slow_report_0430_1724.xlsx,https://www.threads.com/@arch_dotori/post/DXLwfRiD-TY,arch_dotori/post/DXLwfRiD-TY
e_drive,E:\내꺼도토리\threads_slow_report_0430_1724.xlsx,https://www.threads.com/@arch_dotori/post/DXLxcnvj1tE,arch_dotori/post/DXLxcnvj1tE
e_drive,E:\내꺼도토리\threads_slow_report_0430_1724.xlsx,https://www.threads.com/@arch_dotori/post/DXLyW4aj6Xt,arch_dotori/post/DXLyW4aj6Xt
e_drive,E:\내꺼도토리\threads_slow_report_0430_1724.xlsx,https://www.threads.com/@arch_dotori/post/DXLzUV7j3vG,arch_dotori/post/DXLzUV7j3vG
e_drive,E:\내꺼도토리\threads_slow_report_0430_1724.xlsx,https://www.threads.com/@arch_dotori/post/DXN-nvOD_mm,arch_dotori/post/DXN-nvOD_mm
e_drive,E:\내꺼도토리\threads_slow_report_0430_1724.xlsx,https://www.threads.com/@arch_dotori/post/DXN2YY3jH56,arch_dotori/post/DXN2YY3jH56
e_drive,E:\내꺼도토리\threads_slow_report_0430_1724.xlsx,https://www.threads.com/@arch_dotori/post/DXN4i0kj3o9,arch_dotori/post/DXN4i0kj3o9
e_drive,E:\내꺼도토리\threads_slow_report_0430_1724.xlsx,https://www.threads.com/@arch_dotori/post/DXN5q5gD9lA,arch_dotori/post/DXN5q5gD9lA
e_drive,E:\내꺼도토리\threads_slow_report_0430_1724.xlsx,https://www.threads.com/@arch_dotori/post/DXN6-DCjYwv,arch_dotori/post/DXN6-DCjYwv
e_drive,E:\내꺼도토리\threads_slow_report_0430_1724.xlsx,https://www.threads.com/@arch_dotori/post/DXN8MuQj2MY,arch_dotori/post/DXN8MuQj2MY
e_drive,E:\내꺼도토리\threads_slow_report_0430_1724.xlsx,https://www.threads.com/@arch_dotori/post/DXN9ZCikeu0,arch_dotori/post/DXN9ZCikeu0
e_drive,E:\내꺼도토리\threads_slow_report_0430_1724.xlsx,https://www.threads.com/@arch_dotori/post/DXOAAo1D40n,arch_dotori/post/DXOAAo1D40n
e_drive,E:\내꺼도토리\threads_slow_report_0430_1724.xlsx,https://www.threads.com/@arch_dotori/post/DXOBEFAioNH,arch_dotori/post/DXOBEFAioNH
e_drive,E:\내꺼도토리\threads_slow_report_0430_1724.xlsx,https://www.threads.com/@arch_dotori/post/DXOEMHcCP8_,arch_dotori/post/DXOEMHcCP8_
e_drive,E:\내꺼도토리\threads_slow_report_0430_1724.xlsx,https://www.threads.com/@arch_dotori/post/DXOFxlMj5FA,arch_dotori/post/DXOFxlMj5FA
e_drive,E:\내꺼도토리\threads_slow_report_0430_1724.xlsx,https://www.threads.com/@arch_dotori/post/DXOXc0oD3I6,arch_dotori/post/DXOXc0oD3I6
e_drive,E:\내꺼도토리\threads_slow_report_0430_1724.xlsx,https://www.threads.com/@arch_dotori/post/DXOY-EhlCwf,arch_dotori/post/DXOY-EhlCwf
e_drive,E:\내꺼도토리\threads_slow_report_0430_1724.xlsx,https://www.threads.com/@arch_dotori/post/DXOYRB_DyLE,arch_dotori/post/DXOYRB_DyLE
e_drive,E:\내꺼도토리\threads_slow_report_0430_1724.xlsx,https://www.threads.com/@arch_dotori/post/DXOZteIj82-,arch_dotori/post/DXOZteIj82-
e_drive,E:\내꺼도토리\threads_slow_report_0430_1724.xlsx,https://www.threads.com/@arch_dotori/post/DXOaicJjw5C,arch_dotori/post/DXOaicJjw5C
e_drive,E:\내꺼도토리\threads_slow_report_0430_1724.xlsx,https://www.threads.com/@arch_dotori/post/DXObRI5j3Vy,arch_dotori/post/DXObRI5j3Vy
e_drive,E:\내꺼도토리\threads_slow_report_0430_1724.xlsx,https://www.threads.com/@arch_dotori/post/DXOcObCFIj8,arch_dotori/post/DXOcObCFIj8
e_drive,E:\내꺼도토리\threads_slow_report_0430_1724.xlsx,https://www.threads.com/@arch_dotori/post/DXOdMFsjxKJ,arch_dotori/post/DXOdMFsjxKJ
e_drive,E:\내꺼도토리\threads_slow_report_0430_1724.xlsx,https://www.threads.com/@arch_dotori/post/DXOeO12jzrt,arch_dotori/post/DXOeO12jzrt
e_drive,E:\내꺼도토리\threads_slow_report_0430_1724.xlsx,https://www.threads.com/@arch_dotori/post/DXOf9fdD_t2,arch_dotori/post/DXOf9fdD_t2
e_drive,E:\내꺼도토리\threads_slow_report_0430_1724.xlsx,https://www.threads.com/@arch_dotori/post/DXOfJyBj-1S,arch_dotori/post/DXOfJyBj-1S
e_drive,E:\내꺼도토리\threads_slow_report_0430_1724.xlsx,https://www.threads.com/@arch_dotori/post/DXOhYZ7Do-e,arch_dotori/post/DXOhYZ7Do-e
e_drive,E:\내꺼도토리\threads_slow_report_0430_1724.xlsx,https://www.threads.com/@arch_dotori/post/DXOiKd-j2R2,arch_dotori/post/DXOiKd-j2R2
e_drive,E:\내꺼도토리\threads_slow_report_0430_1724.xlsx,https://www.threads.com/@arch_dotori/post/DXOjHCiDB85,arch_dotori/post/DXOjHCiDB85
e_drive,E:\내꺼도토리\threads_slow_report_0430_1724.xlsx,https://www.threads.com/@arch_dotori/post/DXOkBixk68I,arch_dotori/post/DXOkBixk68I
e_drive,E:\내꺼도토리\threads_slow_report_0430_1724.xlsx,https://www.threads.com/@arch_dotori/post/DXOlQ7lj-yY,arch_dotori/post/DXOlQ7lj-yY
e_drive,E:\내꺼도토리\threads_slow_report_0430_1724.xlsx,https://www.threads.com/@arch_dotori/post/DXc2NAbEpBC,arch_dotori/post/DXc2NAbEpBC
e_drive,E:\내꺼도토리\threads_slow_report_0430_1724.xlsx,https://www.threads.com/@arch_dotori/post/DXc3XcFEgMN,arch_dotori/post/DXc3XcFEgMN
e_drive,E:\내꺼도토리\threads_slow_report_0430_1724.xlsx,https://www.threads.com/@arch_dotori/post/DXc4vmnDvIr,arch_dotori/post/DXc4vmnDvIr
e_drive,E:\내꺼도토리\threads_slow_report_0430_1724.xlsx,https://www.threads.com/@arch_dotori/post/DXc6FoPElT0,arch_dotori/post/DXc6FoPElT0
e_drive,E:\내꺼도토리\threads_slow_report_0430_1724.xlsx,https://www.threads.com/@arch_dotori/post/DXc7Yv7lZPg,arch_dotori/post/DXc7Yv7lZPg
e_drive,E:\내꺼도토리\threads_slow_report_0430_1724.xlsx,https://www.threads.com/@arch_dotori/post/DXc8_1AANfe,arch_dotori/post/DXc8_1AANfe
e_drive,E:\내꺼도토리\threads_slow_report_0430_1724.xlsx,https://www.threads.com/@arch_dotori/post/DXc_7KECpUn,arch_dotori/post/DXc_7KECpUn
e_drive,E:\내꺼도토리\threads_slow_report_0430_1724.xlsx,https://www.threads.com/@arch_dotori/post/DXcaeTMDZYP,arch_dotori/post/DXcaeTMDZYP
e_drive,E:\내꺼도토리\threads_slow_report_0430_1724.xlsx,https://www.threads.com/@arch_dotori/post/DXcb6scks7F,arch_dotori/post/DXcb6scks7F
e_drive,E:\내꺼도토리\threads_slow_report_0430_1724.xlsx,https://www.threads.com/@arch_dotori/post/DXcdMbdkkpF,arch_dotori/post/DXcdMbdkkpF
e_drive,E:\내꺼도토리\threads_slow_report_0430_1724.xlsx,https://www.threads.com/@arch_dotori/post/DXcenlQDy_T,arch_dotori/post/DXcenlQDy_T
e_drive,E:\내꺼도토리\threads_slow_report_0430_1724.xlsx,https://www.threads.com/@arch_dotori/post/DXcfehWEjDb,arch_dotori/post/DXcfehWEjDb
e_drive,E:\내꺼도토리\threads_slow_report_0430_1724.xlsx,https://www.threads.com/@arch_dotori/post/DXcg_c2D1KG,arch_dotori/post/DXcg_c2D1KG
e_drive,E:\내꺼도토리\threads_slow_report_0430_1724.xlsx,https://www.threads.com/@arch_dotori/post/DXciqFkFFim,arch_dotori/post/DXciqFkFFim
e_drive,E:\내꺼도토리\threads_slow_report_0430_1724.xlsx,https://www.threads.com/@arch_dotori/post/DXclH5lktQg,arch_dotori/post/DXclH5lktQg
e_drive,E:\내꺼도토리\threads_slow_report_0430_1724.xlsx,https://www.threads.com/@arch_dotori/post/DXcn8stE7Bc,arch_dotori/post/DXcn8stE7Bc
e_drive,E:\내꺼도토리\threads_slow_report_0430_1724.xlsx,https://www.threads.com/@arch_dotori/post/DXcnFuXEwJG,arch_dotori/post/DXcnFuXEwJG
e_drive,E:\내꺼도토리\threads_slow_report_0430_1724.xlsx,https://www.threads.com/@arch_dotori/post/DXcpssdEztP,arch_dotori/post/DXcpssdEztP
e_drive,E:\내꺼도토리\threads_slow_report_0430_1724.xlsx,https://www.threads.com/@arch_dotori/post/DXcqtG3E0Vl,arch_dotori/post/DXcqtG3E0Vl
e_drive,E:\내꺼도토리\threads_slow_report_0430_1724.xlsx,https://www.threads.com/@arch_dotori/post/DXctV_NFSr-,arch_dotori/post/DXctV_NFSr-
e_drive,E:\내꺼도토리\threads_slow_report_0430_1724.xlsx,https://www.threads.com/@arch_dotori/post/DXcu8uVlWCW,arch_dotori/post/DXcu8uVlWCW
e_drive,E:\내꺼도토리\threads_slow_report_0430_1724.xlsx,https://www.threads.com/@arch_dotori/post/DXcv7_PE8wq,arch_dotori/post/DXcv7_PE8wq
e_drive,E:\내꺼도토리\threads_slow_report_0430_1724.xlsx,https://www.threads.com/@arch_dotori/post/DXcxJ6ekpdc,arch_dotori/post/DXcxJ6ekpdc
e_drive,E:\내꺼도토리\threads_slow_report_0430_1724.xlsx,https://www.threads.com/@arch_dotori/post/DXczT-DDbVr,arch_dotori/post/DXczT-DDbVr
e_drive,E:\내꺼도토리\threads_slow_report_0430_1724.xlsx,https://www.threads.com/@arch_dotori/post/DXdBdEXiXlE,arch_dotori/post/DXdBdEXiXlE
e_drive,E:\내꺼도토리\threads_slow_report_0430_1724.xlsx,https://www.threads.com/@arch_dotori/post/DXdD6vXkikA,arch_dotori/post/DXdD6vXkikA
e_drive,E:\내꺼도토리\threads_slow_report_0430_1724.xlsx,https://www.threads.com/@arch_dotori/post/DXdDD_TCPAo,arch_dotori/post/DXdDD_TCPAo
e_drive,E:\내꺼도토리\threads_slow_report_0430_1724.xlsx,https://www.threads.com/@arch_dotori/post/DXdGuJljbkl,arch_dotori/post/DXdGuJljbkl
e_drive,E:\내꺼도토리\threads_slow_report_0430_1724.xlsx,https://www.threads.com/@arch_dotori/post/DXe-56lAvpT,arch_dotori/post/DXe-56lAvpT
e_drive,E:\내꺼도토리\threads_slow_report_0430_1724.xlsx,https://www.threads.com/@arch_dotori/post/DXe74bxj4D3,arch_dotori/post/DXe74bxj4D3
e_drive,E:\내꺼도토리\threads_slow_report_0430_1724.xlsx,https://www.threads.com/@arch_dotori/post/DXe9LJmk0EF,arch_dotori/post/DXe9LJmk0EF
e_drive,E:\내꺼도토리\threads_slow_report_0430_1724.xlsx,https://www.threads.com/@arch_dotori/post/DXe_266if-1,arch_dotori/post/DXe_266if-1
e_drive,E:\내꺼도토리\threads_slow_report_0430_1724.xlsx,https://www.threads.com/@arch_dotori/post/DXfC-XjE8KC,arch_dotori/post/DXfC-XjE8KC
e_drive,E:\내꺼도토리\threads_slow_report_0430_1724.xlsx,https://www.threads.com/@arch_dotori/post/DXfEE0Skxg2,arch_dotori/post/DXfEE0Skxg2
e_drive,E:\내꺼도토리\threads_slow_report_0430_1724.xlsx,https://www.threads.com/@arch_dotori/post/DXfFnZ3k9nt,arch_dotori/post/DXfFnZ3k9nt
e_drive,E:\내꺼도토리\threads_slow_report_0430_1724.xlsx,https://www.threads.com/@arch_dotori/post/DXfHYFzjhXt,arch_dotori/post/DXfHYFzjhXt
e_drive,E:\내꺼도토리\threads_slow_report_0430_1724.xlsx,https://www.threads.com/@arch_dotori/post/DXfIyhqk8m9,arch_dotori/post/DXfIyhqk8m9
e_drive,E:\내꺼도토리\threads_slow_report_0430_1724.xlsx,https://www.threads.com/@arch_dotori/post/DXfKnCIk_TO,arch_dotori/post/DXfKnCIk_TO
e_drive,E:\내꺼도토리\threads_slow_report_0430_1724.xlsx,https://www.threads.com/@arch_dotori/post/DXfNzSlAY3E,arch_dotori/post/DXfNzSlAY3E
e_drive,E:\내꺼도토리\threads_slow_report_0430_1724.xlsx,https://www.threads.com/@arch_dotori/post/DXfPLNMja2v,arch_dotori/post/DXfPLNMja2v
e_drive,E:\내꺼도토리\threads_slow_report_0430_1724.xlsx,https://www.threads.com/@arch_dotori/post/DXfQoxIgsuA,arch_dotori/post/DXfQoxIgsuA
e_drive,E:\내꺼도토리\threads_slow_report_0430_1724.xlsx,https://www.threads.com/@arch_dotori/post/DXfSNLighHN,arch_dotori/post/DXfSNLighHN
e_drive,E:\내꺼도토리\threads_slow_report_0430_1724.xlsx,https://www.threads.com/@arch_dotori/post/DXfTPkKkxlQ,arch_dotori/post/DXfTPkKkxlQ
e_drive,E:\내꺼도토리\threads_slow_report_0430_1724.xlsx,https://www.threads.com/@arch_dotori/post/DXfWyqjjfTD,arch_dotori/post/DXfWyqjjfTD
e_drive,E:\내꺼도토리\threads_slow_report_0430_1724.xlsx,https://www.threads.com/@arch_dotori/post/DXfXy8BE-un,arch_dotori/post/DXfXy8BE-un
e_drive,E:\내꺼도토리\threads_slow_report_0430_1724.xlsx,https://www.threads.com/@arch_dotori/post/DXfZMR7k2jo,arch_dotori/post/DXfZMR7k2jo
e_drive,E:\내꺼도토리\threads_slow_report_0430_1724.xlsx,https://www.threads.com/@arch_dotori/post/DXfaeEyE5Qr,arch_dotori/post/DXfaeEyE5Qr
e_drive,E:\내꺼도토리\threads_slow_report_0430_1724.xlsx,https://www.threads.com/@arch_dotori/post/DXfbp7AE10d,arch_dotori/post/DXfbp7AE10d
e_drive,E:\내꺼도토리\threads_slow_report_0430_1724.xlsx,https://www.threads.com/@arch_dotori/post/DXfeG78ANDv,arch_dotori/post/DXfeG78ANDv
e_drive,E:\내꺼도토리\threads_slow_report_0430_1724.xlsx,https://www.threads.com/@arch_dotori/post/DXffZXWEyXx,arch_dotori/post/DXffZXWEyXx
e_drive,E:\내꺼도토리\threads_slow_report_0430_1724.xlsx,https://www.threads.com/@arch_dotori/post/DXfgus7D8ZL,arch_dotori/post/DXfgus7D8ZL
e_drive,E:\내꺼도토리\threads_slow_report_0430_1724.xlsx,https://www.threads.com/@arch_dotori/post/DXfh_4Jk4CB,arch_dotori/post/DXfh_4Jk4CB
e_drive,E:\내꺼도토리\threads_slow_report_0430_1724.xlsx,https://www.threads.com/@arch_dotori/post/DXfjktEk9fu,arch_dotori/post/DXfjktEk9fu
e_drive,E:\내꺼도토리\threads_slow_report_0430_1724.xlsx,https://www.threads.com/@arch_dotori/post/DXfmk4_EzQU,arch_dotori/post/DXfmk4_EzQU
e_drive,E:\내꺼도토리\threads_slow_report_0430_1724.xlsx,https://www.threads.com/@arch_dotori/post/DXfn1-cjaNU,arch_dotori/post/DXfn1-cjaNU
e_drive,E:\내꺼도토리\threads_slow_report_0430_1724.xlsx,https://www.threads.com/@arch_dotori/post/DXfpXXqjMRT,arch_dotori/post/DXfpXXqjMRT
e_drive,E:\내꺼도토리\threads_slow_report_0430_1724.xlsx,https://www.threads.com/@arch_dotori/post/DXfqp6ok4b9,arch_dotori/post/DXfqp6ok4b9
e_drive,E:\내꺼도토리\threads_slow_report_0430_1724.xlsx,https://www.threads.com/@arch_dotori/post/DXh1pQEgvGy,arch_dotori/post/DXh1pQEgvGy
e_drive,E:\내꺼도토리\threads_slow_report_0430_1724.xlsx,https://www.threads.com/@arch_dotori/post/DXh3y8Ljk6s,arch_dotori/post/DXh3y8Ljk6s
e_drive,E:\내꺼도토리\threads_slow_report_0430_1724.xlsx,https://www.threads.com/@arch_dotori/post/DXhOj-Sko-d,arch_dotori/post/DXhOj-Sko-d
e_drive,E:\내꺼도토리\threads_slow_report_0430_1724.xlsx,https://www.threads.com/@arch_dotori/post/DXhPsGIEvDp,arch_dotori/post/DXhPsGIEvDp
e_drive,E:\내꺼도토리\threads_slow_report_0430_1724.xlsx,https://www.threads.com/@arch_dotori/post/DXhRLDBkoSX,arch_dotori/post/DXhRLDBkoSX
e_drive,E:\내꺼도토리\threads_slow_report_0430_1724.xlsx,https://www.threads.com/@arch_dotori/post/DXhSX8rEkQm,arch_dotori/post/DXhSX8rEkQm
e_drive,E:\내꺼도토리\threads_slow_report_0430_1724.xlsx,https://www.threads.com/@arch_dotori/post/DXhTdCvEm39,arch_dotori/post/DXhTdCvEm39
e_drive,E:\내꺼도토리\threads_slow_report_0430_1724.xlsx,https://www.threads.com/@arch_dotori/post/DXhXiWkDEYl,arch_dotori/post/DXhXiWkDEYl
e_drive,E:\내꺼도토리\threads_slow_report_0430_1724.xlsx,https://www.threads.com/@arch_dotori/post/DXhZONADbRG,arch_dotori/post/DXhZONADbRG
e_drive,E:\내꺼도토리\threads_slow_report_0430_1724.xlsx,https://www.threads.com/@arch_dotori/post/DXhagZNFHEF,arch_dotori/post/DXhagZNFHEF
e_drive,E:\내꺼도토리\threads_slow_report_0430_1724.xlsx,https://www.threads.com/@arch_dotori/post/DXhbjeWkjPh,arch_dotori/post/DXhbjeWkjPh
e_drive,E:\내꺼도토리\threads_slow_report_0430_1724.xlsx,https://www.threads.com/@arch_dotori/post/DXhc2vMEo-m,arch_dotori/post/DXhc2vMEo-m
e_drive,E:\내꺼도토리\threads_slow_report_0430_1724.xlsx,https://www.threads.com/@arch_dotori/post/DXhfOTajaHp,arch_dotori/post/DXhfOTajaHp
e_drive,E:\내꺼도토리\threads_slow_report_0430_1724.xlsx,https://www.threads.com/@arch_dotori/post/DXhgh7xklvF,arch_dotori/post/DXhgh7xklvF
e_drive,E:\내꺼도토리\threads_slow_report_0430_1724.xlsx,https://www.threads.com/@arch_dotori/post/DXhiKIjkrA7,arch_dotori/post/DXhiKIjkrA7
e_drive,E:\내꺼도토리\threads_slow_report_0430_1724.xlsx,https://www.threads.com/@arch_dotori/post/DXhjKq-Ek2W,arch_dotori/post/DXhjKq-Ek2W
e_drive,E:\내꺼도토리\threads_slow_report_0430_1724.xlsx,https://www.threads.com/@arch_dotori/post/DXhkXn6kj6b,arch_dotori/post/DXhkXn6kj6b
e_drive,E:\내꺼도토리\threads_slow_report_0430_1724.xlsx,https://www.threads.com/@arch_dotori/post/DXhmtsoAuN2,arch_dotori/post/DXhmtsoAuN2
e_drive,E:\내꺼도토리\threads_slow_report_0430_1724.xlsx,https://www.threads.com/@arch_dotori/post/DXhn0SMjz2R,arch_dotori/post/DXhn0SMjz2R
e_drive,E:\내꺼도토리\threads_slow_report_0430_1724.xlsx,https://www.threads.com/@arch_dotori/post/DXho3SRDS_6,arch_dotori/post/DXho3SRDS_6
e_drive,E:\내꺼도토리\threads_slow_report_0430_1724.xlsx,https://www.threads.com/@arch_dotori/post/DXhqx6lkez8,arch_dotori/post/DXhqx6lkez8
e_drive,E:\내꺼도토리\threads_slow_report_0430_1724.xlsx,https://www.threads.com/@arch_dotori/post/DXhr7iYjSc7,arch_dotori/post/DXhr7iYjSc7
e_drive,E:\내꺼도토리\threads_slow_report_0430_1724.xlsx,https://www.threads.com/@arch_dotori/post/DXhukPsCW6u,arch_dotori/post/DXhukPsCW6u
e_drive,E:\내꺼도토리\threads_slow_report_0430_1724.xlsx,https://www.threads.com/@arch_dotori/post/DXhvqQkEhv2,arch_dotori/post/DXhvqQkEhv2
e_drive,E:\내꺼도토리\threads_slow_report_0430_1724.xlsx,https://www.threads.com/@arch_dotori/post/DXhxB4DEsj0,arch_dotori/post/DXhxB4DEsj0
e_drive,E:\내꺼도토리\threads_slow_report_0430_1724.xlsx,https://www.threads.com/@arch_dotori/post/DXhyxsWElzj,arch_dotori/post/DXhyxsWElzj
e_drive,E:\내꺼도토리\threads_slow_report_0430_1724.xlsx,https://www.threads.com/@arch_dotori/post/DXimSbJkv5l,arch_dotori/post/DXimSbJkv5l
e_drive,E:\내꺼도토리\threads_slow_report_0430_1724.xlsx,https://www.threads.com/@arch_dotori/post/DXioOX8kts6,arch_dotori/post/DXioOX8kts6
e_drive,E:\내꺼도토리\threads_slow_report_0430_1724.xlsx,https://www.threads.com/@arch_dotori/post/DXip53Qkp63,arch_dotori/post/DXip53Qkp63
e_drive,E:\내꺼도토리\threads_slow_report_0430_1724.xlsx,https://www.threads.com/@arch_dotori/post/DXirs44EiNd,arch_dotori/post/DXirs44EiNd
e_drive,E:\내꺼도토리\threads_slow_report_0430_1724.xlsx,https://www.threads.com/@arch_dotori/post/DXis5KjkpoZ,arch_dotori/post/DXis5KjkpoZ
e_drive,E:\내꺼도토리\threads_slow_report_0430_1724.xlsx,https://www.threads.com/@arch_dotori/post/DXmkzpLk7GS,arch_dotori/post/DXmkzpLk7GS
e_drive,E:\내꺼도토리\threads_slow_report_0430_1724.xlsx,https://www.threads.com/@arch_dotori/post/DXml_z-D5lA,arch_dotori/post/DXml_z-D5lA
e_drive,E:\내꺼도토리\threads_slow_report_0430_1724.xlsx,https://www.threads.com/@arch_dotori/post/DXmnLFvDILo,arch_dotori/post/DXmnLFvDILo
e_drive,E:\내꺼도토리\threads_slow_report_0430_1724.xlsx,https://www.threads.com/@arch_dotori/post/DXmolx6j_oC,arch_dotori/post/DXmolx6j_oC
e_drive,E:\내꺼도토리\threads_slow_report_0430_1724.xlsx,https://www.threads.com/@arch_dotori/post/DXmpyo-j3EN,arch_dotori/post/DXmpyo-j3EN
e_drive,E:\내꺼도토리\threads_slow_report_0430_1724.xlsx,https://www.threads.com/@arch_dotori/post/DXo-oXcDmMh,arch_dotori/post/DXo-oXcDmMh
e_drive,E:\내꺼도토리\threads_slow_report_0430_1724.xlsx,https://www.threads.com/@arch_dotori/post/DXo6xwFDz_r,arch_dotori/post/DXo6xwFDz_r
e_drive,E:\내꺼도토리\threads_slow_report_0430_1724.xlsx,https://www.threads.com/@arch_dotori/post/DXo8MEQj4QB,arch_dotori/post/DXo8MEQj4QB
e_drive,E:\내꺼도토리\threads_slow_report_0430_1724.xlsx,https://www.threads.com/@arch_dotori/post/DXo9Ssnjw3Q,arch_dotori/post/DXo9Ssnjw3Q
e_drive,E:\내꺼도토리\threads_slow_report_0430_1724.xlsx,https://www.threads.com/@arch_dotori/post/DXo_4W4Fbu5,arch_dotori/post/DXo_4W4Fbu5
e_drive,E:\내꺼도토리\threads_slow_report_0430_1724.xlsx,https://www.threads.com/@arch_dotori/post/DXovRO-j4M_,arch_dotori/post/DXovRO-j4M_
e_drive,E:\내꺼도토리\threads_slow_report_0430_1724.xlsx,https://www.threads.com/@arch_dotori/post/DXoxN8RATgg,arch_dotori/post/DXoxN8RATgg
e_drive,E:\내꺼도토리\threads_slow_report_0430_1724.xlsx,https://www.threads.com/@arch_dotori/post/DXp1tvskg1C,arch_dotori/post/DXp1tvskg1C
e_drive,E:\내꺼도토리\threads_slow_report_0430_1724.xlsx,https://www.threads.com/@arch_dotori/post/DXp3MQ7E7Fn,arch_dotori/post/DXp3MQ7E7Fn
e_drive,E:\내꺼도토리\threads_slow_report_0430_1724.xlsx,https://www.threads.com/@arch_dotori/post/DXp4ZeoEg2z,arch_dotori/post/DXp4ZeoEg2z
e_drive,E:\내꺼도토리\threads_slow_report_0430_1724.xlsx,https://www.threads.com/@arch_dotori/post/DXp6DRZE-Nh,arch_dotori/post/DXp6DRZE-Nh
e_drive,E:\내꺼도토리\threads_slow_report_0430_1724.xlsx,https://www.threads.com/@arch_dotori/post/DXp8Ar2ARLL,arch_dotori/post/DXp8Ar2ARLL
e_drive,E:\내꺼도토리\threads_slow_report_0430_1724.xlsx,https://www.threads.com/@arch_dotori/post/DXpBVRQDuB6,arch_dotori/post/DXpBVRQDuB6
e_drive,E:\내꺼도토리\threads_slow_report_0430_1724.xlsx,https://www.threads.com/@arch_dotori/post/DXpH06-kQOs,arch_dotori/post/DXpH06-kQOs
e_drive,E:\내꺼도토리\threads_slow_report_0430_1724.xlsx,https://www.threads.com/@arch_dotori/post/DXpIzj9j1ha,arch_dotori/post/DXpIzj9j1ha
e_drive,E:\내꺼도토리\threads_slow_report_0430_1724.xlsx,https://www.threads.com/@arch_dotori/post/DXpJsaQD35A,arch_dotori/post/DXpJsaQD35A
e_drive,E:\내꺼도토리\threads_slow_report_0430_1724.xlsx,https://www.threads.com/@arch_dotori/post/DXpKsyxCpNG,arch_dotori/post/DXpKsyxCpNG
e_drive,E:\내꺼도토리\threads_slow_report_0430_1724.xlsx,https://www.threads.com/@arch_dotori/post/DXpLw4PktTj,arch_dotori/post/DXpLw4PktTj
e_drive,E:\내꺼도토리\threads_slow_report_0430_1724.xlsx,https://www.threads.com/@arch_dotori/post/DXpOYecj4Qy,arch_dotori/post/DXpOYecj4Qy
e_drive,E:\내꺼도토리\threads_slow_report_0430_1724.xlsx,https://www.threads.com/@arch_dotori/post/DXplMqoE55y,arch_dotori/post/DXplMqoE55y
e_drive,E:\내꺼도토리\threads_slow_report_0430_1724.xlsx,https://www.threads.com/@arch_dotori/post/DXpmlsqE0Xj,arch_dotori/post/DXpmlsqE0Xj
e_drive,E:\내꺼도토리\threads_slow_report_0430_1724.xlsx,https://www.threads.com/@arch_dotori/post/DXpn1c4kw-5,arch_dotori/post/DXpn1c4kw-5
e_drive,E:\내꺼도토리\threads_slow_report_0430_1724.xlsx,https://www.threads.com/@arch_dotori/post/DXppGnVk_eF,arch_dotori/post/DXppGnVk_eF
e_drive,E:\내꺼도토리\threads_slow_report_0430_1724.xlsx,https://www.threads.com/@arch_dotori/post/DXpqThdk9s4,arch_dotori/post/DXpqThdk9s4
e_drive,E:\내꺼도토리\threads_slow_report_0430_1724.xlsx,https://www.threads.com/@arch_dotori/post/DXprBA3k7sp,arch_dotori/post/DXprBA3k7sp
e_drive,E:\내꺼도토리\threads_slow_report_0430_1724.xlsx,https://www.threads.com/@arch_dotori/post/DXpt47HE8cN,arch_dotori/post/DXpt47HE8cN
e_drive,E:\내꺼도토리\threads_slow_report_0430_1724.xlsx,https://www.threads.com/@arch_dotori/post/DXpvX-uk3x6,arch_dotori/post/DXpvX-uk3x6
e_drive,E:\내꺼도토리\threads_slow_report_0430_1724.xlsx,https://www.threads.com/@arch_dotori/post/DXpwVw1k5ij,arch_dotori/post/DXpwVw1k5ij
e_drive,E:\내꺼도토리\threads_slow_report_0430_1724.xlsx,https://www.threads.com/@arch_dotori/post/DXpx8Ppk_os,arch_dotori/post/DXpx8Ppk_os
e_drive,E:\내꺼도토리\threads_slow_report_0430_1724.xlsx,https://www.threads.com/@arch_dotori/post/DXpzGWVEw5-,arch_dotori/post/DXpzGWVEw5-
e_drive,E:\내꺼도토리\threads_slow_report_0430_1724.xlsx,https://www.threads.com/@arch_dotori/post/DXs0E2Vj0Uq,arch_dotori/post/DXs0E2Vj0Uq
e_drive,E:\내꺼도토리\threads_slow_report_0430_1724.xlsx,https://www.threads.com/@arch_dotori/post/DXs1V3xjNiq,arch_dotori/post/DXs1V3xjNiq
e_drive,E:\내꺼도토리\threads_slow_report_0430_1724.xlsx,https://www.threads.com/@arch_dotori/post/DXs1bZSDySu,arch_dotori/post/DXs1bZSDySu
e_drive,E:\내꺼도토리\threads_slow_report_0430_1724.xlsx,https://www.threads.com/@arch_dotori/post/DXs2bo5DwFT,arch_dotori/post/DXs2bo5DwFT
e_drive,E:\내꺼도토리\threads_slow_report_0430_1724.xlsx,https://www.threads.com/@arch_dotori/post/DXsnzybj_Zt,arch_dotori/post/DXsnzybj_Zt
e_drive,E:\내꺼도토리\threads_slow_report_0430_1724.xlsx,https://www.threads.com/@arch_dotori/post/DXsoHIMgjCP,arch_dotori/post/DXsoHIMgjCP
e_drive,E:\내꺼도토리\threads_slow_report_0430_1724.xlsx,https://www.threads.com/@arch_dotori/post/DXsoiCmjywh,arch_dotori/post/DXsoiCmjywh
e_drive,E:\내꺼도토리\threads_slow_report_0430_1724.xlsx,https://www.threads.com/@arch_dotori/post/DXspB_6Dw-h,arch_dotori/post/DXspB_6Dw-h
e_drive,E:\내꺼도토리\threads_slow_report_0430_1724.xlsx,https://www.threads.com/@arch_dotori/post/DXspeySD9UO,arch_dotori/post/DXspeySD9UO
e_drive,E:\내꺼도토리\threads_slow_report_0430_1724.xlsx,https://www.threads.com/@arch_dotori/post/DXsqGh1DtjC,arch_dotori/post/DXsqGh1DtjC
e_drive,E:\내꺼도토리\threads_slow_report_0430_1724.xlsx,https://www.threads.com/@arch_dotori/post/DXsqLsSj3Zn,arch_dotori/post/DXsqLsSj3Zn
e_drive,E:\내꺼도토리\threads_slow_report_0430_1724.xlsx,https://www.threads.com/@arch_dotori/post/DXsqn5LibXM,arch_dotori/post/DXsqn5LibXM
e_drive,E:\내꺼도토리\threads_slow_report_0430_1724.xlsx,https://www.threads.com/@arch_dotori/post/DXsrG9XD4O7,arch_dotori/post/DXsrG9XD4O7
e_drive,E:\내꺼도토리\threads_slow_report_0430_1724.xlsx,https://www.threads.com/@arch_dotori/post/DXsry7QjzSs,arch_dotori/post/DXsry7QjzSs
e_drive,E:\내꺼도토리\threads_slow_report_0430_1724.xlsx,https://www.threads.com/@arch_dotori/post/DXssOUYj9Vm,arch_dotori/post/DXssOUYj9Vm
e_drive,E:\내꺼도토리\threads_slow_report_0430_1724.xlsx,https://www.threads.com/@arch_dotori/post/DXssyvhD9EQ,arch_dotori/post/DXssyvhD9EQ
e_drive,E:\내꺼도토리\threads_slow_report_0430_1724.xlsx,https://www.threads.com/@arch_dotori/post/DXstDiVj5Sv,arch_dotori/post/DXstDiVj5Sv
e_drive,E:\내꺼도토리\threads_slow_report_0430_1724.xlsx,https://www.threads.com/@arch_dotori/post/DXstj5WDxrY,arch_dotori/post/DXstj5WDxrY
e_drive,E:\내꺼도토리\threads_slow_report_0430_1724.xlsx,https://www.threads.com/@arch_dotori/post/DXsuZPLjfLI,arch_dotori/post/DXsuZPLjfLI
e_drive,E:\내꺼도토리\threads_slow_report_0430_1724.xlsx,https://www.threads.com/@arch_dotori/post/DXsveeCD8UP,arch_dotori/post/DXsveeCD8UP
e_drive,E:\내꺼도토리\threads_slow_report_0430_1724.xlsx,https://www.threads.com/@arch_dotori/post/DXszHrwj9n9,arch_dotori/post/DXszHrwj9n9
e_drive,E:\내꺼도토리\threads_slow_report_0430_1724.xlsx,https://www.threads.com/@arch_dotori/post/DXszrZOj73B,arch_dotori/post/DXszrZOj73B
e_drive,E:\내꺼도토리\threads_slow_report_0430_1724.xlsx,https://www.threads.com/@arch_dotori/post/DXu0HmNEnja,arch_dotori/post/DXu0HmNEnja
e_drive,E:\내꺼도토리\threads_slow_report_0430_1724.xlsx,https://www.threads.com/@arch_dotori/post/DXu0z-Gk0ya,arch_dotori/post/DXu0z-Gk0ya
e_drive,E:\내꺼도토리\threads_slow_report_0430_1724.xlsx,https://www.threads.com/@arch_dotori/post/DXu1QT1E1sT,arch_dotori/post/DXu1QT1E1sT
e_drive,E:\내꺼도토리\threads_slow_report_0430_1724.xlsx,https://www.threads.com/@arch_dotori/post/DXu1Ym5CkWj,arch_dotori/post/DXu1Ym5CkWj
e_drive,E:\내꺼도토리\threads_slow_report_0430_1724.xlsx,https://www.threads.com/@arch_dotori/post/DXu1_xnEwLx,arch_dotori/post/DXu1_xnEwLx
e_drive,E:\내꺼도토리\threads_slow_report_0430_1724.xlsx,https://www.threads.com/@arch_dotori/post/DXu2d7sEgOA,arch_dotori/post/DXu2d7sEgOA
e_drive,E:\내꺼도토리\threads_slow_report_0430_1724.xlsx,https://www.threads.com/@arch_dotori/post/DXu3FbFjZee,arch_dotori/post/DXu3FbFjZee
e_drive,E:\내꺼도토리\threads_slow_report_0430_1724.xlsx,https://www.threads.com/@arch_dotori/post/DXu3ORcCRFF,arch_dotori/post/DXu3ORcCRFF
e_drive,E:\내꺼도토리\threads_slow_report_0430_1724.xlsx,https://www.threads.com/@arch_dotori/post/DXut590E3ub,arch_dotori/post/DXut590E3ub
e_drive,E:\내꺼도토리\threads_slow_report_0430_1724.xlsx,https://www.threads.com/@arch_dotori/post/DXuuDo3E9XQ,arch_dotori/post/DXuuDo3E9XQ
e_drive,E:\내꺼도토리\threads_slow_report_0430_1724.xlsx,https://www.threads.com/@arch_dotori/post/DXuuzJxE3js,arch_dotori/post/DXuuzJxE3js
e_drive,E:\내꺼도토리\threads_slow_report_0430_1724.xlsx,https://www.threads.com/@arch_dotori/post/DXuv2Bvk7_F,arch_dotori/post/DXuv2Bvk7_F
e_drive,E:\내꺼도토리\threads_slow_report_0430_1724.xlsx,https://www.threads.com/@arch_dotori/post/DXuvF76jz2f,arch_dotori/post/DXuvF76jz2f
e_drive,E:\내꺼도토리\threads_slow_report_0430_1724.xlsx,https://www.threads.com/@arch_dotori/post/DXuvZwBDUYL,arch_dotori/post/DXuvZwBDUYL
e_drive,E:\내꺼도토리\threads_slow_report_0430_1724.xlsx,https://www.threads.com/@arch_dotori/post/DXuwQmNCdax,arch_dotori/post/DXuwQmNCdax
e_drive,E:\내꺼도토리\threads_slow_report_0430_1724.xlsx,https://www.threads.com/@arch_dotori/post/DXuxCrODItS,arch_dotori/post/DXuxCrODItS
e_drive,E:\내꺼도토리\threads_slow_report_0430_1724.xlsx,https://www.threads.com/@arch_dotori/post/DXuxJ25DbKa,arch_dotori/post/DXuxJ25DbKa
e_drive,E:\내꺼도토리\threads_slow_report_0430_1724.xlsx,https://www.threads.com/@arch_dotori/post/DXuxjZQE29f,arch_dotori/post/DXuxjZQE29f
e_drive,E:\내꺼도토리\threads_slow_report_0430_1724.xlsx,https://www.threads.com/@arch_dotori/post/DXuyHL8kyth,arch_dotori/post/DXuyHL8kyth
e_drive,E:\내꺼도토리\threads_slow_report_0430_1724.xlsx,https://www.threads.com/@arch_dotori/post/DXuyh-Tk42D,arch_dotori/post/DXuyh-Tk42D
e_drive,E:\내꺼도토리\threads_slow_report_0430_1724.xlsx,https://www.threads.com/@arch_dotori/post/DXuzENzE_ZH,arch_dotori/post/DXuzENzE_ZH
e_drive,E:\내꺼도토리\threads_slow_report_0430_1724.xlsx,https://www.threads.com/@arch_dotori/post/DXuzPOriutt,arch_dotori/post/DXuzPOriutt
e_drive,E:\내꺼도토리\threads_slow_report_0430_1724.xlsx,https://www.threads.com/@arch_dotori/post/DXuzqHGk5ma,arch_dotori/post/DXuzqHGk5ma
e_drive,E:\내꺼세희\threads_slow_report_0430_0112.xlsx,https://www.threads.com/@_seheehx_/post/DW-A946k1_G,_seheehx_/post/DW-A946k1_G
e_drive,E:\내꺼세희\threads_slow_report_0430_0112.xlsx,https://www.threads.com/@_seheehx_/post/DW-B7yqgnxw,_seheehx_/post/DW-B7yqgnxw
e_drive,E:\내꺼세희\threads_slow_report_0430_0112.xlsx,https://www.threads.com/@_seheehx_/post/DW-C32BlGqE,_seheehx_/post/DW-C32BlGqE
e_drive,E:\내꺼세희\threads_slow_report_0430_0112.xlsx,https://www.threads.com/@_seheehx_/post/DW-Dz8SET8l,_seheehx_/post/DW-Dz8SET8l
e_drive,E:\내꺼세희\threads_slow_report_0430_0112.xlsx,https://www.threads.com/@_seheehx_/post/DW-Enj6E3uS,_seheehx_/post/DW-Enj6E3uS
e_drive,E:\내꺼세희\threads_slow_report_0430_0112.xlsx,https://www.threads.com/@_seheehx_/post/DW-FcUVk0fU,_seheehx_/post/DW-FcUVk0fU
e_drive,E:\내꺼세희\threads_slow_report_0430_0112.xlsx,https://www.threads.com/@_seheehx_/post/DW-GR_EjXYQ,_seheehx_/post/DW-GR_EjXYQ
e_drive,E:\내꺼세희\threads_slow_report_0430_0112.xlsx,https://www.threads.com/@_seheehx_/post/DW-HQeAAXrp,_seheehx_/post/DW-HQeAAXrp
e_drive,E:\내꺼세희\threads_slow_report_0430_0112.xlsx,https://www.threads.com/@_seheehx_/post/DW-I-l3k5ob,_seheehx_/post/DW-I-l3k5ob
e_drive,E:\내꺼세희\threads_slow_report_0430_0112.xlsx,https://www.threads.com/@_seheehx_/post/DW-IHJskr3g,_seheehx_/post/DW-IHJskr3g
e_drive,E:\내꺼세희\threads_slow_report_0430_0112.xlsx,https://www.threads.com/@_seheehx_/post/DW-JyHwEjSQ,_seheehx_/post/DW-JyHwEjSQ
e_drive,E:\내꺼세희\threads_slow_report_0430_0112.xlsx,https://www.threads.com/@_seheehx_/post/DW-KfMmjcVY,_seheehx_/post/DW-KfMmjcVY
e_drive,E:\내꺼세희\threads_slow_report_0430_0112.xlsx,https://www.threads.com/@_seheehx_/post/DW-LhFCgXYB,_seheehx_/post/DW-LhFCgXYB
e_drive,E:\내꺼세희\threads_slow_report_0430_0112.xlsx,https://www.threads.com/@_seheehx_/post/DW-MXVxD8x6,_seheehx_/post/DW-MXVxD8x6
e_drive,E:\내꺼세희\threads_slow_report_0430_0112.xlsx,https://www.threads.com/@_seheehx_/post/DW-N1Y8Dwxz,_seheehx_/post/DW-N1Y8Dwxz
e_drive,E:\내꺼세희\threads_slow_report_0430_0112.xlsx,https://www.threads.com/@_seheehx_/post/DW-NHKwDaY6,_seheehx_/post/DW-NHKwDaY6
e_drive,E:\내꺼세희\threads_slow_report_0430_0112.xlsx,https://www.threads.com/@_seheehx_/post/DW-Od_bj9Jf,_seheehx_/post/DW-Od_bj9Jf
e_drive,E:\내꺼세희\threads_slow_report_0430_0112.xlsx,https://www.threads.com/@_seheehx_/post/DW-PM7xD86I,_seheehx_/post/DW-PM7xD86I
e_drive,E:\내꺼세희\threads_slow_report_0430_0112.xlsx,https://www.threads.com/@_seheehx_/post/DW-Q55lkU9A,_seheehx_/post/DW-Q55lkU9A
e_drive,E:\내꺼세희\threads_slow_report_0430_0112.xlsx,https://www.threads.com/@_seheehx_/post/DW-Rq3aj1p1,_seheehx_/post/DW-Rq3aj1p1
e_drive,E:\내꺼세희\threads_slow_report_0430_0112.xlsx,https://www.threads.com/@_seheehx_/post/DW-TRx4CInO,_seheehx_/post/DW-TRx4CInO
e_drive,E:\내꺼세희\threads_slow_report_0430_0112.xlsx,https://www.threads.com/@_seheehx_/post/DW-U4jDD0LQ,_seheehx_/post/DW-U4jDD0LQ
e_drive,E:\내꺼세희\threads_slow_report_0430_0112.xlsx,https://www.threads.com/@_seheehx_/post/DW-ULwwDw1N,_seheehx_/post/DW-ULwwDw1N
e_drive,E:\내꺼세희\threads_slow_report_0430_0112.xlsx,https://www.threads.com/@_seheehx_/post/DW-VniHjyuB,_seheehx_/post/DW-VniHjyuB
e_drive,E:\내꺼세희\threads_slow_report_0430_0112.xlsx,https://www.threads.com/@_seheehx_/post/DW-WU1vj0DT,_seheehx_/post/DW-WU1vj0DT
e_drive,E:\내꺼세희\threads_slow_report_0430_0112.xlsx,https://www.threads.com/@_seheehx_/post/DW-XETlinvv,_seheehx_/post/DW-XETlinvv
e_drive,E:\내꺼세희\threads_slow_report_0430_0112.xlsx,https://www.threads.com/@_seheehx_/post/DW70rp_jzrV,_seheehx_/post/DW70rp_jzrV
e_drive,E:\내꺼세희\threads_slow_report_0430_0112.xlsx,https://www.threads.com/@_seheehx_/post/DW71lFuDSlS,_seheehx_/post/DW71lFuDSlS
e_drive,E:\내꺼세희\threads_slow_report_0430_0112.xlsx,https://www.threads.com/@_seheehx_/post/DW72Z0aj_No,_seheehx_/post/DW72Z0aj_No
e_drive,E:\내꺼세희\threads_slow_report_0430_0112.xlsx,https://www.threads.com/@_seheehx_/post/DXCuyRDE48N,_seheehx_/post/DXCuyRDE48N
e_drive,E:\내꺼세희\threads_slow_report_0430_0112.xlsx,https://www.threads.com/@_seheehx_/post/DXE_ITCkgnV,_seheehx_/post/DXE_ITCkgnV
e_drive,E:\내꺼세희\threads_slow_report_0430_0112.xlsx,https://www.threads.com/@_seheehx_/post/DXFAAEUj1V8,_seheehx_/post/DXFAAEUj1V8
e_drive,E:\내꺼세희\threads_slow_report_0430_0112.xlsx,https://www.threads.com/@_seheehx_/post/DXFBC36j3Av,_seheehx_/post/DXFBC36j3Av
e_drive,E:\내꺼세희\threads_slow_report_0430_0112.xlsx,https://www.threads.com/@_seheehx_/post/DXFBypbjxKa,_seheehx_/post/DXFBypbjxKa
e_drive,E:\내꺼세희\threads_slow_report_0430_0112.xlsx,https://www.threads.com/@_seheehx_/post/DXFCqCxj7U0,_seheehx_/post/DXFCqCxj7U0
e_drive,E:\내꺼세희\threads_slow_report_0430_0112.xlsx,https://www.threads.com/@_seheehx_/post/DXFDinNjD6L,_seheehx_/post/DXFDinNjD6L
e_drive,E:\내꺼세희\threads_slow_report_0430_0112.xlsx,https://www.threads.com/@_seheehx_/post/DXFEpcvEioV,_seheehx_/post/DXFEpcvEioV
e_drive,E:\내꺼세희\threads_slow_report_0430_0112.xlsx,https://www.threads.com/@_seheehx_/post/DXFFaxBiQjZ,_seheehx_/post/DXFFaxBiQjZ
e_drive,E:\내꺼세희\threads_slow_report_0430_0112.xlsx,https://www.threads.com/@_seheehx_/post/DXFGK0Vj7Q2,_seheehx_/post/DXFGK0Vj7Q2
e_drive,E:\내꺼세희\threads_slow_report_0430_0112.xlsx,https://www.threads.com/@_seheehx_/post/DXFHAnDFWM0,_seheehx_/post/DXFHAnDFWM0
e_drive,E:\내꺼세희\threads_slow_report_0430_0112.xlsx,https://www.threads.com/@_seheehx_/post/DXFHyqgjCEe,_seheehx_/post/DXFHyqgjCEe
e_drive,E:\내꺼세희\threads_slow_report_0430_0112.xlsx,https://www.threads.com/@_seheehx_/post/DXFI49riYbq,_seheehx_/post/DXFI49riYbq
e_drive,E:\내꺼세희\threads_slow_report_0430_0112.xlsx,https://www.threads.com/@_seheehx_/post/DXFJ3b0jd4n,_seheehx_/post/DXFJ3b0jd4n
e_drive,E:\내꺼세희\threads_slow_report_0430_0112.xlsx,https://www.threads.com/@_seheehx_/post/DXFK1_jE1sU,_seheehx_/post/DXFK1_jE1sU
e_drive,E:\내꺼세희\threads_slow_report_0430_0112.xlsx,https://www.threads.com/@_seheehx_/post/DXFLt4RDyk1,_seheehx_/post/DXFLt4RDyk1
e_drive,E:\내꺼세희\threads_slow_report_0430_0112.xlsx,https://www.threads.com/@_seheehx_/post/DXFN0X-kYtJ,_seheehx_/post/DXFN0X-kYtJ
e_drive,E:\내꺼세희\threads_slow_report_0430_0112.xlsx,https://www.threads.com/@_seheehx_/post/DXFOq_dEi8H,_seheehx_/post/DXFOq_dEi8H
e_drive,E:\내꺼세희\threads_slow_report_0430_0112.xlsx,https://www.threads.com/@_seheehx_/post/DXFPvytk1Mw,_seheehx_/post/DXFPvytk1Mw
e_drive,E:\내꺼세희\threads_slow_report_0430_0112.xlsx,https://www.threads.com/@_seheehx_/post/DXFQvq1kpUD,_seheehx_/post/DXFQvq1kpUD
e_drive,E:\내꺼세희\threads_slow_report_0430_0112.xlsx,https://www.threads.com/@_seheehx_/post/DXFR0-BCRPS,_seheehx_/post/DXFR0-BCRPS
e_drive,E:\내꺼세희\threads_slow_report_0430_0112.xlsx,https://www.threads.com/@_seheehx_/post/DXFSmnkkvQ6,_seheehx_/post/DXFSmnkkvQ6
e_drive,E:\내꺼세희\threads_slow_report_0430_0112.xlsx,https://www.threads.com/@_seheehx_/post/DXFTmbkDF3K,_seheehx_/post/DXFTmbkDF3K
e_drive,E:\내꺼세희\threads_slow_report_0430_0112.xlsx,https://www.threads.com/@_seheehx_/post/DXFUmP4Ew8d,_seheehx_/post/DXFUmP4Ew8d
e_drive,E:\내꺼세희\threads_slow_report_0430_0112.xlsx,https://www.threads.com/@_seheehx_/post/DXFVbLHj_yt,_seheehx_/post/DXFVbLHj_yt
e_drive,E:\내꺼세희\threads_slow_report_0430_0112.xlsx,https://www.threads.com/@_seheehx_/post/DXFWX7aAlT6,_seheehx_/post/DXFWX7aAlT6
e_drive,E:\내꺼세희\threads_slow_report_0430_0112.xlsx,https://www.threads.com/@_seheehx_/post/DXFXdYcE6Xy,_seheehx_/post/DXFXdYcE6Xy
e_drive,E:\내꺼세희\threads_slow_report_0430_0112.xlsx,https://www.threads.com/@_seheehx_/post/DXFYt5kErta,_seheehx_/post/DXFYt5kErta
e_drive,E:\내꺼세희\threads_slow_report_0430_0112.xlsx,https://www.threads.com/@_seheehx_/post/DXH-wwBk1lg,_seheehx_/post/DXH-wwBk1lg
e_drive,E:\내꺼세희\threads_slow_report_0430_0112.xlsx,https://www.threads.com/@_seheehx_/post/DXH161nlH7M,_seheehx_/post/DXH161nlH7M
e_drive,E:\내꺼세희\threads_slow_report_0430_0112.xlsx,https://www.threads.com/@_seheehx_/post/DXH27zkE3L5,_seheehx_/post/DXH27zkE3L5
e_drive,E:\내꺼세희\threads_slow_report_0430_0112.xlsx,https://www.threads.com/@_seheehx_/post/DXH37x8AguN,_seheehx_/post/DXH37x8AguN
e_drive,E:\내꺼세희\threads_slow_report_0430_0112.xlsx,https://www.threads.com/@_seheehx_/post/DXH5CZhE8KA,_seheehx_/post/DXH5CZhE8KA
e_drive,E:\내꺼세희\threads_slow_report_0430_0112.xlsx,https://www.threads.com/@_seheehx_/post/DXH6Kx0lIwR,_seheehx_/post/DXH6Kx0lIwR
e_drive,E:\내꺼세희\threads_slow_report_0430_0112.xlsx,https://www.threads.com/@_seheehx_/post/DXH7FcWkz1N,_seheehx_/post/DXH7FcWkz1N
e_drive,E:\내꺼세희\threads_slow_report_0430_0112.xlsx,https://www.threads.com/@_seheehx_/post/DXH88xfExWF,_seheehx_/post/DXH88xfExWF
e_drive,E:\내꺼세희\threads_slow_report_0430_0112.xlsx,https://www.threads.com/@_seheehx_/post/DXH910jk5kP,_seheehx_/post/DXH910jk5kP
e_drive,E:\내꺼세희\threads_slow_report_0430_0112.xlsx,https://www.threads.com/@_seheehx_/post/DXH_uSwE042,_seheehx_/post/DXH_uSwE042
e_drive,E:\내꺼세희\threads_slow_report_0430_0112.xlsx,https://www.threads.com/@_seheehx_/post/DXHlOIGD_tz,_seheehx_/post/DXHlOIGD_tz
e_drive,E:\내꺼세희\threads_slow_report_0430_0112.xlsx,https://www.threads.com/@_seheehx_/post/DXHmf9Yjwjy,_seheehx_/post/DXHmf9Yjwjy
e_drive,E:\내꺼세희\threads_slow_report_0430_0112.xlsx,https://www.threads.com/@_seheehx_/post/DXHtHF6j_Hm,_seheehx_/post/DXHtHF6j_Hm
e_drive,E:\내꺼세희\threads_slow_report_0430_0112.xlsx,https://www.threads.com/@_seheehx_/post/DXHu7JPj2D4,_seheehx_/post/DXHu7JPj2D4
e_drive,E:\내꺼세희\threads_slow_report_0430_0112.xlsx,https://www.threads.com/@_seheehx_/post/DXHwpP3D3HX,_seheehx_/post/DXHwpP3D3HX
e_drive,E:\내꺼세희\threads_slow_report_0430_0112.xlsx,https://www.threads.com/@_seheehx_/post/DXHyZwAlN2f,_seheehx_/post/DXHyZwAlN2f
e_drive,E:\내꺼세희\threads_slow_report_0430_0112.xlsx,https://www.threads.com/@_seheehx_/post/DXIAughk6Pa,_seheehx_/post/DXIAughk6Pa
e_drive,E:\내꺼세희\threads_slow_report_0430_0112.xlsx,https://www.threads.com/@_seheehx_/post/DXID3b3Dk8l,_seheehx_/post/DXID3b3Dk8l
e_drive,E:\내꺼세희\threads_slow_report_0430_0112.xlsx,https://www.threads.com/@_seheehx_/post/DXIE0sck7UN,_seheehx_/post/DXIE0sck7UN
e_drive,E:\내꺼세희\threads_slow_report_0430_0112.xlsx,https://www.threads.com/@_seheehx_/post/DXIFx2zk-IX,_seheehx_/post/DXIFx2zk-IX
e_drive,E:\내꺼세희\threads_slow_report_0430_0112.xlsx,https://www.threads.com/@_seheehx_/post/DXIGwvLDGFW,_seheehx_/post/DXIGwvLDGFW
e_drive,E:\내꺼세희\threads_slow_report_0430_0112.xlsx,https://www.threads.com/@_seheehx_/post/DXL0hqvlN39,_seheehx_/post/DXL0hqvlN39
e_drive,E:\내꺼세희\threads_slow_report_0430_0112.xlsx,https://www.threads.com/@_seheehx_/post/DXL1bw6EiPk,_seheehx_/post/DXL1bw6EiPk
e_drive,E:\내꺼세희\threads_slow_report_0430_0112.xlsx,https://www.threads.com/@_seheehx_/post/DXL2meTD0vp,_seheehx_/post/DXL2meTD0vp
e_drive,E:\내꺼세희\threads_slow_report_0430_0112.xlsx,https://www.threads.com/@_seheehx_/post/DXL3hNqDzVI,_seheehx_/post/DXL3hNqDzVI
e_drive,E:\내꺼세희\threads_slow_report_0430_0112.xlsx,https://www.threads.com/@_seheehx_/post/DXL4e1lDxTR,_seheehx_/post/DXL4e1lDxTR
e_drive,E:\내꺼세희\threads_slow_report_0430_0112.xlsx,https://www.threads.com/@_seheehx_/post/DXL5lx_jtfk,_seheehx_/post/DXL5lx_jtfk
e_drive,E:\내꺼세희\threads_slow_report_0430_0112.xlsx,https://www.threads.com/@_seheehx_/post/DXL6nyqAeOD,_seheehx_/post/DXL6nyqAeOD
e_drive,E:\내꺼세희\threads_slow_report_0430_0112.xlsx,https://www.threads.com/@_seheehx_/post/DXLZ_-mAPRv,_seheehx_/post/DXLZ_-mAPRv
e_drive,E:\내꺼세희\threads_slow_report_0430_0112.xlsx,https://www.threads.com/@_seheehx_/post/DXLbKo6j4wR,_seheehx_/post/DXLbKo6j4wR
e_drive,E:\내꺼세희\threads_slow_report_0430_0112.xlsx,https://www.threads.com/@_seheehx_/post/DXLcPYtFNcr,_seheehx_/post/DXLcPYtFNcr
e_drive,E:\내꺼세희\threads_slow_report_0430_0112.xlsx,https://www.threads.com/@_seheehx_/post/DXLdQaBj_PL,_seheehx_/post/DXLdQaBj_PL
e_drive,E:\내꺼세희\threads_slow_report_0430_0112.xlsx,https://www.threads.com/@_seheehx_/post/DXLeeg2gkkC,_seheehx_/post/DXLeeg2gkkC
e_drive,E:\내꺼세희\threads_slow_report_0430_0112.xlsx,https://www.threads.com/@_seheehx_/post/DXLfrTyjRou,_seheehx_/post/DXLfrTyjRou
e_drive,E:\내꺼세희\threads_slow_report_0430_0112.xlsx,https://www.threads.com/@_seheehx_/post/DXLgzKhjxOD,_seheehx_/post/DXLgzKhjxOD
e_drive,E:\내꺼세희\threads_slow_report_0430_0112.xlsx,https://www.threads.com/@_seheehx_/post/DXLiITRCodu,_seheehx_/post/DXLiITRCodu
e_drive,E:\내꺼세희\threads_slow_report_0430_0112.xlsx,https://www.threads.com/@_seheehx_/post/DXLjNLYjx1L,_seheehx_/post/DXLjNLYjx1L
e_drive,E:\내꺼세희\threads_slow_report_0430_0112.xlsx,https://www.threads.com/@_seheehx_/post/DXLkj6hlYAM,_seheehx_/post/DXLkj6hlYAM
e_drive,E:\내꺼세희\threads_slow_report_0430_0112.xlsx,https://www.threads.com/@_seheehx_/post/DXLm1POgAem,_seheehx_/post/DXLm1POgAem
e_drive,E:\내꺼세희\threads_slow_report_0430_0112.xlsx,https://www.threads.com/@_seheehx_/post/DXLoAC7D0Um,_seheehx_/post/DXLoAC7D0Um
e_drive,E:\내꺼세희\threads_slow_report_0430_0112.xlsx,https://www.threads.com/@_seheehx_/post/DXLpAqID2a5,_seheehx_/post/DXLpAqID2a5
e_drive,E:\내꺼세희\threads_slow_report_0430_0112.xlsx,https://www.threads.com/@_seheehx_/post/DXLp_-lgS2K,_seheehx_/post/DXLp_-lgS2K
e_drive,E:\내꺼세희\threads_slow_report_0430_0112.xlsx,https://www.threads.com/@_seheehx_/post/DXLrFFkDzBE,_seheehx_/post/DXLrFFkDzBE
e_drive,E:\내꺼세희\threads_slow_report_0430_0112.xlsx,https://www.threads.com/@_seheehx_/post/DXLvlzhCuG6,_seheehx_/post/DXLvlzhCuG6
e_drive,E:\내꺼세희\threads_slow_report_0430_0112.xlsx,https://www.threads.com/@_seheehx_/post/DXLwk2PD7nP,_seheehx_/post/DXLwk2PD7nP
e_drive,E:\내꺼세희\threads_slow_report_0430_0112.xlsx,https://www.threads.com/@_seheehx_/post/DXLxiMMj59P,_seheehx_/post/DXLxiMMj59P
e_drive,E:\내꺼세희\threads_slow_report_0430_0112.xlsx,https://www.threads.com/@_seheehx_/post/DXLza9kj_Qw,_seheehx_/post/DXLza9kj_Qw
e_drive,E:\내꺼세희\threads_slow_report_0430_0112.xlsx,https://www.threads.com/@_seheehx_/post/DXN2e_uASUx,_seheehx_/post/DXN2e_uASUx
e_drive,E:\내꺼세희\threads_slow_report_0430_0112.xlsx,https://www.threads.com/@_seheehx_/post/DXN7E_4jPj9,_seheehx_/post/DXN7E_4jPj9
e_drive,E:\내꺼세희\threads_slow_report_0430_0112.xlsx,https://www.threads.com/@_seheehx_/post/DXN8SeHjwb9,_seheehx_/post/DXN8SeHjwb9
e_drive,E:\내꺼세희\threads_slow_report_0430_0112.xlsx,https://www.threads.com/@_seheehx_/post/DXN9hKnAIte,_seheehx_/post/DXN9hKnAIte
e_drive,E:\내꺼세희\threads_slow_report_0430_0112.xlsx,https://www.threads.com/@_seheehx_/post/DXbBQcdFMyr,_seheehx_/post/DXbBQcdFMyr
e_drive,E:\내꺼세희\threads_slow_report_0430_0112.xlsx,https://www.threads.com/@_seheehx_/post/DXbDcn_lJRE,_seheehx_/post/DXbDcn_lJRE
e_drive,E:\내꺼세희\threads_slow_report_0430_0112.xlsx,https://www.threads.com/@_seheehx_/post/DXbFHfwlIPu,_seheehx_/post/DXbFHfwlIPu
e_drive,E:\내꺼세희\threads_slow_report_0430_0112.xlsx,https://www.threads.com/@_seheehx_/post/DXc13ovk3En,_seheehx_/post/DXc13ovk3En
e_drive,E:\내꺼세희\threads_slow_report_0430_0112.xlsx,https://www.threads.com/@_seheehx_/post/DXc3iElEkit,_seheehx_/post/DXc3iElEkit
e_drive,E:\내꺼세희\threads_slow_report_0430_0112.xlsx,https://www.threads.com/@_seheehx_/post/DXc4ldVAEBt,_seheehx_/post/DXc4ldVAEBt
e_drive,E:\내꺼세희\threads_slow_report_0430_0112.xlsx,https://www.threads.com/@_seheehx_/post/DXc57adCp33,_seheehx_/post/DXc57adCp33
e_drive,E:\내꺼세희\threads_slow_report_0430_0112.xlsx,https://www.threads.com/@_seheehx_/post/DXc7jymjyVb,_seheehx_/post/DXc7jymjyVb
e_drive,E:\내꺼세희\threads_slow_report_0430_0112.xlsx,https://www.threads.com/@_seheehx_/post/DXc81RSmidy,_seheehx_/post/DXc81RSmidy
e_drive,E:\내꺼세희\threads_slow_report_0430_0112.xlsx,https://www.threads.com/@_seheehx_/post/DXc_xV0AZAE,_seheehx_/post/DXc_xV0AZAE
e_drive,E:\내꺼세희\threads_slow_report_0430_0112.xlsx,https://www.threads.com/@_seheehx_/post/DXcaqAyjP1w,_seheehx_/post/DXcaqAyjP1w
e_drive,E:\내꺼세희\threads_slow_report_0430_0112.xlsx,https://www.threads.com/@_seheehx_/post/DXcbkP6EoKR,_seheehx_/post/DXcbkP6EoKR
e_drive,E:\내꺼세희\threads_slow_report_0430_0112.xlsx,https://www.threads.com/@_seheehx_/post/DXcdB4FEkaS,_seheehx_/post/DXcdB4FEkaS
e_drive,E:\내꺼세희\threads_slow_report_0430_0112.xlsx,https://www.threads.com/@_seheehx_/post/DXceRrVgRnJ,_seheehx_/post/DXceRrVgRnJ
e_drive,E:\내꺼세희\threads_slow_report_0430_0112.xlsx,https://www.threads.com/@_seheehx_/post/DXcfnnUEoKI,_seheehx_/post/DXcfnnUEoKI
e_drive,E:\내꺼세희\threads_slow_report_0430_0112.xlsx,https://www.threads.com/@_seheehx_/post/DXchLJPCOwB,_seheehx_/post/DXchLJPCOwB
e_drive,E:\내꺼세희\threads_slow_report_0430_0112.xlsx,https://www.threads.com/@_seheehx_/post/DXcid85kdh4,_seheehx_/post/DXcid85kdh4
e_drive,E:\내꺼세희\threads_slow_report_0430_0112.xlsx,https://www.threads.com/@_seheehx_/post/DXck-Hqkjjg,_seheehx_/post/DXck-Hqkjjg
e_drive,E:\내꺼세희\threads_slow_report_0430_0112.xlsx,https://www.threads.com/@_seheehx_/post/DXcm7VziqAC,_seheehx_/post/DXcm7VziqAC
e_drive,E:\내꺼세희\threads_slow_report_0430_0112.xlsx,https://www.threads.com/@_seheehx_/post/DXcoSRSE2fz,_seheehx_/post/DXcoSRSE2fz
e_drive,E:\내꺼세희\threads_slow_report_0430_0112.xlsx,https://www.threads.com/@_seheehx_/post/DXcphNwk0fK,_seheehx_/post/DXcphNwk0fK
e_drive,E:\내꺼세희\threads_slow_report_0430_0112.xlsx,https://www.threads.com/@_seheehx_/post/DXcq3Y9Ew27,_seheehx_/post/DXcq3Y9Ew27
e_drive,E:\내꺼세희\threads_slow_report_0430_0112.xlsx,https://www.threads.com/@_seheehx_/post/DXctgEICiZy,_seheehx_/post/DXctgEICiZy
e_drive,E:\내꺼세희\threads_slow_report_0430_0112.xlsx,https://www.threads.com/@_seheehx_/post/DXculTGkq6m,_seheehx_/post/DXculTGkq6m
e_drive,E:\내꺼세희\threads_slow_report_0430_0112.xlsx,https://www.threads.com/@_seheehx_/post/DXcwPM5kwUo,_seheehx_/post/DXcwPM5kwUo
e_drive,E:\내꺼세희\threads_slow_report_0430_0112.xlsx,https://www.threads.com/@_seheehx_/post/DXcxfDSCDP1,_seheehx_/post/DXcxfDSCDP1
e_drive,E:\내꺼세희\threads_slow_report_0430_0112.xlsx,https://www.threads.com/@_seheehx_/post/DXdBxoiDCvb,_seheehx_/post/DXdBxoiDCvb
e_drive,E:\내꺼세희\threads_slow_report_0430_0112.xlsx,https://www.threads.com/@_seheehx_/post/DXdEODPkj-L,_seheehx_/post/DXdEODPkj-L
e_drive,E:\내꺼세희\threads_slow_report_0430_0112.xlsx,https://www.threads.com/@_seheehx_/post/DXdHDpUgTv-,_seheehx_/post/DXdHDpUgTv-
e_drive,E:\내꺼세희\threads_slow_report_0430_0112.xlsx,https://www.threads.com/@_seheehx_/post/DXe-t4mD-4t,_seheehx_/post/DXe-t4mD-4t
e_drive,E:\내꺼세희\threads_slow_report_0430_0112.xlsx,https://www.threads.com/@_seheehx_/post/DXe8CfijyB0,_seheehx_/post/DXe8CfijyB0
e_drive,E:\내꺼세희\threads_slow_report_0430_0112.xlsx,https://www.threads.com/@_seheehx_/post/DXe9VAOE2I7,_seheehx_/post/DXe9VAOE2I7
e_drive,E:\내꺼세희\threads_slow_report_0430_0112.xlsx,https://www.threads.com/@_seheehx_/post/DXfANG2EUt-,_seheehx_/post/DXfANG2EUt-
e_drive,E:\내꺼세희\threads_slow_report_0430_0112.xlsx,https://www.threads.com/@_seheehx_/post/DXfCn5GE-im,_seheehx_/post/DXfCn5GE-im
e_drive,E:\내꺼세희\threads_slow_report_0430_0112.xlsx,https://www.threads.com/@_seheehx_/post/DXfENMCE3na,_seheehx_/post/DXfENMCE3na
e_drive,E:\내꺼세희\threads_slow_report_0430_0112.xlsx,https://www.threads.com/@_seheehx_/post/DXfFb5HE7AN,_seheehx_/post/DXfFb5HE7AN
e_drive,E:\내꺼세희\threads_slow_report_0430_0112.xlsx,https://www.threads.com/@_seheehx_/post/DXfHK_2ihgm,_seheehx_/post/DXfHK_2ihgm
e_drive,E:\내꺼세희\threads_slow_report_0430_0112.xlsx,https://www.threads.com/@_seheehx_/post/DXfI76uE2FU,_seheehx_/post/DXfI76uE2FU
e_drive,E:\내꺼세희\threads_slow_report_0430_0112.xlsx,https://www.threads.com/@_seheehx_/post/DXfKRxBlZmV,_seheehx_/post/DXfKRxBlZmV
e_drive,E:\내꺼세희\threads_slow_report_0430_0112.xlsx,https://www.threads.com/@_seheehx_/post/DXfOKDxFKdX,_seheehx_/post/DXfOKDxFKdX
e_drive,E:\내꺼세희\threads_slow_report_0430_0112.xlsx,https://www.threads.com/@_seheehx_/post/DXfPitzinDx,_seheehx_/post/DXfPitzinDx
e_drive,E:\내꺼세희\threads_slow_report_0430_0112.xlsx,https://www.threads.com/@_seheehx_/post/DXfQ-2MAUlX,_seheehx_/post/DXfQ-2MAUlX
e_drive,E:\내꺼세희\threads_slow_report_0430_0112.xlsx,https://www.threads.com/@_seheehx_/post/DXfSYIuCgem,_seheehx_/post/DXfSYIuCgem
e_drive,E:\내꺼세희\threads_slow_report_0430_0112.xlsx,https://www.threads.com/@_seheehx_/post/DXfTaOfk_RC,_seheehx_/post/DXfTaOfk_RC
e_drive,E:\내꺼세희\threads_slow_report_0430_0112.xlsx,https://www.threads.com/@_seheehx_/post/DXfW8Hhgst2,_seheehx_/post/DXfW8Hhgst2
e_drive,E:\내꺼세희\threads_slow_report_0430_0112.xlsx,https://www.threads.com/@_seheehx_/post/DXfYGankyQN,_seheehx_/post/DXfYGankyQN
e_drive,E:\내꺼세희\threads_slow_report_0430_0112.xlsx,https://www.threads.com/@_seheehx_/post/DXfZEPvk8ew,_seheehx_/post/DXfZEPvk8ew
e_drive,E:\내꺼세희\threads_slow_report_0430_0112.xlsx,https://www.threads.com/@_seheehx_/post/DXfaMgaE2WE,_seheehx_/post/DXfaMgaE2WE
e_drive,E:\내꺼세희\threads_slow_report_0430_0112.xlsx,https://www.threads.com/@_seheehx_/post/DXfeRp8Dhtd,_seheehx_/post/DXfeRp8Dhtd
e_drive,E:\내꺼세희\threads_slow_report_0430_0112.xlsx,https://www.threads.com/@_seheehx_/post/DXffP6CE-6t,_seheehx_/post/DXffP6CE-6t
e_drive,E:\내꺼세희\threads_slow_report_0430_0112.xlsx,https://www.threads.com/@_seheehx_/post/DXfgjwjj2mF,_seheehx_/post/DXfgjwjj2mF
e_drive,E:\내꺼세희\threads_slow_report_0430_0112.xlsx,https://www.threads.com/@_seheehx_/post/DXfiSL2k8QB,_seheehx_/post/DXfiSL2k8QB
e_drive,E:\내꺼세희\threads_slow_report_0430_0112.xlsx,https://www.threads.com/@_seheehx_/post/DXfjwhdkyUp,_seheehx_/post/DXfjwhdkyUp
e_drive,E:\내꺼세희\threads_slow_report_0430_0112.xlsx,https://www.threads.com/@_seheehx_/post/DXfmUGnkyMC,_seheehx_/post/DXfmUGnkyMC
e_drive,E:\내꺼세희\threads_slow_report_0430_0112.xlsx,https://www.threads.com/@_seheehx_/post/DXfoIcXDVLV,_seheehx_/post/DXfoIcXDVLV
e_drive,E:\내꺼세희\threads_slow_report_0430_0112.xlsx,https://www.threads.com/@_seheehx_/post/DXfpjQUDyQ9,_seheehx_/post/DXfpjQUDyQ9
e_drive,E:\내꺼세희\threads_slow_report_0430_0112.xlsx,https://www.threads.com/@_seheehx_/post/DXfq1LJk2_q,_seheehx_/post/DXfq1LJk2_q
e_drive,E:\내꺼세희\threads_slow_report_0430_0112.xlsx,https://www.threads.com/@_seheehx_/post/DXh2Dg7kdQD,_seheehx_/post/DXh2Dg7kdQD
e_drive,E:\내꺼세희\threads_slow_report_0430_0112.xlsx,https://www.threads.com/@_seheehx_/post/DXh3dGhiUF-,_seheehx_/post/DXh3dGhiUF-
e_drive,E:\내꺼세희\threads_slow_report_0430_0112.xlsx,https://www.threads.com/@_seheehx_/post/DXhOQhTkowz,_seheehx_/post/DXhOQhTkowz
e_drive,E:\내꺼세희\threads_slow_report_0430_0112.xlsx,https://www.threads.com/@_seheehx_/post/DXhP18cEl9_,_seheehx_/post/DXhP18cEl9_
e_drive,E:\내꺼세희\threads_slow_report_0430_0112.xlsx,https://www.threads.com/@_seheehx_/post/DXhRBiHksHJ,_seheehx_/post/DXhRBiHksHJ
e_drive,E:\내꺼세희\threads_slow_report_0430_0112.xlsx,https://www.threads.com/@_seheehx_/post/DXhSOWjEnkc,_seheehx_/post/DXhSOWjEnkc
e_drive,E:\내꺼세희\threads_slow_report_0430_0112.xlsx,https://www.threads.com/@_seheehx_/post/DXhTlTBEmWG,_seheehx_/post/DXhTlTBEmWG
e_drive,E:\내꺼세희\threads_slow_report_0430_0112.xlsx,https://www.threads.com/@_seheehx_/post/DXhXtpfCG2B,_seheehx_/post/DXhXtpfCG2B
e_drive,E:\내꺼세희\threads_slow_report_0430_0112.xlsx,https://www.threads.com/@_seheehx_/post/DXhY5wGERjS,_seheehx_/post/DXhY5wGERjS
e_drive,E:\내꺼세희\threads_slow_report_0430_0112.xlsx,https://www.threads.com/@_seheehx_/post/DXhap84CXxC,_seheehx_/post/DXhap84CXxC
e_drive,E:\내꺼세희\threads_slow_report_0430_0112.xlsx,https://www.threads.com/@_seheehx_/post/DXhb1Jmkogr,_seheehx_/post/DXhb1Jmkogr
e_drive,E:\내꺼세희\threads_slow_report_0430_0112.xlsx,https://www.threads.com/@_seheehx_/post/DXhcqsgkuKi,_seheehx_/post/DXhcqsgkuKi
e_drive,E:\내꺼세희\threads_slow_report_0430_0112.xlsx,https://www.threads.com/@_seheehx_/post/DXhfZHBE7mi,_seheehx_/post/DXhfZHBE7mi
e_drive,E:\내꺼세희\threads_slow_report_0430_0112.xlsx,https://www.threads.com/@_seheehx_/post/DXhgrnFEhUU,_seheehx_/post/DXhgrnFEhUU
e_drive,E:\내꺼세희\threads_slow_report_0430_0112.xlsx,https://www.threads.com/@_seheehx_/post/DXhh0jjkof3,_seheehx_/post/DXhh0jjkof3
e_drive,E:\내꺼세희\threads_slow_report_0430_0112.xlsx,https://www.threads.com/@_seheehx_/post/DXhkhE2ksg-,_seheehx_/post/DXhkhE2ksg-
e_drive,E:\내꺼세희\threads_slow_report_0430_0112.xlsx,https://www.threads.com/@_seheehx_/post/DXhmV8xDAqZ,_seheehx_/post/DXhmV8xDAqZ
e_drive,E:\내꺼세희\threads_slow_report_0430_0112.xlsx,https://www.threads.com/@_seheehx_/post/DXhnpoXicbt,_seheehx_/post/DXhnpoXicbt
e_drive,E:\내꺼세희\threads_slow_report_0430_0112.xlsx,https://www.threads.com/@_seheehx_/post/DXhpPoBkgh1,_seheehx_/post/DXhpPoBkgh1
e_drive,E:\내꺼세희\threads_slow_report_0430_0112.xlsx,https://www.threads.com/@_seheehx_/post/DXhqWOFDPCu,_seheehx_/post/DXhqWOFDPCu
e_drive,E:\내꺼세희\threads_slow_report_0430_0112.xlsx,https://www.threads.com/@_seheehx_/post/DXhrw3NCrHD,_seheehx_/post/DXhrw3NCrHD
e_drive,E:\내꺼세희\threads_slow_report_0430_0112.xlsx,https://www.threads.com/@_seheehx_/post/DXhuMDKkgdo,_seheehx_/post/DXhuMDKkgdo
e_drive,E:\내꺼세희\threads_slow_report_0430_0112.xlsx,https://www.threads.com/@_seheehx_/post/DXhv2iTksZH,_seheehx_/post/DXhv2iTksZH
e_drive,E:\내꺼세희\threads_slow_report_0430_0112.xlsx,https://www.threads.com/@_seheehx_/post/DXhxKh_EjNx,_seheehx_/post/DXhxKh_EjNx
e_drive,E:\내꺼세희\threads_slow_report_0430_0112.xlsx,https://www.threads.com/@_seheehx_/post/DXhybF7krRK,_seheehx_/post/DXhybF7krRK
e_drive,E:\내꺼세희\threads_slow_report_0430_0112.xlsx,https://www.threads.com/@_seheehx_/post/DXimHNAD0Px,_seheehx_/post/DXimHNAD0Px
e_drive,E:\내꺼세희\threads_slow_report_0430_0112.xlsx,https://www.threads.com/@_seheehx_/post/DXin2f1Esz3,_seheehx_/post/DXin2f1Esz3
e_drive,E:\내꺼세희\threads_slow_report_0430_0112.xlsx,https://www.threads.com/@_seheehx_/post/DXipwEVEr4W,_seheehx_/post/DXipwEVEr4W
e_drive,E:\내꺼세희\threads_slow_report_0430_0112.xlsx,https://www.threads.com/@_seheehx_/post/DXiri_hEvd9,_seheehx_/post/DXiri_hEvd9
e_drive,E:\내꺼세희\threads_slow_report_0430_0112.xlsx,https://www.threads.com/@_seheehx_/post/DXitCkqkhuT,_seheehx_/post/DXitCkqkhuT
e_drive,E:\내꺼세희\threads_slow_report_0430_0112.xlsx,https://www.threads.com/@_seheehx_/post/DXmkfGtDGnl,_seheehx_/post/DXmkfGtDGnl
e_drive,E:\내꺼세희\threads_slow_report_0430_0112.xlsx,https://www.threads.com/@_seheehx_/post/DXmlr0rD8E9,_seheehx_/post/DXmlr0rD8E9
e_drive,E:\내꺼세희\threads_slow_report_0430_0112.xlsx,https://www.threads.com/@_seheehx_/post/DXmnVtoAj5g,_seheehx_/post/DXmnVtoAj5g
e_drive,E:\내꺼세희\threads_slow_report_0430_0112.xlsx,https://www.threads.com/@_seheehx_/post/DXmo6Ogj3fz,_seheehx_/post/DXmo6Ogj3fz
e_drive,E:\내꺼세희\threads_slow_report_0430_0112.xlsx,https://www.threads.com/@_seheehx_/post/DXmp9BlD4z-,_seheehx_/post/DXmp9BlD4z-
e_drive,E:\내꺼세희\threads_slow_report_0430_0112.xlsx,https://www.threads.com/@_seheehx_/post/DXo-fBpisp-,_seheehx_/post/DXo-fBpisp-
e_drive,E:\내꺼세희\threads_slow_report_0430_0112.xlsx,https://www.threads.com/@_seheehx_/post/DXo8DSJD85e,_seheehx_/post/DXo8DSJD85e
e_drive,E:\내꺼세희\threads_slow_report_0430_0112.xlsx,https://www.threads.com/@_seheehx_/post/DXo8_VHj6xf,_seheehx_/post/DXo8_VHj6xf
e_drive,E:\내꺼세희\threads_slow_report_0430_0112.xlsx,https://www.threads.com/@_seheehx_/post/DXo_vALFBqE,_seheehx_/post/DXo_vALFBqE
e_drive,E:\내꺼세희\threads_slow_report_0430_0112.xlsx,https://www.threads.com/@_seheehx_/post/DXoviC7j0M0,_seheehx_/post/DXoviC7j0M0
e_drive,E:\내꺼세희\threads_slow_report_0430_0112.xlsx,https://www.threads.com/@_seheehx_/post/DXoxCUrII-l,_seheehx_/post/DXoxCUrII-l
e_drive,E:\내꺼세희\threads_slow_report_0430_0112.xlsx,https://www.threads.com/@_seheehx_/post/DXp14P2kZ-H,_seheehx_/post/DXp14P2kZ-H
e_drive,E:\내꺼세희\threads_slow_report_0430_0112.xlsx,https://www.threads.com/@_seheehx_/post/DXp25B3E2bA,_seheehx_/post/DXp25B3E2bA
e_drive,E:\내꺼세희\threads_slow_report_0430_0112.xlsx,https://www.threads.com/@_seheehx_/post/DXp4mNgkd56,_seheehx_/post/DXp4mNgkd56
e_drive,E:\내꺼세희\threads_slow_report_0430_0112.xlsx,https://www.threads.com/@_seheehx_/post/DXp6OKrky6b,_seheehx_/post/DXp6OKrky6b
e_drive,E:\내꺼세희\threads_slow_report_0430_0112.xlsx,https://www.threads.com/@_seheehx_/post/DXp72Hyj-hY,_seheehx_/post/DXp72Hyj-hY
e_drive,E:\내꺼세희\threads_slow_report_0430_0112.xlsx,https://www.threads.com/@_seheehx_/post/DXpBJa3AXcl,_seheehx_/post/DXpBJa3AXcl
e_drive,E:\내꺼세희\threads_slow_report_0430_0112.xlsx,https://www.threads.com/@_seheehx_/post/DXpGblAj8-7,_seheehx_/post/DXpGblAj8-7
e_drive,E:\내꺼세희\threads_slow_report_0430_0112.xlsx,https://www.threads.com/@_seheehx_/post/DXpHrauDJdX,_seheehx_/post/DXpHrauDJdX
e_drive,E:\내꺼세희\threads_slow_report_0430_0112.xlsx,https://www.threads.com/@_seheehx_/post/DXpIcpqD9io,_seheehx_/post/DXpIcpqD9io
e_drive,E:\내꺼세희\threads_slow_report_0430_0112.xlsx,https://www.threads.com/@_seheehx_/post/DXpJ2AYj7tq,_seheehx_/post/DXpJ2AYj7tq
e_drive,E:\내꺼세희\threads_slow_report_0430_0112.xlsx,https://www.threads.com/@_seheehx_/post/DXpKjHKEX09,_seheehx_/post/DXpKjHKEX09
e_drive,E:\내꺼세희\threads_slow_report_0430_0112.xlsx,https://www.threads.com/@_seheehx_/post/DXpLnGSjqlm,_seheehx_/post/DXpLnGSjqlm
e_drive,E:\내꺼세희\threads_slow_report_0430_0112.xlsx,https://www.threads.com/@_seheehx_/post/DXpOO-lDzZA,_seheehx_/post/DXpOO-lDzZA
e_drive,E:\내꺼세희\threads_slow_report_0430_0112.xlsx,https://www.threads.com/@_seheehx_/post/DXplic5EyKr,_seheehx_/post/DXplic5EyKr
e_drive,E:\내꺼세희\threads_slow_report_0430_0112.xlsx,https://www.threads.com/@_seheehx_/post/DXpmuTVE5GV,_seheehx_/post/DXpmuTVE5GV
e_drive,E:\내꺼세희\threads_slow_report_0430_0112.xlsx,https://www.threads.com/@_seheehx_/post/DXpn_qvk3rF,_seheehx_/post/DXpn_qvk3rF
e_drive,E:\내꺼세희\threads_slow_report_0430_0112.xlsx,https://www.threads.com/@_seheehx_/post/DXpo-gXE3f_,_seheehx_/post/DXpo-gXE3f_
e_drive,E:\내꺼세희\threads_slow_report_0430_0112.xlsx,https://www.threads.com/@_seheehx_/post/DXpqCrPEzZn,_seheehx_/post/DXpqCrPEzZn
e_drive,E:\내꺼세희\threads_slow_report_0430_0112.xlsx,https://www.threads.com/@_seheehx_/post/DXprMQokxUg,_seheehx_/post/DXprMQokxUg
e_drive,E:\내꺼세희\threads_slow_report_0430_0112.xlsx,https://www.threads.com/@_seheehx_/post/DXptljAl6Mq,_seheehx_/post/DXptljAl6Mq
e_drive,E:\내꺼세희\threads_slow_report_0430_0112.xlsx,https://www.threads.com/@_seheehx_/post/DXpvGGmk-iY,_seheehx_/post/DXpvGGmk-iY
e_drive,E:\내꺼세희\threads_slow_report_0430_0112.xlsx,https://www.threads.com/@_seheehx_/post/DXpwdsRk-ke,_seheehx_/post/DXpwdsRk-ke
e_drive,E:\내꺼세희\threads_slow_report_0430_0112.xlsx,https://www.threads.com/@_seheehx_/post/DXpxzOmk1EG,_seheehx_/post/DXpxzOmk1EG
e_drive,E:\내꺼세희\threads_slow_report_0430_0112.xlsx,https://www.threads.com/@_seheehx_/post/DXpzPhTkzb6,_seheehx_/post/DXpzPhTkzb6
e_drive,E:\내꺼세희\threads_slow_report_0430_0112.xlsx,https://www.threads.com/@_seheehx_/post/DXs0MThlHB2,_seheehx_/post/DXs0MThlHB2
e_drive,E:\내꺼세희\threads_slow_report_0430_0112.xlsx,https://www.threads.com/@_seheehx_/post/DXs1jaYj-wn,_seheehx_/post/DXs1jaYj-wn
e_drive,E:\내꺼세희\threads_slow_report_0430_0112.xlsx,https://www.threads.com/@_seheehx_/post/DXsn_Sgj73g,_seheehx_/post/DXsn_Sgj73g
e_drive,E:\내꺼세희\threads_slow_report_0430_0112.xlsx,https://www.threads.com/@_seheehx_/post/DXso32uD_6V,_seheehx_/post/DXso32uD_6V
e_drive,E:\내꺼세희\threads_slow_report_0430_0112.xlsx,https://www.threads.com/@_seheehx_/post/DXsoSSmiGfh,_seheehx_/post/DXsoSSmiGfh
e_drive,E:\내꺼세희\threads_slow_report_0430_0112.xlsx,https://www.threads.com/@_seheehx_/post/DXsoqmfD2JD,_seheehx_/post/DXsoqmfD2JD
e_drive,E:\내꺼세희\threads_slow_report_0430_0112.xlsx,https://www.threads.com/@_seheehx_/post/DXspqvLD3Em,_seheehx_/post/DXspqvLD3Em
e_drive,E:\내꺼세희\threads_slow_report_0430_0112.xlsx,https://www.threads.com/@_seheehx_/post/DXspzbpjUy9,_seheehx_/post/DXspzbpjUy9
e_drive,E:\내꺼세희\threads_slow_report_0430_0112.xlsx,https://www.threads.com/@_seheehx_/post/DXsq_c_iRKS,_seheehx_/post/DXsq_c_iRKS
e_drive,E:\내꺼세희\threads_slow_report_0430_0112.xlsx,https://www.threads.com/@_seheehx_/post/DXsqex9j8hj,_seheehx_/post/DXsqex9j8hj
e_drive,E:\내꺼세희\threads_slow_report_0430_0112.xlsx,https://www.threads.com/@_seheehx_/post/DXsr9Ijj4MQ,_seheehx_/post/DXsr9Ijj4MQ
e_drive,E:\내꺼세희\threads_slow_report_0430_0112.xlsx,https://www.threads.com/@_seheehx_/post/DXsrSqFiZRH,_seheehx_/post/DXsrSqFiZRH
e_drive,E:\내꺼세희\threads_slow_report_0430_0112.xlsx,https://www.threads.com/@_seheehx_/post/DXssDhhDy7M,_seheehx_/post/DXssDhhDy7M
e_drive,E:\내꺼세희\threads_slow_report_0430_0112.xlsx,https://www.threads.com/@_seheehx_/post/DXssflSD7sF,_seheehx_/post/DXssflSD7sF
e_drive,E:\내꺼세희\threads_slow_report_0430_0112.xlsx,https://www.threads.com/@_seheehx_/post/DXstM0ojyFy,_seheehx_/post/DXstM0ojyFy
e_drive,E:\내꺼세희\threads_slow_report_0430_0112.xlsx,https://www.threads.com/@_seheehx_/post/DXst__QjV4o,_seheehx_/post/DXst__QjV4o
e_drive,E:\내꺼세희\threads_slow_report_0430_0112.xlsx,https://www.threads.com/@_seheehx_/post/DXstaEvj8LQ,_seheehx_/post/DXstaEvj8LQ
e_drive,E:\내꺼세희\threads_slow_report_0430_0112.xlsx,https://www.threads.com/@_seheehx_/post/DXsvFPdj8g3,_seheehx_/post/DXsvFPdj8g3
e_drive,E:\내꺼세희\threads_slow_report_0430_0112.xlsx,https://www.threads.com/@_seheehx_/post/DXsz7eZD-1b,_seheehx_/post/DXsz7eZD-1b
e_drive,E:\내꺼세희\threads_slow_report_0430_0112.xlsx,https://www.threads.com/@_seheehx_/post/DXszQoij39E,_seheehx_/post/DXszQoij39E
e_drive,E:\내꺼파스\threads_slow_report_0430_1258.xlsx,https://www.threads.com/@coco_x_pas/post/DXH2CorFdU8,coco_x_pas/post/DXH2CorFdU8
e_drive,E:\내꺼파스\threads_slow_report_0430_1258.xlsx,https://www.threads.com/@coco_x_pas/post/DXH3BmDExzH,coco_x_pas/post/DXH3BmDExzH
e_drive,E:\내꺼파스\threads_slow_report_0430_1258.xlsx,https://www.threads.com/@coco_x_pas/post/DXH4DjziXe2,coco_x_pas/post/DXH4DjziXe2
e_drive,E:\내꺼파스\threads_slow_report_0430_1258.xlsx,https://www.threads.com/@coco_x_pas/post/DXH5Jc3E9EZ,coco_x_pas/post/DXH5Jc3E9EZ
e_drive,E:\내꺼파스\threads_slow_report_0430_1258.xlsx,https://www.threads.com/@coco_x_pas/post/DXHlVEWjzSS,coco_x_pas/post/DXHlVEWjzSS
e_drive,E:\내꺼파스\threads_slow_report_0430_1258.xlsx,https://www.threads.com/@coco_x_pas/post/DXHmnygDwl1,coco_x_pas/post/DXHmnygDwl1
e_drive,E:\내꺼파스\threads_slow_report_0430_1258.xlsx,https://www.threads.com/@coco_x_pas/post/DXHpyZgD1P2,coco_x_pas/post/DXHpyZgD1P2
e_drive,E:\내꺼파스\threads_slow_report_0430_1258.xlsx,https://www.threads.com/@coco_x_pas/post/DXHvD8LD5F2,coco_x_pas/post/DXHvD8LD5F2
e_drive,E:\내꺼파스\threads_slow_report_0430_1258.xlsx,https://www.threads.com/@coco_x_pas/post/DXHwwz3gq6o,coco_x_pas/post/DXHwwz3gq6o
e_drive,E:\내꺼파스\threads_slow_report_0430_1258.xlsx,https://www.threads.com/@coco_x_pas/post/DXHyh46FcaE,coco_x_pas/post/DXHyh46FcaE
e_drive,E:\내꺼파스\threads_slow_report_0430_1258.xlsx,https://www.threads.com/@coco_x_pas/post/DXLaGwBDmHM,coco_x_pas/post/DXLaGwBDmHM
e_drive,E:\내꺼파스\threads_slow_report_0430_1258.xlsx,https://www.threads.com/@coco_x_pas/post/DXLbQ7Hj190,coco_x_pas/post/DXLbQ7Hj190
e_drive,E:\내꺼파스\threads_slow_report_0430_1258.xlsx,https://www.threads.com/@coco_x_pas/post/DXLcWcHoOua,coco_x_pas/post/DXLcWcHoOua
e_drive,E:\내꺼파스\threads_slow_report_0430_1258.xlsx,https://www.threads.com/@coco_x_pas/post/DXLdW27jyEk,coco_x_pas/post/DXLdW27jyEk
e_drive,E:\내꺼파스\threads_slow_report_0430_1258.xlsx,https://www.threads.com/@coco_x_pas/post/DXLelrXjqCo,coco_x_pas/post/DXLelrXjqCo
e_drive,E:\내꺼파스\threads_slow_report_0430_1258.xlsx,https://www.threads.com/@coco_x_pas/post/DXLfxY9EtRx,coco_x_pas/post/DXLfxY9EtRx
e_drive,E:\내꺼파스\threads_slow_report_0430_1258.xlsx,https://www.threads.com/@coco_x_pas/post/DXLg4vND-ln,coco_x_pas/post/DXLg4vND-ln
e_drive,E:\내꺼파스\threads_slow_report_0430_1258.xlsx,https://www.threads.com/@coco_x_pas/post/DXLiO32gsmK,coco_x_pas/post/DXLiO32gsmK
e_drive,E:\내꺼파스\threads_slow_report_0430_1258.xlsx,https://www.threads.com/@coco_x_pas/post/DXLjSlpD2lM,coco_x_pas/post/DXLjSlpD2lM
e_drive,E:\내꺼파스\threads_slow_report_0430_1258.xlsx,https://www.threads.com/@coco_x_pas/post/DXLkrD9Aq8a,coco_x_pas/post/DXLkrD9Aq8a
e_drive,E:\내꺼파스\threads_slow_report_0430_1258.xlsx,https://www.threads.com/@coco_x_pas/post/DXN-6CejzFE,coco_x_pas/post/DXN-6CejzFE
e_drive,E:\내꺼파스\threads_slow_report_0430_1258.xlsx,https://www.threads.com/@coco_x_pas/post/DXN2mY0FQDs,coco_x_pas/post/DXN2mY0FQDs
e_drive,E:\내꺼파스\threads_slow_report_0430_1258.xlsx,https://www.threads.com/@coco_x_pas/post/DXN4wn6FPBH,coco_x_pas/post/DXN4wn6FPBH
e_drive,E:\내꺼파스\threads_slow_report_0430_1258.xlsx,https://www.threads.com/@coco_x_pas/post/DXN51ONj68E,coco_x_pas/post/DXN51ONj68E
e_drive,E:\내꺼파스\threads_slow_report_0430_1258.xlsx,https://www.threads.com/@coco_x_pas/post/DXN7Lgkj1Lq,coco_x_pas/post/DXN7Lgkj1Lq
e_drive,E:\내꺼파스\threads_slow_report_0430_1258.xlsx,https://www.threads.com/@coco_x_pas/post/DXN8Xr3jyiu,coco_x_pas/post/DXN8Xr3jyiu
e_drive,E:\내꺼파스\threads_slow_report_0430_1258.xlsx,https://www.threads.com/@coco_x_pas/post/DXOAMrcD35D,coco_x_pas/post/DXOAMrcD35D
e_drive,E:\내꺼파스\threads_slow_report_0430_1258.xlsx,https://www.threads.com/@coco_x_pas/post/DXOBQIBkgvF,coco_x_pas/post/DXOBQIBkgvF
e_drive,E:\내꺼파스\threads_slow_report_0430_1258.xlsx,https://www.threads.com/@coco_x_pas/post/DXOEYvXAciF,coco_x_pas/post/DXOEYvXAciF
e_drive,E:\내꺼파스\threads_slow_report_0430_1258.xlsx,https://www.threads.com/@coco_x_pas/post/DXOF8OpDxle,coco_x_pas/post/DXOF8OpDxle
e_drive,E:\내꺼파스\threads_slow_report_0430_1258.xlsx,https://www.threads.com/@coco_x_pas/post/DXQ-AyWD40D,coco_x_pas/post/DXQ-AyWD40D
e_drive,E:\내꺼파스\threads_slow_report_0430_1258.xlsx,https://www.threads.com/@coco_x_pas/post/DXQ9APEAOIO,coco_x_pas/post/DXQ9APEAOIO
e_drive,E:\내꺼파스\threads_slow_report_0430_1258.xlsx,https://www.threads.com/@coco_x_pas/post/DXRLIGvj2dD,coco_x_pas/post/DXRLIGvj2dD
e_drive,E:\내꺼파스\threads_slow_report_0430_1258.xlsx,https://www.threads.com/@coco_x_pas/post/DXRMMnqFBCS,coco_x_pas/post/DXRMMnqFBCS
e_drive,E:\내꺼파스\threads_slow_report_0430_1258.xlsx,https://www.threads.com/@coco_x_pas/post/DXRNLhhD18p,coco_x_pas/post/DXRNLhhD18p
e_drive,E:\내꺼파스\threads_slow_report_0430_1258.xlsx,https://www.threads.com/@coco_x_pas/post/DXbHIYvk9Nt,coco_x_pas/post/DXbHIYvk9Nt
e_drive,E:\내꺼파스\threads_slow_report_0430_1258.xlsx,https://www.threads.com/@coco_x_pas/post/DXbIR6kE3HU,coco_x_pas/post/DXbIR6kE3HU
e_drive,E:\내꺼파스\threads_slow_report_0430_1258.xlsx,https://www.threads.com/@coco_x_pas/post/DXbJLzWk4A5,coco_x_pas/post/DXbJLzWk4A5
e_drive,E:\내꺼파스\threads_slow_report_0430_1258.xlsx,https://www.threads.com/@coco_x_pas/post/DXc2CwpEy73,coco_x_pas/post/DXc2CwpEy73
e_drive,E:\내꺼파스\threads_slow_report_0430_1258.xlsx,https://www.threads.com/@coco_x_pas/post/DXc3MCmEhvr,coco_x_pas/post/DXc3MCmEhvr
e_drive,E:\내꺼파스\threads_slow_report_0430_1258.xlsx,https://www.threads.com/@coco_x_pas/post/DXc4ZoUEsRh,coco_x_pas/post/DXc4ZoUEsRh
e_drive,E:\내꺼파스\threads_slow_report_0430_1258.xlsx,https://www.threads.com/@coco_x_pas/post/DXc6RDQjyek,coco_x_pas/post/DXc6RDQjyek
e_drive,E:\내꺼파스\threads_slow_report_0430_1258.xlsx,https://www.threads.com/@coco_x_pas/post/DXc7wK4GRYF,coco_x_pas/post/DXc7wK4GRYF
e_drive,E:\내꺼파스\threads_slow_report_0430_1258.xlsx,https://www.threads.com/@coco_x_pas/post/DXc8sjSkk2W,coco_x_pas/post/DXc8sjSkk2W
e_drive,E:\내꺼파스\threads_slow_report_0430_1258.xlsx,https://www.threads.com/@coco_x_pas/post/DXc_myUFN7l,coco_x_pas/post/DXc_myUFN7l
e_drive,E:\내꺼파스\threads_slow_report_0430_1258.xlsx,https://www.threads.com/@coco_x_pas/post/DXcaSkjD79I,coco_x_pas/post/DXcaSkjD79I
e_drive,E:\내꺼파스\threads_slow_report_0430_1258.xlsx,https://www.threads.com/@coco_x_pas/post/DXcbvjuEgDf,coco_x_pas/post/DXcbvjuEgDf
e_drive,E:\내꺼파스\threads_slow_report_0430_1258.xlsx,https://www.threads.com/@coco_x_pas/post/DXcdYiPEvrp,coco_x_pas/post/DXcdYiPEvrp
e_drive,E:\내꺼파스\threads_slow_report_0430_1258.xlsx,https://www.threads.com/@coco_x_pas/post/DXcecjTj0Xp,coco_x_pas/post/DXcecjTj0Xp
e_drive,E:\내꺼파스\threads_slow_report_0430_1258.xlsx,https://www.threads.com/@coco_x_pas/post/DXcfveMklMe,coco_x_pas/post/DXcfveMklMe
e_drive,E:\내꺼파스\threads_slow_report_0430_1258.xlsx,https://www.threads.com/@coco_x_pas/post/DXcg1L7FuWf,coco_x_pas/post/DXcg1L7FuWf
e_drive,E:\내꺼파스\threads_slow_report_0430_1258.xlsx,https://www.threads.com/@coco_x_pas/post/DXciRrBjkos,coco_x_pas/post/DXciRrBjkos
e_drive,E:\내꺼파스\threads_slow_report_0430_1258.xlsx,https://www.threads.com/@coco_x_pas/post/DXclSE1E5ib,coco_x_pas/post/DXclSE1E5ib
e_drive,E:\내꺼파스\threads_slow_report_0430_1258.xlsx,https://www.threads.com/@coco_x_pas/post/DXcmxqJkSSb,coco_x_pas/post/DXcmxqJkSSb
e_drive,E:\내꺼파스\threads_slow_report_0430_1258.xlsx,https://www.threads.com/@coco_x_pas/post/DXcoJAcE4m9,coco_x_pas/post/DXcoJAcE4m9
e_drive,E:\내꺼파스\threads_slow_report_0430_1258.xlsx,https://www.threads.com/@coco_x_pas/post/DXcpW56k2sa,coco_x_pas/post/DXcpW56k2sa
e_drive,E:\내꺼파스\threads_slow_report_0430_1258.xlsx,https://www.threads.com/@coco_x_pas/post/DXcq_91k-h3,coco_x_pas/post/DXcq_91k-h3
e_drive,E:\내꺼파스\threads_slow_report_0430_1258.xlsx,https://www.threads.com/@coco_x_pas/post/DXcuxCsje1Z,coco_x_pas/post/DXcuxCsje1Z
e_drive,E:\내꺼파스\threads_slow_report_0430_1258.xlsx,https://www.threads.com/@coco_x_pas/post/DXcwF8ukyH0,coco_x_pas/post/DXcwF8ukyH0
e_drive,E:\내꺼파스\threads_slow_report_0430_1258.xlsx,https://www.threads.com/@coco_x_pas/post/DXcxULRjYyo,coco_x_pas/post/DXcxULRjYyo
e_drive,E:\내꺼파스\threads_slow_report_0430_1258.xlsx,https://www.threads.com/@coco_x_pas/post/DXczoHuDJlg,coco_x_pas/post/DXczoHuDJlg
e_drive,E:\내꺼파스\threads_slow_report_0430_1258.xlsx,https://www.threads.com/@coco_x_pas/post/DXdBnDaIJWM,coco_x_pas/post/DXdBnDaIJWM
e_drive,E:\내꺼파스\threads_slow_report_0430_1258.xlsx,https://www.threads.com/@coco_x_pas/post/DXdCtuODg0-,coco_x_pas/post/DXdCtuODg0-
e_drive,E:\내꺼파스\threads_slow_report_0430_1258.xlsx,https://www.threads.com/@coco_x_pas/post/DXdEF9YEiAo,coco_x_pas/post/DXdEF9YEiAo
e_drive,E:\내꺼파스\threads_slow_report_0430_1258.xlsx,https://www.threads.com/@coco_x_pas/post/DXdG5K4k0py,coco_x_pas/post/DXdG5K4k0py
e_drive,E:\내꺼파스\threads_slow_report_0430_1258.xlsx,https://www.threads.com/@coco_x_pas/post/DXe-jqVgsVw,coco_x_pas/post/DXe-jqVgsVw
e_drive,E:\내꺼파스\threads_slow_report_0430_1258.xlsx,https://www.threads.com/@coco_x_pas/post/DXe7tUyD0XS,coco_x_pas/post/DXe7tUyD0XS
e_drive,E:\내꺼파스\threads_slow_report_0430_1258.xlsx,https://www.threads.com/@coco_x_pas/post/DXe9ewSkxGu,coco_x_pas/post/DXe9ewSkxGu
e_drive,E:\내꺼파스\threads_slow_report_0430_1258.xlsx,https://www.threads.com/@coco_x_pas/post/DXezuAok489,coco_x_pas/post/DXezuAok489
e_drive,E:\내꺼파스\threads_slow_report_0430_1258.xlsx,https://www.threads.com/@coco_x_pas/post/DXfADAGkn3W,coco_x_pas/post/DXfADAGkn3W
e_drive,E:\내꺼파스\threads_slow_report_0430_1258.xlsx,https://www.threads.com/@coco_x_pas/post/DXfCyiLE-wn,coco_x_pas/post/DXfCyiLE-wn
e_drive,E:\내꺼파스\threads_slow_report_0430_1258.xlsx,https://www.threads.com/@coco_x_pas/post/DXfD8aJE4I0,coco_x_pas/post/DXfD8aJE4I0
e_drive,E:\내꺼파스\threads_slow_report_0430_1258.xlsx,https://www.threads.com/@coco_x_pas/post/DXfFQdikzbP,coco_x_pas/post/DXfFQdikzbP
e_drive,E:\내꺼파스\threads_slow_report_0430_1258.xlsx,https://www.threads.com/@coco_x_pas/post/DXfHj3Tijai,coco_x_pas/post/DXfHj3Tijai
e_drive,E:\내꺼파스\threads_slow_report_0430_1258.xlsx,https://www.threads.com/@coco_x_pas/post/DXfIomNk4J9,coco_x_pas/post/DXfIomNk4J9
e_drive,E:\내꺼파스\threads_slow_report_0430_1258.xlsx,https://www.threads.com/@coco_x_pas/post/DXfKcElEQGJ,coco_x_pas/post/DXfKcElEQGJ
e_drive,E:\내꺼파스\threads_slow_report_0430_1258.xlsx,https://www.threads.com/@coco_x_pas/post/DXfN-MUDZq8,coco_x_pas/post/DXfN-MUDZq8
e_drive,E:\내꺼파스\threads_slow_report_0430_1258.xlsx,https://www.threads.com/@coco_x_pas/post/DXfQ0IDCHW7,coco_x_pas/post/DXfQ0IDCHW7
e_drive,E:\내꺼파스\threads_slow_report_0430_1258.xlsx,https://www.threads.com/@coco_x_pas/post/DXfSDiGCkMY,coco_x_pas/post/DXfSDiGCkMY
e_drive,E:\내꺼파스\threads_slow_report_0430_1258.xlsx,https://www.threads.com/@coco_x_pas/post/DXfTkSIkz7P,coco_x_pas/post/DXfTkSIkz7P
e_drive,E:\내꺼파스\threads_slow_report_0430_1258.xlsx,https://www.threads.com/@coco_x_pas/post/DXfWpn6Ge9w,coco_x_pas/post/DXfWpn6Ge9w
e_drive,E:\내꺼파스\threads_slow_report_0430_1258.xlsx,https://www.threads.com/@coco_x_pas/post/DXfX8wbE_l7,coco_x_pas/post/DXfX8wbE_l7
e_drive,E:\내꺼파스\threads_slow_report_0430_1258.xlsx,https://www.threads.com/@coco_x_pas/post/DXfZVLlk3HY,coco_x_pas/post/DXfZVLlk3HY
e_drive,E:\내꺼파스\threads_slow_report_0430_1258.xlsx,https://www.threads.com/@coco_x_pas/post/DXfaWKIE-2o,coco_x_pas/post/DXfaWKIE-2o
e_drive,E:\내꺼파스\threads_slow_report_0430_1258.xlsx,https://www.threads.com/@coco_x_pas/post/DXfbZaZk_Mo,coco_x_pas/post/DXfbZaZk_Mo
e_drive,E:\내꺼파스\threads_slow_report_0430_1258.xlsx,https://www.threads.com/@coco_x_pas/post/DXfd58KlOcY,coco_x_pas/post/DXfd58KlOcY
e_drive,E:\내꺼파스\threads_slow_report_0430_1258.xlsx,https://www.threads.com/@coco_x_pas/post/DXffHHJk5_k,coco_x_pas/post/DXffHHJk5_k
e_drive,E:\내꺼파스\threads_slow_report_0430_1258.xlsx,https://www.threads.com/@coco_x_pas/post/DXfgY6Pkapx,coco_x_pas/post/DXfgY6Pkapx
e_drive,E:\내꺼파스\threads_slow_report_0430_1258.xlsx,https://www.threads.com/@coco_x_pas/post/DXfiHiak0-l,coco_x_pas/post/DXfiHiak0-l
e_drive,E:\내꺼파스\threads_slow_report_0430_1258.xlsx,https://www.threads.com/@coco_x_pas/post/DXfjXs9E4hz,coco_x_pas/post/DXfjXs9E4hz
e_drive,E:\내꺼파스\threads_slow_report_0430_1258.xlsx,https://www.threads.com/@coco_x_pas/post/DXfmcBsE4oF,coco_x_pas/post/DXfmcBsE4oF
e_drive,E:\내꺼파스\threads_slow_report_0430_1258.xlsx,https://www.threads.com/@coco_x_pas/post/DXfn_rODOLJ,coco_x_pas/post/DXfn_rODOLJ
e_drive,E:\내꺼파스\threads_slow_report_0430_1258.xlsx,https://www.threads.com/@coco_x_pas/post/DXfpLyfgE9r,coco_x_pas/post/DXfpLyfgE9r
e_drive,E:\내꺼파스\threads_slow_report_0430_1258.xlsx,https://www.threads.com/@coco_x_pas/post/DXfrBw7E76C,coco_x_pas/post/DXfrBw7E76C
e_drive,E:\내꺼파스\threads_slow_report_0430_1258.xlsx,https://www.threads.com/@coco_x_pas/post/DXh13YgiZYw,coco_x_pas/post/DXh13YgiZYw
e_drive,E:\내꺼파스\threads_slow_report_0430_1258.xlsx,https://www.threads.com/@coco_x_pas/post/DXh3n_ljuqn,coco_x_pas/post/DXh3n_ljuqn
e_drive,E:\내꺼파스\threads_slow_report_0430_1258.xlsx,https://www.threads.com/@coco_x_pas/post/DXhOZ1xknVs,coco_x_pas/post/DXhOZ1xknVs
e_drive,E:\내꺼파스\threads_slow_report_0430_1258.xlsx,https://www.threads.com/@coco_x_pas/post/DXhPh3PEi6K,coco_x_pas/post/DXhPh3PEi6K
e_drive,E:\내꺼파스\threads_slow_report_0430_1258.xlsx,https://www.threads.com/@coco_x_pas/post/DXhQ5LGkpPY,coco_x_pas/post/DXhQ5LGkpPY
e_drive,E:\내꺼파스\threads_slow_report_0430_1258.xlsx,https://www.threads.com/@coco_x_pas/post/DXhSFPXkklt,coco_x_pas/post/DXhSFPXkklt
e_drive,E:\내꺼파스\threads_slow_report_0430_1258.xlsx,https://www.threads.com/@coco_x_pas/post/DXhTR_ykhS6,coco_x_pas/post/DXhTR_ykhS6
e_drive,E:\내꺼파스\threads_slow_report_0430_1258.xlsx,https://www.threads.com/@coco_x_pas/post/DXhX4tjlOtV,coco_x_pas/post/DXhX4tjlOtV
e_drive,E:\내꺼파스\threads_slow_report_0430_1258.xlsx,https://www.threads.com/@coco_x_pas/post/DXhZEaSCm7A,coco_x_pas/post/DXhZEaSCm7A
e_drive,E:\내꺼파스\threads_slow_report_0430_1258.xlsx,https://www.threads.com/@coco_x_pas/post/DXhaVMoCnSg,coco_x_pas/post/DXhaVMoCnSg
e_drive,E:\내꺼파스\threads_slow_report_0430_1258.xlsx,https://www.threads.com/@coco_x_pas/post/DXhbs89Ek-Q,coco_x_pas/post/DXhbs89Ek-Q
e_drive,E:\내꺼파스\threads_slow_report_0430_1258.xlsx,https://www.threads.com/@coco_x_pas/post/DXhdAfTkhMt,coco_x_pas/post/DXhdAfTkhMt
e_drive,E:\내꺼파스\threads_slow_report_0430_1258.xlsx,https://www.threads.com/@coco_x_pas/post/DXhfEI3nx_r,coco_x_pas/post/DXhfEI3nx_r
e_drive,E:\내꺼파스\threads_slow_report_0430_1258.xlsx,https://www.threads.com/@coco_x_pas/post/DXhg2YVEpWj,coco_x_pas/post/DXhg2YVEpWj
e_drive,E:\내꺼파스\threads_slow_report_0430_1258.xlsx,https://www.threads.com/@coco_x_pas/post/DXhiAEfkky3,coco_x_pas/post/DXhiAEfkky3
e_drive,E:\내꺼파스\threads_slow_report_0430_1258.xlsx,https://www.threads.com/@coco_x_pas/post/DXhjVczEkOk,coco_x_pas/post/DXhjVczEkOk
e_drive,E:\내꺼파스\threads_slow_report_0430_1258.xlsx,https://www.threads.com/@coco_x_pas/post/DXhmjXwDYmG,coco_x_pas/post/DXhmjXwDYmG
e_drive,E:\내꺼파스\threads_slow_report_0430_1258.xlsx,https://www.threads.com/@coco_x_pas/post/DXhn_RJDWgj,coco_x_pas/post/DXhn_RJDWgj
e_drive,E:\내꺼파스\threads_slow_report_0430_1258.xlsx,https://www.threads.com/@coco_x_pas/post/DXhpEG_FKYf,coco_x_pas/post/DXhpEG_FKYf
e_drive,E:\내꺼파스\threads_slow_report_0430_1258.xlsx,https://www.threads.com/@coco_x_pas/post/DXhsGfGkWDo,coco_x_pas/post/DXhsGfGkWDo
e_drive,E:\내꺼파스\threads_slow_report_0430_1258.xlsx,https://www.threads.com/@coco_x_pas/post/DXhuZA1EvFO,coco_x_pas/post/DXhuZA1EvFO
e_drive,E:\내꺼파스\threads_slow_report_0430_1258.xlsx,https://www.threads.com/@coco_x_pas/post/DXhwDYyEiV9,coco_x_pas/post/DXhwDYyEiV9
e_drive,E:\내꺼파스\threads_slow_report_0430_1258.xlsx,https://www.threads.com/@coco_x_pas/post/DXhxSrAEgNR,coco_x_pas/post/DXhxSrAEgNR
e_drive,E:\내꺼파스\threads_slow_report_0430_1258.xlsx,https://www.threads.com/@coco_x_pas/post/DXhyk6Ukt7f,coco_x_pas/post/DXhyk6Ukt7f
e_drive,E:\내꺼파스\threads_slow_report_0430_1258.xlsx,https://www.threads.com/@coco_x_pas/post/DXhzrPekgua,coco_x_pas/post/DXhzrPekgua
e_drive,E:\내꺼파스\threads_slow_report_0430_1258.xlsx,https://www.threads.com/@coco_x_pas/post/DXimbcvE-OD,coco_x_pas/post/DXimbcvE-OD
e_drive,E:\내꺼파스\threads_slow_report_0430_1258.xlsx,https://www.threads.com/@coco_x_pas/post/DXioBiOEjmt,coco_x_pas/post/DXioBiOEjmt
e_drive,E:\내꺼파스\threads_slow_report_0430_1258.xlsx,https://www.threads.com/@coco_x_pas/post/DXipn6-EqOL,coco_x_pas/post/DXipn6-EqOL
e_drive,E:\내꺼파스\threads_slow_report_0430_1258.xlsx,https://www.threads.com/@coco_x_pas/post/DXirZPgEj8S,coco_x_pas/post/DXirZPgEj8S
e_drive,E:\내꺼파스\threads_slow_report_0430_1258.xlsx,https://www.threads.com/@coco_x_pas/post/DXistgpktF3,coco_x_pas/post/DXistgpktF3
e_drive,E:\내꺼파스\threads_slow_report_0430_1258.xlsx,https://www.threads.com/@coco_x_pas/post/DXiwKf5krGa,coco_x_pas/post/DXiwKf5krGa
e_drive,E:\내꺼파스\threads_slow_report_0430_1258.xlsx,https://www.threads.com/@coco_x_pas/post/DXmkqHfDJ-K,coco_x_pas/post/DXmkqHfDJ-K
e_drive,E:\내꺼파스\threads_slow_report_0430_1258.xlsx,https://www.threads.com/@coco_x_pas/post/DXml2Juj8j_,coco_x_pas/post/DXml2Juj8j_
e_drive,E:\내꺼파스\threads_slow_report_0430_1258.xlsx,https://www.threads.com/@coco_x_pas/post/DXmnhn6Dczk,coco_x_pas/post/DXmnhn6Dczk
e_drive,E:\내꺼파스\threads_slow_report_0430_1258.xlsx,https://www.threads.com/@coco_x_pas/post/DXmowH4Dxu_,coco_x_pas/post/DXmowH4Dxu_
e_drive,E:\내꺼파스\threads_slow_report_0430_1258.xlsx,https://www.threads.com/@coco_x_pas/post/DXmqGg1Dz3O,coco_x_pas/post/DXmqGg1Dz3O
e_drive,E:\내꺼파스\threads_slow_report_0430_1258.xlsx,https://www.threads.com/@coco_x_pas/post/DXo-TjPkeEq,coco_x_pas/post/DXo-TjPkeEq
e_drive,E:\내꺼파스\threads_slow_report_0430_1258.xlsx,https://www.threads.com/@coco_x_pas/post/DXo6ncGj48g,coco_x_pas/post/DXo6ncGj48g
e_drive,E:\내꺼파스\threads_slow_report_0430_1258.xlsx,https://www.threads.com/@coco_x_pas/post/DXo74P-jwRW,coco_x_pas/post/DXo74P-jwRW
e_drive,E:\내꺼파스\threads_slow_report_0430_1258.xlsx,https://www.threads.com/@coco_x_pas/post/DXo9J0dj1b1,coco_x_pas/post/DXo9J0dj1b1
e_drive,E:\내꺼파스\threads_slow_report_0430_1258.xlsx,https://www.threads.com/@coco_x_pas/post/DXovZXUj1uz,coco_x_pas/post/DXovZXUj1uz
e_drive,E:\내꺼파스\threads_slow_report_0430_1258.xlsx,https://www.threads.com/@coco_x_pas/post/DXow3AfgY4L,coco_x_pas/post/DXow3AfgY4L
e_drive,E:\내꺼파스\threads_slow_report_0430_1258.xlsx,https://www.threads.com/@coco_x_pas/post/DXp2CaoHwa7,coco_x_pas/post/DXp2CaoHwa7
e_drive,E:\내꺼파스\threads_slow_report_0430_1258.xlsx,https://www.threads.com/@coco_x_pas/post/DXp3CDhE4Jn,coco_x_pas/post/DXp3CDhE4Jn
e_drive,E:\내꺼파스\threads_slow_report_0430_1258.xlsx,https://www.threads.com/@coco_x_pas/post/DXp4NZmoFjb,coco_x_pas/post/DXp4NZmoFjb
e_drive,E:\내꺼파스\threads_slow_report_0430_1258.xlsx,https://www.threads.com/@coco_x_pas/post/DXp52YUk_Ta,coco_x_pas/post/DXp52YUk_Ta
e_drive,E:\내꺼파스\threads_slow_report_0430_1258.xlsx,https://www.threads.com/@coco_x_pas/post/DXp7sUBjG6E,coco_x_pas/post/DXp7sUBjG6E
e_drive,E:\내꺼파스\threads_slow_report_0430_1258.xlsx,https://www.threads.com/@coco_x_pas/post/DXpAD37Enf1,coco_x_pas/post/DXpAD37Enf1
e_drive,E:\내꺼파스\threads_slow_report_0430_1258.xlsx,https://www.threads.com/@coco_x_pas/post/DXpBfy_DMn9,coco_x_pas/post/DXpBfy_DMn9
e_drive,E:\내꺼파스\threads_slow_report_0430_1258.xlsx,https://www.threads.com/@coco_x_pas/post/DXpHfjkFRS-,coco_x_pas/post/DXpHfjkFRS-
e_drive,E:\내꺼파스\threads_slow_report_0430_1258.xlsx,https://www.threads.com/@coco_x_pas/post/DXpIn-njyvQ,coco_x_pas/post/DXpIn-njyvQ
e_drive,E:\내꺼파스\threads_slow_report_0430_1258.xlsx,https://www.threads.com/@coco_x_pas/post/DXpJio0j89n,coco_x_pas/post/DXpJio0j89n
e_drive,E:\내꺼파스\threads_slow_report_0430_1258.xlsx,https://www.threads.com/@coco_x_pas/post/DXpK2ZeEVsH,coco_x_pas/post/DXpK2ZeEVsH
e_drive,E:\내꺼파스\threads_slow_report_0430_1258.xlsx,https://www.threads.com/@coco_x_pas/post/DXpL7kuDWV4,coco_x_pas/post/DXpL7kuDWV4
e_drive,E:\내꺼파스\threads_slow_report_0430_1258.xlsx,https://www.threads.com/@coco_x_pas/post/DXpOGW7DyNw,coco_x_pas/post/DXpOGW7DyNw
e_drive,E:\내꺼파스\threads_slow_report_0430_1258.xlsx,https://www.threads.com/@coco_x_pas/post/DXplXmyk1Pd,coco_x_pas/post/DXplXmyk1Pd
e_drive,E:\내꺼파스\threads_slow_report_0430_1258.xlsx,https://www.threads.com/@coco_x_pas/post/DXpmcStk-sZ,coco_x_pas/post/DXpmcStk-sZ
e_drive,E:\내꺼파스\threads_slow_report_0430_1258.xlsx,https://www.threads.com/@coco_x_pas/post/DXpnqNSkz-7,coco_x_pas/post/DXpnqNSkz-7
e_drive,E:\내꺼파스\threads_slow_report_0430_1258.xlsx,https://www.threads.com/@coco_x_pas/post/DXpoz4NE3fo,coco_x_pas/post/DXpoz4NE3fo
e_drive,E:\내꺼파스\threads_slow_report_0430_1258.xlsx,https://www.threads.com/@coco_x_pas/post/DXpqK4sEw3p,coco_x_pas/post/DXpqK4sEw3p
e_drive,E:\내꺼파스\threads_slow_report_0430_1258.xlsx,https://www.threads.com/@coco_x_pas/post/DXprWrIE0eW,coco_x_pas/post/DXprWrIE0eW
e_drive,E:\내꺼파스\threads_slow_report_0430_1258.xlsx,https://www.threads.com/@coco_x_pas/post/DXptvhHiQO6,coco_x_pas/post/DXptvhHiQO6
e_drive,E:\내꺼파스\threads_slow_report_0430_1258.xlsx,https://www.threads.com/@coco_x_pas/post/DXpvOpNk8uD,coco_x_pas/post/DXpvOpNk8uD
e_drive,E:\내꺼파스\threads_slow_report_0430_1258.xlsx,https://www.threads.com/@coco_x_pas/post/DXpwm3NE5L5,coco_x_pas/post/DXpwm3NE5L5
e_drive,E:\내꺼파스\threads_slow_report_0430_1258.xlsx,https://www.threads.com/@coco_x_pas/post/DXpxoT2kzt6,coco_x_pas/post/DXpxoT2kzt6
e_drive,E:\내꺼파스\threads_slow_report_0430_1258.xlsx,https://www.threads.com/@coco_x_pas/post/DXpy7YkE1UM,coco_x_pas/post/DXpy7YkE1UM
e_drive,E:\내꺼파스\threads_slow_report_0430_1258.xlsx,https://www.threads.com/@coco_x_pas/post/DXs1rD2j9gC,coco_x_pas/post/DXs1rD2j9gC
e_drive,E:\내꺼파스\threads_slow_report_0430_1258.xlsx,https://www.threads.com/@coco_x_pas/post/DXsnoXQGlAL,coco_x_pas/post/DXsnoXQGlAL
e_drive,E:\내꺼파스\threads_slow_report_0430_1258.xlsx,https://www.threads.com/@coco_x_pas/post/DXsodLAAXAn,coco_x_pas/post/DXsodLAAXAn
e_drive,E:\내꺼파스\threads_slow_report_0430_1258.xlsx,https://www.threads.com/@coco_x_pas/post/DXsoy0AD8nd,coco_x_pas/post/DXsoy0AD8nd
e_drive,E:\내꺼파스\threads_slow_report_0430_1258.xlsx,https://www.threads.com/@coco_x_pas/post/DXsp-hjABOw,coco_x_pas/post/DXsp-hjABOw
e_drive,E:\내꺼파스\threads_slow_report_0430_1258.xlsx,https://www.threads.com/@coco_x_pas/post/DXspLXiD5oU,coco_x_pas/post/DXspLXiD5oU
e_drive,E:\내꺼파스\threads_slow_report_0430_1258.xlsx,https://www.threads.com/@coco_x_pas/post/DXspT_JD41Q,coco_x_pas/post/DXspT_JD41Q
e_drive,E:\내꺼파스\threads_slow_report_0430_1258.xlsx,https://www.threads.com/@coco_x_pas/post/DXsqUZtj69h,coco_x_pas/post/DXsqUZtj69h
e_drive,E:\내꺼파스\threads_slow_report_0430_1258.xlsx,https://www.threads.com/@coco_x_pas/post/DXsqypbiehC,coco_x_pas/post/DXsqypbiehC
e_drive,E:\내꺼파스\threads_slow_report_0430_1258.xlsx,https://www.threads.com/@coco_x_pas/post/DXsrcoKj645,coco_x_pas/post/DXsrcoKj645
e_drive,E:\내꺼파스\threads_slow_report_0430_1258.xlsx,https://www.threads.com/@coco_x_pas/post/DXsrl9bj44x,coco_x_pas/post/DXsrl9bj44x
e_drive,E:\내꺼파스\threads_slow_report_0430_1258.xlsx,https://www.threads.com/@coco_x_pas/post/DXss5Utj1Y4,coco_x_pas/post/DXss5Utj1Y4
e_drive,E:\내꺼파스\threads_slow_report_0430_1258.xlsx,https://www.threads.com/@coco_x_pas/post/DXssYxsDwi_,coco_x_pas/post/DXssYxsDwi_
e_drive,E:\내꺼파스\threads_slow_report_0430_1258.xlsx,https://www.threads.com/@coco_x_pas/post/DXsspt0D9O7,coco_x_pas/post/DXsspt0D9O7
e_drive,E:\내꺼파스\threads_slow_report_0430_1258.xlsx,https://www.threads.com/@coco_x_pas/post/DXstSJ6D1Fh,coco_x_pas/post/DXstSJ6D1Fh
e_drive,E:\내꺼파스\threads_slow_report_0430_1258.xlsx,https://www.threads.com/@coco_x_pas/post/DXsvSgBDwGo,coco_x_pas/post/DXsvSgBDwGo
e_drive,E:\내꺼파스\threads_slow_report_0430_1258.xlsx,https://www.threads.com/@coco_x_pas/post/DXsy-fpj5vx,coco_x_pas/post/DXsy-fpj5vx
e_drive,E:\내꺼파스\threads_slow_report_0430_1258.xlsx,https://www.threads.com/@coco_x_pas/post/DXszivJj1d9,coco_x_pas/post/DXszivJj1d9
e_drive,E:\내꺼파스\threads_slow_report_0430_1258.xlsx,https://www.threads.com/@coco_x_pas/post/DXszxAdj1UC,coco_x_pas/post/DXszxAdj1UC
e_drive,E:\내꺼파스\threads_slow_report_0430_1258.xlsx,https://www.threads.com/@coco_x_pas/post/DXu07YmE69e,coco_x_pas/post/DXu07YmE69e
e_drive,E:\내꺼파스\threads_slow_report_0430_1258.xlsx,https://www.threads.com/@coco_x_pas/post/DXu0dJAE05g,coco_x_pas/post/DXu0dJAE05g
e_drive,E:\내꺼파스\threads_slow_report_0430_1258.xlsx,https://www.threads.com/@coco_x_pas/post/DXu0rZHk2J5,coco_x_pas/post/DXu0rZHk2J5
e_drive,E:\내꺼파스\threads_slow_report_0430_1258.xlsx,https://www.threads.com/@coco_x_pas/post/DXu1j-KDBqD,coco_x_pas/post/DXu1j-KDBqD
e_drive,E:\내꺼파스\threads_slow_report_0430_1258.xlsx,https://www.threads.com/@coco_x_pas/post/DXu250miiZ_,coco_x_pas/post/DXu250miiZ_
e_drive,E:\내꺼파스\threads_slow_report_0430_1258.xlsx,https://www.threads.com/@coco_x_pas/post/DXu2Kklk-ts,coco_x_pas/post/DXu2Kklk-ts
e_drive,E:\내꺼파스\threads_slow_report_0430_1258.xlsx,https://www.threads.com/@coco_x_pas/post/DXu2oW4FPOM,coco_x_pas/post/DXu2oW4FPOM
e_drive,E:\내꺼파스\threads_slow_report_0430_1258.xlsx,https://www.threads.com/@coco_x_pas/post/DXu3cH0kkDM,coco_x_pas/post/DXu3cH0kkDM
e_drive,E:\내꺼파스\threads_slow_report_0430_1258.xlsx,https://www.threads.com/@coco_x_pas/post/DXutoSsE1nO,coco_x_pas/post/DXutoSsE1nO
e_drive,E:\내꺼파스\threads_slow_report_0430_1258.xlsx,https://www.threads.com/@coco_x_pas/post/DXuuU9ck4tK,coco_x_pas/post/DXuuU9ck4tK
e_drive,E:\내꺼파스\threads_slow_report_0430_1258.xlsx,https://www.threads.com/@coco_x_pas/post/DXuupf6k-sW,coco_x_pas/post/DXuupf6k-sW
e_drive,E:\내꺼파스\threads_slow_report_0430_1258.xlsx,https://www.threads.com/@coco_x_pas/post/DXuvR5zDmlV,coco_x_pas/post/DXuvR5zDmlV
e_drive,E:\내꺼파스\threads_slow_report_0430_1258.xlsx,https://www.threads.com/@coco_x_pas/post/DXuvlPxgEkc,coco_x_pas/post/DXuvlPxgEkc
e_drive,E:\내꺼파스\threads_slow_report_0430_1258.xlsx,https://www.threads.com/@coco_x_pas/post/DXuwI7lE6Zo,coco_x_pas/post/DXuwI7lE6Zo
e_drive,E:\내꺼파스\threads_slow_report_0430_1258.xlsx,https://www.threads.com/@coco_x_pas/post/DXuwjevAGMO,coco_x_pas/post/DXuwjevAGMO
e_drive,E:\내꺼파스\threads_slow_report_0430_1258.xlsx,https://www.threads.com/@coco_x_pas/post/DXuwrJugHU_,coco_x_pas/post/DXuwrJugHU_
e_drive,E:\내꺼파스\threads_slow_report_0430_1258.xlsx,https://www.threads.com/@coco_x_pas/post/DXux1ksE2Dv,coco_x_pas/post/DXux1ksE2Dv
e_drive,E:\내꺼파스\threads_slow_report_0430_1258.xlsx,https://www.threads.com/@coco_x_pas/post/DXux9eCk7K2,coco_x_pas/post/DXux9eCk7K2
e_drive,E:\내꺼파스\threads_slow_report_0430_1258.xlsx,https://www.threads.com/@coco_x_pas/post/DXuy0WvExS2,coco_x_pas/post/DXuy0WvExS2
e_drive,E:\내꺼파스\threads_slow_report_0430_1258.xlsx,https://www.threads.com/@coco_x_pas/post/DXuyYjTk57-,coco_x_pas/post/DXuyYjTk57-
e_drive,E:\내꺼파스\threads_slow_report_0430_1258.xlsx,https://www.threads.com/@coco_x_pas/post/DXuzZrCFPaM,coco_x_pas/post/DXuzZrCFPaM
e_drive,E:\내꺼파스\threads_slow_report_0430_1258.xlsx,https://www.threads.com/@coco_x_pas/post/DXuz__9kzqt,coco_x_pas/post/DXuz__9kzqt
e_drive,E:\삭제예정\threads_slow_report_0429_1740.xlsx,https://www.threads.com/@coco_x_pas/post/DXGC-0oj4qN,coco_x_pas/post/DXGC-0oj4qN
e_drive,E:\삭제예정\threads_slow_report_0429_1740.xlsx,https://www.threads.com/@coco_x_pas/post/DXH2CorFdU8,coco_x_pas/post/DXH2CorFdU8
e_drive,E:\삭제예정\threads_slow_report_0429_1740.xlsx,https://www.threads.com/@coco_x_pas/post/DXH3BmDExzH,coco_x_pas/post/DXH3BmDExzH
e_drive,E:\삭제예정\threads_slow_report_0429_1740.xlsx,https://www.threads.com/@coco_x_pas/post/DXH4DjziXe2,coco_x_pas/post/DXH4DjziXe2
e_drive,E:\삭제예정\threads_slow_report_0429_1740.xlsx,https://www.threads.com/@coco_x_pas/post/DXH5Jc3E9EZ,coco_x_pas/post/DXH5Jc3E9EZ
e_drive,E:\삭제예정\threads_slow_report_0429_1740.xlsx,https://www.threads.com/@coco_x_pas/post/DXHlVEWjzSS,coco_x_pas/post/DXHlVEWjzSS
e_drive,E:\삭제예정\threads_slow_report_0429_1740.xlsx,https://www.threads.com/@coco_x_pas/post/DXHmnygDwl1,coco_x_pas/post/DXHmnygDwl1
e_drive,E:\삭제예정\threads_slow_report_0429_1740.xlsx,https://www.threads.com/@coco_x_pas/post/DXHpyZgD1P2,coco_x_pas/post/DXHpyZgD1P2
e_drive,E:\삭제예정\threads_slow_report_0429_1740.xlsx,https://www.threads.com/@coco_x_pas/post/DXHvD8LD5F2,coco_x_pas/post/DXHvD8LD5F2
e_drive,E:\삭제예정\threads_slow_report_0429_1740.xlsx,https://www.threads.com/@coco_x_pas/post/DXHwwz3gq6o,coco_x_pas/post/DXHwwz3gq6o
e_drive,E:\삭제예정\threads_slow_report_0429_1740.xlsx,https://www.threads.com/@coco_x_pas/post/DXHyh46FcaE,coco_x_pas/post/DXHyh46FcaE
e_drive,E:\삭제예정\threads_slow_report_0429_1740.xlsx,https://www.threads.com/@coco_x_pas/post/DXLaGwBDmHM,coco_x_pas/post/DXLaGwBDmHM
e_drive,E:\삭제예정\threads_slow_report_0429_1740.xlsx,https://www.threads.com/@coco_x_pas/post/DXLbQ7Hj190,coco_x_pas/post/DXLbQ7Hj190
e_drive,E:\삭제예정\threads_slow_report_0429_1740.xlsx,https://www.threads.com/@coco_x_pas/post/DXLcWcHoOua,coco_x_pas/post/DXLcWcHoOua
e_drive,E:\삭제예정\threads_slow_report_0429_1740.xlsx,https://www.threads.com/@coco_x_pas/post/DXLdW27jyEk,coco_x_pas/post/DXLdW27jyEk
e_drive,E:\삭제예정\threads_slow_report_0429_1740.xlsx,https://www.threads.com/@coco_x_pas/post/DXLelrXjqCo,coco_x_pas/post/DXLelrXjqCo
e_drive,E:\삭제예정\threads_slow_report_0429_1740.xlsx,https://www.threads.com/@coco_x_pas/post/DXLfxY9EtRx,coco_x_pas/post/DXLfxY9EtRx
e_drive,E:\삭제예정\threads_slow_report_0429_1740.xlsx,https://www.threads.com/@coco_x_pas/post/DXLg4vND-ln,coco_x_pas/post/DXLg4vND-ln
e_drive,E:\삭제예정\threads_slow_report_0429_1740.xlsx,https://www.threads.com/@coco_x_pas/post/DXLiO32gsmK,coco_x_pas/post/DXLiO32gsmK
e_drive,E:\삭제예정\threads_slow_report_0429_1740.xlsx,https://www.threads.com/@coco_x_pas/post/DXLjSlpD2lM,coco_x_pas/post/DXLjSlpD2lM
e_drive,E:\삭제예정\threads_slow_report_0429_1740.xlsx,https://www.threads.com/@coco_x_pas/post/DXLkrD9Aq8a,coco_x_pas/post/DXLkrD9Aq8a
e_drive,E:\삭제예정\threads_slow_report_0429_1740.xlsx,https://www.threads.com/@coco_x_pas/post/DXN-6CejzFE,coco_x_pas/post/DXN-6CejzFE
e_drive,E:\삭제예정\threads_slow_report_0429_1740.xlsx,https://www.threads.com/@coco_x_pas/post/DXN2mY0FQDs,coco_x_pas/post/DXN2mY0FQDs
e_drive,E:\삭제예정\threads_slow_report_0429_1740.xlsx,https://www.threads.com/@coco_x_pas/post/DXN4wn6FPBH,coco_x_pas/post/DXN4wn6FPBH
e_drive,E:\삭제예정\threads_slow_report_0429_1740.xlsx,https://www.threads.com/@coco_x_pas/post/DXN51ONj68E,coco_x_pas/post/DXN51ONj68E
e_drive,E:\삭제예정\threads_slow_report_0429_1740.xlsx,https://www.threads.com/@coco_x_pas/post/DXN7Lgkj1Lq,coco_x_pas/post/DXN7Lgkj1Lq
e_drive,E:\삭제예정\threads_slow_report_0429_1740.xlsx,https://www.threads.com/@coco_x_pas/post/DXN8Xr3jyiu,coco_x_pas/post/DXN8Xr3jyiu
e_drive,E:\삭제예정\threads_slow_report_0429_1740.xlsx,https://www.threads.com/@coco_x_pas/post/DXOAMrcD35D,coco_x_pas/post/DXOAMrcD35D
e_drive,E:\삭제예정\threads_slow_report_0429_1740.xlsx,https://www.threads.com/@coco_x_pas/post/DXOBQIBkgvF,coco_x_pas/post/DXOBQIBkgvF
e_drive,E:\삭제예정\threads_slow_report_0429_1740.xlsx,https://www.threads.com/@coco_x_pas/post/DXOEYvXAciF,coco_x_pas/post/DXOEYvXAciF
e_drive,E:\삭제예정\threads_slow_report_0429_1740.xlsx,https://www.threads.com/@coco_x_pas/post/DXOF8OpDxle,coco_x_pas/post/DXOF8OpDxle
e_drive,E:\삭제예정\threads_slow_report_0429_1740.xlsx,https://www.threads.com/@coco_x_pas/post/DXQ-AyWD40D,coco_x_pas/post/DXQ-AyWD40D
e_drive,E:\삭제예정\threads_slow_report_0429_1740.xlsx,https://www.threads.com/@coco_x_pas/post/DXQ9APEAOIO,coco_x_pas/post/DXQ9APEAOIO
e_drive,E:\삭제예정\threads_slow_report_0429_1740.xlsx,https://www.threads.com/@coco_x_pas/post/DXRLIGvj2dD,coco_x_pas/post/DXRLIGvj2dD
e_drive,E:\삭제예정\threads_slow_report_0429_1740.xlsx,https://www.threads.com/@coco_x_pas/post/DXRMMnqFBCS,coco_x_pas/post/DXRMMnqFBCS
e_drive,E:\삭제예정\threads_slow_report_0429_1740.xlsx,https://www.threads.com/@coco_x_pas/post/DXRNLhhD18p,coco_x_pas/post/DXRNLhhD18p
e_drive,E:\삭제예정\threads_slow_report_0429_1740.xlsx,https://www.threads.com/@coco_x_pas/post/DXbHIYvk9Nt,coco_x_pas/post/DXbHIYvk9Nt
e_drive,E:\삭제예정\threads_slow_report_0429_1740.xlsx,https://www.threads.com/@coco_x_pas/post/DXbIR6kE3HU,coco_x_pas/post/DXbIR6kE3HU
e_drive,E:\삭제예정\threads_slow_report_0429_1740.xlsx,https://www.threads.com/@coco_x_pas/post/DXbJLzWk4A5,coco_x_pas/post/DXbJLzWk4A5
e_drive,E:\삭제예정\threads_slow_report_0429_1740.xlsx,https://www.threads.com/@coco_x_pas/post/DXc2CwpEy73,coco_x_pas/post/DXc2CwpEy73
e_drive,E:\삭제예정\threads_slow_report_0429_1740.xlsx,https://www.threads.com/@coco_x_pas/post/DXc3MCmEhvr,coco_x_pas/post/DXc3MCmEhvr
e_drive,E:\삭제예정\threads_slow_report_0429_1740.xlsx,https://www.threads.com/@coco_x_pas/post/DXc4ZoUEsRh,coco_x_pas/post/DXc4ZoUEsRh
e_drive,E:\삭제예정\threads_slow_report_0429_1740.xlsx,https://www.threads.com/@coco_x_pas/post/DXc6RDQjyek,coco_x_pas/post/DXc6RDQjyek
e_drive,E:\삭제예정\threads_slow_report_0429_1740.xlsx,https://www.threads.com/@coco_x_pas/post/DXc7wK4GRYF,coco_x_pas/post/DXc7wK4GRYF
e_drive,E:\삭제예정\threads_slow_report_0429_1740.xlsx,https://www.threads.com/@coco_x_pas/post/DXc8sjSkk2W,coco_x_pas/post/DXc8sjSkk2W
e_drive,E:\삭제예정\threads_slow_report_0429_1740.xlsx,https://www.threads.com/@coco_x_pas/post/DXc_myUFN7l,coco_x_pas/post/DXc_myUFN7l
e_drive,E:\삭제예정\threads_slow_report_0429_1740.xlsx,https://www.threads.com/@coco_x_pas/post/DXcaSkjD79I,coco_x_pas/post/DXcaSkjD79I
e_drive,E:\삭제예정\threads_slow_report_0429_1740.xlsx,https://www.threads.com/@coco_x_pas/post/DXcbvjuEgDf,coco_x_pas/post/DXcbvjuEgDf
e_drive,E:\삭제예정\threads_slow_report_0429_1740.xlsx,https://www.threads.com/@coco_x_pas/post/DXcdYiPEvrp,coco_x_pas/post/DXcdYiPEvrp
e_drive,E:\삭제예정\threads_slow_report_0429_1740.xlsx,https://www.threads.com/@coco_x_pas/post/DXcecjTj0Xp,coco_x_pas/post/DXcecjTj0Xp
e_drive,E:\삭제예정\threads_slow_report_0429_1740.xlsx,https://www.threads.com/@coco_x_pas/post/DXcfveMklMe,coco_x_pas/post/DXcfveMklMe
e_drive,E:\삭제예정\threads_slow_report_0429_1740.xlsx,https://www.threads.com/@coco_x_pas/post/DXcg1L7FuWf,coco_x_pas/post/DXcg1L7FuWf
e_drive,E:\삭제예정\threads_slow_report_0429_1740.xlsx,https://www.threads.com/@coco_x_pas/post/DXciRrBjkos,coco_x_pas/post/DXciRrBjkos
e_drive,E:\삭제예정\threads_slow_report_0429_1740.xlsx,https://www.threads.com/@coco_x_pas/post/DXclSE1E5ib,coco_x_pas/post/DXclSE1E5ib
e_drive,E:\삭제예정\threads_slow_report_0429_1740.xlsx,https://www.threads.com/@coco_x_pas/post/DXcmxqJkSSb,coco_x_pas/post/DXcmxqJkSSb
e_drive,E:\삭제예정\threads_slow_report_0429_1740.xlsx,https://www.threads.com/@coco_x_pas/post/DXcoJAcE4m9,coco_x_pas/post/DXcoJAcE4m9
e_drive,E:\삭제예정\threads_slow_report_0429_1740.xlsx,https://www.threads.com/@coco_x_pas/post/DXcpW56k2sa,coco_x_pas/post/DXcpW56k2sa
e_drive,E:\삭제예정\threads_slow_report_0429_1740.xlsx,https://www.threads.com/@coco_x_pas/post/DXcq_91k-h3,coco_x_pas/post/DXcq_91k-h3
e_drive,E:\삭제예정\threads_slow_report_0429_1740.xlsx,https://www.threads.com/@coco_x_pas/post/DXcuxCsje1Z,coco_x_pas/post/DXcuxCsje1Z
e_drive,E:\삭제예정\threads_slow_report_0429_1740.xlsx,https://www.threads.com/@coco_x_pas/post/DXcwF8ukyH0,coco_x_pas/post/DXcwF8ukyH0
e_drive,E:\삭제예정\threads_slow_report_0429_1740.xlsx,https://www.threads.com/@coco_x_pas/post/DXcxULRjYyo,coco_x_pas/post/DXcxULRjYyo
e_drive,E:\삭제예정\threads_slow_report_0429_1740.xlsx,https://www.threads.com/@coco_x_pas/post/DXczoHuDJlg,coco_x_pas/post/DXczoHuDJlg
e_drive,E:\삭제예정\threads_slow_report_0429_1740.xlsx,https://www.threads.com/@coco_x_pas/post/DXdBnDaIJWM,coco_x_pas/post/DXdBnDaIJWM
e_drive,E:\삭제예정\threads_slow_report_0429_1740.xlsx,https://www.threads.com/@coco_x_pas/post/DXdCtuODg0-,coco_x_pas/post/DXdCtuODg0-
e_drive,E:\삭제예정\threads_slow_report_0429_1740.xlsx,https://www.threads.com/@coco_x_pas/post/DXdEF9YEiAo,coco_x_pas/post/DXdEF9YEiAo
e_drive,E:\삭제예정\threads_slow_report_0429_1740.xlsx,https://www.threads.com/@coco_x_pas/post/DXdG5K4k0py,coco_x_pas/post/DXdG5K4k0py
e_drive,E:\삭제예정\threads_slow_report_0429_1740.xlsx,https://www.threads.com/@coco_x_pas/post/DXe-jqVgsVw,coco_x_pas/post/DXe-jqVgsVw
e_drive,E:\삭제예정\threads_slow_report_0429_1740.xlsx,https://www.threads.com/@coco_x_pas/post/DXe7tUyD0XS,coco_x_pas/post/DXe7tUyD0XS
e_drive,E:\삭제예정\threads_slow_report_0429_1740.xlsx,https://www.threads.com/@coco_x_pas/post/DXe9ewSkxGu,coco_x_pas/post/DXe9ewSkxGu
e_drive,E:\삭제예정\threads_slow_report_0429_1740.xlsx,https://www.threads.com/@coco_x_pas/post/DXezuAok489,coco_x_pas/post/DXezuAok489
e_drive,E:\삭제예정\threads_slow_report_0429_1740.xlsx,https://www.threads.com/@coco_x_pas/post/DXfADAGkn3W,coco_x_pas/post/DXfADAGkn3W
e_drive,E:\삭제예정\threads_slow_report_0429_1740.xlsx,https://www.threads.com/@coco_x_pas/post/DXfCyiLE-wn,coco_x_pas/post/DXfCyiLE-wn
e_drive,E:\삭제예정\threads_slow_report_0429_1740.xlsx,https://www.threads.com/@coco_x_pas/post/DXfD8aJE4I0,coco_x_pas/post/DXfD8aJE4I0
e_drive,E:\삭제예정\threads_slow_report_0429_1740.xlsx,https://www.threads.com/@coco_x_pas/post/DXfFQdikzbP,coco_x_pas/post/DXfFQdikzbP
e_drive,E:\삭제예정\threads_slow_report_0429_1740.xlsx,https://www.threads.com/@coco_x_pas/post/DXfHj3Tijai,coco_x_pas/post/DXfHj3Tijai
e_drive,E:\삭제예정\threads_slow_report_0429_1740.xlsx,https://www.threads.com/@coco_x_pas/post/DXfIomNk4J9,coco_x_pas/post/DXfIomNk4J9
e_drive,E:\삭제예정\threads_slow_report_0429_1740.xlsx,https://www.threads.com/@coco_x_pas/post/DXfKcElEQGJ,coco_x_pas/post/DXfKcElEQGJ
e_drive,E:\삭제예정\threads_slow_report_0429_1740.xlsx,https://www.threads.com/@coco_x_pas/post/DXfN-MUDZq8,coco_x_pas/post/DXfN-MUDZq8
e_drive,E:\삭제예정\threads_slow_report_0429_1740.xlsx,https://www.threads.com/@coco_x_pas/post/DXfQ0IDCHW7,coco_x_pas/post/DXfQ0IDCHW7
e_drive,E:\삭제예정\threads_slow_report_0429_1740.xlsx,https://www.threads.com/@coco_x_pas/post/DXfSDiGCkMY,coco_x_pas/post/DXfSDiGCkMY
e_drive,E:\삭제예정\threads_slow_report_0429_1740.xlsx,https://www.threads.com/@coco_x_pas/post/DXfTkSIkz7P,coco_x_pas/post/DXfTkSIkz7P
e_drive,E:\삭제예정\threads_slow_report_0429_1740.xlsx,https://www.threads.com/@coco_x_pas/post/DXfWpn6Ge9w,coco_x_pas/post/DXfWpn6Ge9w
e_drive,E:\삭제예정\threads_slow_report_0429_1740.xlsx,https://www.threads.com/@coco_x_pas/post/DXfX8wbE_l7,coco_x_pas/post/DXfX8wbE_l7
e_drive,E:\삭제예정\threads_slow_report_0429_1740.xlsx,https://www.threads.com/@coco_x_pas/post/DXfZVLlk3HY,coco_x_pas/post/DXfZVLlk3HY
e_drive,E:\삭제예정\threads_slow_report_0429_1740.xlsx,https://www.threads.com/@coco_x_pas/post/DXfaWKIE-2o,coco_x_pas/post/DXfaWKIE-2o
e_drive,E:\삭제예정\threads_slow_report_0429_1740.xlsx,https://www.threads.com/@coco_x_pas/post/DXfbZaZk_Mo,coco_x_pas/post/DXfbZaZk_Mo
e_drive,E:\삭제예정\threads_slow_report_0429_1740.xlsx,https://www.threads.com/@coco_x_pas/post/DXfd58KlOcY,coco_x_pas/post/DXfd58KlOcY
e_drive,E:\삭제예정\threads_slow_report_0429_1740.xlsx,https://www.threads.com/@coco_x_pas/post/DXffHHJk5_k,coco_x_pas/post/DXffHHJk5_k
e_drive,E:\삭제예정\threads_slow_report_0429_1740.xlsx,https://www.threads.com/@coco_x_pas/post/DXfgY6Pkapx,coco_x_pas/post/DXfgY6Pkapx
e_drive,E:\삭제예정\threads_slow_report_0429_1740.xlsx,https://www.threads.com/@coco_x_pas/post/DXfiHiak0-l,coco_x_pas/post/DXfiHiak0-l
e_drive,E:\삭제예정\threads_slow_report_0429_1740.xlsx,https://www.threads.com/@coco_x_pas/post/DXfjXs9E4hz,coco_x_pas/post/DXfjXs9E4hz
e_drive,E:\삭제예정\threads_slow_report_0429_1740.xlsx,https://www.threads.com/@coco_x_pas/post/DXfmcBsE4oF,coco_x_pas/post/DXfmcBsE4oF
e_drive,E:\삭제예정\threads_slow_report_0429_1740.xlsx,https://www.threads.com/@coco_x_pas/post/DXfn_rODOLJ,coco_x_pas/post/DXfn_rODOLJ
e_drive,E:\삭제예정\threads_slow_report_0429_1740.xlsx,https://www.threads.com/@coco_x_pas/post/DXfpLyfgE9r,coco_x_pas/post/DXfpLyfgE9r
e_drive,E:\삭제예정\threads_slow_report_0429_1740.xlsx,https://www.threads.com/@coco_x_pas/post/DXfrBw7E76C,coco_x_pas/post/DXfrBw7E76C
e_drive,E:\삭제예정\threads_slow_report_0429_1740.xlsx,https://www.threads.com/@coco_x_pas/post/DXh13YgiZYw,coco_x_pas/post/DXh13YgiZYw
e_drive,E:\삭제예정\threads_slow_report_0429_1740.xlsx,https://www.threads.com/@coco_x_pas/post/DXh3n_ljuqn,coco_x_pas/post/DXh3n_ljuqn
e_drive,E:\삭제예정\threads_slow_report_0429_1740.xlsx,https://www.threads.com/@coco_x_pas/post/DXhOZ1xknVs,coco_x_pas/post/DXhOZ1xknVs
e_drive,E:\삭제예정\threads_slow_report_0429_1740.xlsx,https://www.threads.com/@coco_x_pas/post/DXhPh3PEi6K,coco_x_pas/post/DXhPh3PEi6K
e_drive,E:\삭제예정\threads_slow_report_0429_1740.xlsx,https://www.threads.com/@coco_x_pas/post/DXhQ5LGkpPY,coco_x_pas/post/DXhQ5LGkpPY
e_drive,E:\삭제예정\threads_slow_report_0429_1740.xlsx,https://www.threads.com/@coco_x_pas/post/DXhSFPXkklt,coco_x_pas/post/DXhSFPXkklt
e_drive,E:\삭제예정\threads_slow_report_0429_1740.xlsx,https://www.threads.com/@coco_x_pas/post/DXhTR_ykhS6,coco_x_pas/post/DXhTR_ykhS6
e_drive,E:\삭제예정\threads_slow_report_0429_1740.xlsx,https://www.threads.com/@coco_x_pas/post/DXhX4tjlOtV,coco_x_pas/post/DXhX4tjlOtV
e_drive,E:\삭제예정\threads_slow_report_0429_1740.xlsx,https://www.threads.com/@coco_x_pas/post/DXhZEaSCm7A,coco_x_pas/post/DXhZEaSCm7A
e_drive,E:\삭제예정\threads_slow_report_0429_1740.xlsx,https://www.threads.com/@coco_x_pas/post/DXhaVMoCnSg,coco_x_pas/post/DXhaVMoCnSg
e_drive,E:\삭제예정\threads_slow_report_0429_1740.xlsx,https://www.threads.com/@coco_x_pas/post/DXhbs89Ek-Q,coco_x_pas/post/DXhbs89Ek-Q
e_drive,E:\삭제예정\threads_slow_report_0429_1740.xlsx,https://www.threads.com/@coco_x_pas/post/DXhdAfTkhMt,coco_x_pas/post/DXhdAfTkhMt
e_drive,E:\삭제예정\threads_slow_report_0429_1740.xlsx,https://www.threads.com/@coco_x_pas/post/DXhfEI3nx_r,coco_x_pas/post/DXhfEI3nx_r
e_drive,E:\삭제예정\threads_slow_report_0429_1740.xlsx,https://www.threads.com/@coco_x_pas/post/DXhg2YVEpWj,coco_x_pas/post/DXhg2YVEpWj
e_drive,E:\삭제예정\threads_slow_report_0429_1740.xlsx,https://www.threads.com/@coco_x_pas/post/DXhiAEfkky3,coco_x_pas/post/DXhiAEfkky3
e_drive,E:\삭제예정\threads_slow_report_0429_1740.xlsx,https://www.threads.com/@coco_x_pas/post/DXhjVczEkOk,coco_x_pas/post/DXhjVczEkOk
e_drive,E:\삭제예정\threads_slow_report_0429_1740.xlsx,https://www.threads.com/@coco_x_pas/post/DXhmjXwDYmG,coco_x_pas/post/DXhmjXwDYmG
e_drive,E:\삭제예정\threads_slow_report_0429_1740.xlsx,https://www.threads.com/@coco_x_pas/post/DXhn_RJDWgj,coco_x_pas/post/DXhn_RJDWgj
e_drive,E:\삭제예정\threads_slow_report_0429_1740.xlsx,https://www.threads.com/@coco_x_pas/post/DXhpEG_FKYf,coco_x_pas/post/DXhpEG_FKYf
e_drive,E:\삭제예정\threads_slow_report_0429_1740.xlsx,https://www.threads.com/@coco_x_pas/post/DXhsGfGkWDo,coco_x_pas/post/DXhsGfGkWDo
e_drive,E:\삭제예정\threads_slow_report_0429_1740.xlsx,https://www.threads.com/@coco_x_pas/post/DXhuZA1EvFO,coco_x_pas/post/DXhuZA1EvFO
e_drive,E:\삭제예정\threads_slow_report_0429_1740.xlsx,https://www.threads.com/@coco_x_pas/post/DXhwDYyEiV9,coco_x_pas/post/DXhwDYyEiV9
e_drive,E:\삭제예정\threads_slow_report_0429_1740.xlsx,https://www.threads.com/@coco_x_pas/post/DXhxSrAEgNR,coco_x_pas/post/DXhxSrAEgNR
e_drive,E:\삭제예정\threads_slow_report_0429_1740.xlsx,https://www.threads.com/@coco_x_pas/post/DXhyk6Ukt7f,coco_x_pas/post/DXhyk6Ukt7f
e_drive,E:\삭제예정\threads_slow_report_0429_1740.xlsx,https://www.threads.com/@coco_x_pas/post/DXhzrPekgua,coco_x_pas/post/DXhzrPekgua
e_drive,E:\삭제예정\threads_slow_report_0429_1740.xlsx,https://www.threads.com/@coco_x_pas/post/DXimbcvE-OD,coco_x_pas/post/DXimbcvE-OD
e_drive,E:\삭제예정\threads_slow_report_0429_1740.xlsx,https://www.threads.com/@coco_x_pas/post/DXioBiOEjmt,coco_x_pas/post/DXioBiOEjmt
e_drive,E:\삭제예정\threads_slow_report_0429_1740.xlsx,https://www.threads.com/@coco_x_pas/post/DXipn6-EqOL,coco_x_pas/post/DXipn6-EqOL
e_drive,E:\삭제예정\threads_slow_report_0429_1740.xlsx,https://www.threads.com/@coco_x_pas/post/DXirZPgEj8S,coco_x_pas/post/DXirZPgEj8S
e_drive,E:\삭제예정\threads_slow_report_0429_1740.xlsx,https://www.threads.com/@coco_x_pas/post/DXistgpktF3,coco_x_pas/post/DXistgpktF3
e_drive,E:\삭제예정\threads_slow_report_0429_1740.xlsx,https://www.threads.com/@coco_x_pas/post/DXiwKf5krGa,coco_x_pas/post/DXiwKf5krGa
e_drive,E:\삭제예정\threads_slow_report_0429_1740.xlsx,https://www.threads.com/@coco_x_pas/post/DXmkqHfDJ-K,coco_x_pas/post/DXmkqHfDJ-K
e_drive,E:\삭제예정\threads_slow_report_0429_1740.xlsx,https://www.threads.com/@coco_x_pas/post/DXml2Juj8j_,coco_x_pas/post/DXml2Juj8j_
e_drive,E:\삭제예정\threads_slow_report_0429_1740.xlsx,https://www.threads.com/@coco_x_pas/post/DXmnhn6Dczk,coco_x_pas/post/DXmnhn6Dczk
e_drive,E:\삭제예정\threads_slow_report_0429_1740.xlsx,https://www.threads.com/@coco_x_pas/post/DXmowH4Dxu_,coco_x_pas/post/DXmowH4Dxu_
e_drive,E:\삭제예정\threads_slow_report_0429_1740.xlsx,https://www.threads.com/@coco_x_pas/post/DXmqGg1Dz3O,coco_x_pas/post/DXmqGg1Dz3O
e_drive,E:\삭제예정\threads_slow_report_0429_1740.xlsx,https://www.threads.com/@coco_x_pas/post/DXo-TjPkeEq,coco_x_pas/post/DXo-TjPkeEq
e_drive,E:\삭제예정\threads_slow_report_0429_1740.xlsx,https://www.threads.com/@coco_x_pas/post/DXo6ncGj48g,coco_x_pas/post/DXo6ncGj48g
e_drive,E:\삭제예정\threads_slow_report_0429_1740.xlsx,https://www.threads.com/@coco_x_pas/post/DXo74P-jwRW,coco_x_pas/post/DXo74P-jwRW
e_drive,E:\삭제예정\threads_slow_report_0429_1740.xlsx,https://www.threads.com/@coco_x_pas/post/DXo9J0dj1b1,coco_x_pas/post/DXo9J0dj1b1
e_drive,E:\삭제예정\threads_slow_report_0429_1740.xlsx,https://www.threads.com/@coco_x_pas/post/DXovZXUj1uz,coco_x_pas/post/DXovZXUj1uz
e_drive,E:\삭제예정\threads_slow_report_0429_1740.xlsx,https://www.threads.com/@coco_x_pas/post/DXow3AfgY4L,coco_x_pas/post/DXow3AfgY4L
e_drive,E:\삭제예정\threads_slow_report_0429_1740.xlsx,https://www.threads.com/@coco_x_pas/post/DXp2CaoHwa7,coco_x_pas/post/DXp2CaoHwa7
e_drive,E:\삭제예정\threads_slow_report_0429_1740.xlsx,https://www.threads.com/@coco_x_pas/post/DXp3CDhE4Jn,coco_x_pas/post/DXp3CDhE4Jn
e_drive,E:\삭제예정\threads_slow_report_0429_1740.xlsx,https://www.threads.com/@coco_x_pas/post/DXp4NZmoFjb,coco_x_pas/post/DXp4NZmoFjb
e_drive,E:\삭제예정\threads_slow_report_0429_1740.xlsx,https://www.threads.com/@coco_x_pas/post/DXp52YUk_Ta,coco_x_pas/post/DXp52YUk_Ta
e_drive,E:\삭제예정\threads_slow_report_0429_1740.xlsx,https://www.threads.com/@coco_x_pas/post/DXp7sUBjG6E,coco_x_pas/post/DXp7sUBjG6E
e_drive,E:\삭제예정\threads_slow_report_0429_1740.xlsx,https://www.threads.com/@coco_x_pas/post/DXpAD37Enf1,coco_x_pas/post/DXpAD37Enf1
e_drive,E:\삭제예정\threads_slow_report_0429_1740.xlsx,https://www.threads.com/@coco_x_pas/post/DXpBfy_DMn9,coco_x_pas/post/DXpBfy_DMn9
e_drive,E:\삭제예정\threads_slow_report_0429_1740.xlsx,https://www.threads.com/@coco_x_pas/post/DXpHfjkFRS-,coco_x_pas/post/DXpHfjkFRS-
e_drive,E:\삭제예정\threads_slow_report_0429_1740.xlsx,https://www.threads.com/@coco_x_pas/post/DXpIn-njyvQ,coco_x_pas/post/DXpIn-njyvQ
e_drive,E:\삭제예정\threads_slow_report_0429_1740.xlsx,https://www.threads.com/@coco_x_pas/post/DXpJio0j89n,coco_x_pas/post/DXpJio0j89n
e_drive,E:\삭제예정\threads_slow_report_0429_1740.xlsx,https://www.threads.com/@coco_x_pas/post/DXpK2ZeEVsH,coco_x_pas/post/DXpK2ZeEVsH
e_drive,E:\삭제예정\threads_slow_report_0429_1740.xlsx,https://www.threads.com/@coco_x_pas/post/DXpL7kuDWV4,coco_x_pas/post/DXpL7kuDWV4
e_drive,E:\삭제예정\threads_slow_report_0429_1740.xlsx,https://www.threads.com/@coco_x_pas/post/DXpOGW7DyNw,coco_x_pas/post/DXpOGW7DyNw
e_drive,E:\삭제예정\threads_slow_report_0429_1740.xlsx,https://www.threads.com/@coco_x_pas/post/DXplXmyk1Pd,coco_x_pas/post/DXplXmyk1Pd
e_drive,E:\삭제예정\threads_slow_report_0429_1740.xlsx,https://www.threads.com/@coco_x_pas/post/DXpmcStk-sZ,coco_x_pas/post/DXpmcStk-sZ
e_drive,E:\삭제예정\threads_slow_report_0429_1740.xlsx,https://www.threads.com/@coco_x_pas/post/DXpnqNSkz-7,coco_x_pas/post/DXpnqNSkz-7
e_drive,E:\삭제예정\threads_slow_report_0429_1740.xlsx,https://www.threads.com/@coco_x_pas/post/DXpoz4NE3fo,coco_x_pas/post/DXpoz4NE3fo
e_drive,E:\삭제예정\threads_slow_report_0429_1740.xlsx,https://www.threads.com/@coco_x_pas/post/DXpqK4sEw3p,coco_x_pas/post/DXpqK4sEw3p
e_drive,E:\삭제예정\threads_slow_report_0429_1740.xlsx,https://www.threads.com/@coco_x_pas/post/DXprWrIE0eW,coco_x_pas/post/DXprWrIE0eW
e_drive,E:\삭제예정\threads_slow_report_0429_1740.xlsx,https://www.threads.com/@coco_x_pas/post/DXptvhHiQO6,coco_x_pas/post/DXptvhHiQO6
e_drive,E:\삭제예정\threads_slow_report_0429_1740.xlsx,https://www.threads.com/@coco_x_pas/post/DXpvOpNk8uD,coco_x_pas/post/DXpvOpNk8uD
e_drive,E:\삭제예정\threads_slow_report_0429_1740.xlsx,https://www.threads.com/@coco_x_pas/post/DXpwm3NE5L5,coco_x_pas/post/DXpwm3NE5L5
e_drive,E:\삭제예정\threads_slow_report_0429_1740.xlsx,https://www.threads.com/@coco_x_pas/post/DXpxoT2kzt6,coco_x_pas/post/DXpxoT2kzt6
e_drive,E:\삭제예정\threads_slow_report_0429_1740.xlsx,https://www.threads.com/@coco_x_pas/post/DXpy7YkE1UM,coco_x_pas/post/DXpy7YkE1UM
e_drive,E:\삭제예정\threads_slow_report_0429_1740.xlsx,https://www.threads.com/@coco_x_pas/post/DXs1rD2j9gC,coco_x_pas/post/DXs1rD2j9gC
e_drive,E:\삭제예정\threads_slow_report_0429_1740.xlsx,https://www.threads.com/@coco_x_pas/post/DXsnoXQGlAL,coco_x_pas/post/DXsnoXQGlAL
e_drive,E:\삭제예정\threads_slow_report_0429_1740.xlsx,https://www.threads.com/@coco_x_pas/post/DXsodLAAXAn,coco_x_pas/post/DXsodLAAXAn
e_drive,E:\삭제예정\threads_slow_report_0429_1740.xlsx,https://www.threads.com/@coco_x_pas/post/DXsoy0AD8nd,coco_x_pas/post/DXsoy0AD8nd
e_drive,E:\삭제예정\threads_slow_report_0429_1740.xlsx,https://www.threads.com/@coco_x_pas/post/DXsp-hjABOw,coco_x_pas/post/DXsp-hjABOw
e_drive,E:\삭제예정\threads_slow_report_0429_1740.xlsx,https://www.threads.com/@coco_x_pas/post/DXspLXiD5oU,coco_x_pas/post/DXspLXiD5oU
e_drive,E:\삭제예정\threads_slow_report_0429_1740.xlsx,https://www.threads.com/@coco_x_pas/post/DXspT_JD41Q,coco_x_pas/post/DXspT_JD41Q
e_drive,E:\삭제예정\threads_slow_report_0429_1740.xlsx,https://www.threads.com/@coco_x_pas/post/DXsqUZtj69h,coco_x_pas/post/DXsqUZtj69h
e_drive,E:\삭제예정\threads_slow_report_0429_1740.xlsx,https://www.threads.com/@coco_x_pas/post/DXsqypbiehC,coco_x_pas/post/DXsqypbiehC
e_drive,E:\삭제예정\threads_slow_report_0429_1740.xlsx,https://www.threads.com/@coco_x_pas/post/DXsrcoKj645,coco_x_pas/post/DXsrcoKj645
e_drive,E:\삭제예정\threads_slow_report_0429_1740.xlsx,https://www.threads.com/@coco_x_pas/post/DXsrl9bj44x,coco_x_pas/post/DXsrl9bj44x
e_drive,E:\삭제예정\threads_slow_report_0429_1740.xlsx,https://www.threads.com/@coco_x_pas/post/DXss5Utj1Y4,coco_x_pas/post/DXss5Utj1Y4
e_drive,E:\삭제예정\threads_slow_report_0429_1740.xlsx,https://www.threads.com/@coco_x_pas/post/DXssYxsDwi_,coco_x_pas/post/DXssYxsDwi_
e_drive,E:\삭제예정\threads_slow_report_0429_1740.xlsx,https://www.threads.com/@coco_x_pas/post/DXsspt0D9O7,coco_x_pas/post/DXsspt0D9O7
e_drive,E:\삭제예정\threads_slow_report_0429_1740.xlsx,https://www.threads.com/@coco_x_pas/post/DXstSJ6D1Fh,coco_x_pas/post/DXstSJ6D1Fh
e_drive,E:\삭제예정\threads_slow_report_0429_1740.xlsx,https://www.threads.com/@coco_x_pas/post/DXsvSgBDwGo,coco_x_pas/post/DXsvSgBDwGo
e_drive,E:\삭제예정\threads_slow_report_0429_1740.xlsx,https://www.threads.com/@coco_x_pas/post/DXsy-fpj5vx,coco_x_pas/post/DXsy-fpj5vx
e_drive,E:\삭제예정\threads_slow_report_0429_1740.xlsx,https://www.threads.com/@coco_x_pas/post/DXszivJj1d9,coco_x_pas/post/DXszivJj1d9
e_drive,E:\삭제예정\threads_slow_report_0429_1740.xlsx,https://www.threads.com/@coco_x_pas/post/DXszxAdj1UC,coco_x_pas/post/DXszxAdj1UC
e_drive,E:\여기서 부터 엑셀추가안함\threads_live_report_0413_0314.xlsx,https://www.threads.com/@10yrskillcollector/post/DXCovD7Aasi,10yrskillcollector/post/DXCovD7Aasi
e_drive,E:\여기서 부터 엑셀추가안함\threads_live_report_0413_0314.xlsx,https://www.threads.com/@513marathoner/post/DXAsRUaFoZF,513marathoner/post/DXAsRUaFoZF
e_drive,E:\여기서 부터 엑셀추가안함\threads_live_report_0413_0314.xlsx,https://www.threads.com/@_dolphinmom/post/DXBLrdmE8Rm,_dolphinmom/post/DXBLrdmE8Rm
e_drive,E:\여기서 부터 엑셀추가안함\threads_live_report_0413_0314.xlsx,https://www.threads.com/@_home_atelier/post/DXAwVZNmL3T,_home_atelier/post/DXAwVZNmL3T
e_drive,E:\여기서 부터 엑셀추가안함\threads_live_report_0413_0314.xlsx,https://www.threads.com/@_motnani_/post/DXAtZyVD4bI,_motnani_/post/DXAtZyVD4bI
e_drive,E:\여기서 부터 엑셀추가안함\threads_live_report_0413_0314.xlsx,https://www.threads.com/@a.happy_dog/post/DXBkcudEV9d,a.happy_dog/post/DXBkcudEV9d
e_drive,E:\여기서 부터 엑셀추가안함\threads_live_report_0413_0314.xlsx,https://www.threads.com/@answer.doggy/post/DXAw-sOCnaa,answer.doggy/post/DXAw-sOCnaa
e_drive,E:\여기서 부터 엑셀추가안함\threads_live_report_0413_0314.xlsx,https://www.threads.com/@arch_dotori/post/DW93XXqk4SA,arch_dotori/post/DW93XXqk4SA
e_drive,E:\여기서 부터 엑셀추가안함\threads_live_report_0413_0314.xlsx,https://www.threads.com/@bestday.happy/post/DXAv0GxgUzb,bestday.happy/post/DXAv0GxgUzb
e_drive,E:\여기서 부터 엑셀추가안함\threads_live_report_0413_0314.xlsx,https://www.threads.com/@doye_onee/post/DXAnu9CjLcc,doye_onee/post/DXAnu9CjLcc
e_drive,E:\여기서 부터 엑셀추가안함\threads_live_report_0413_0314.xlsx,https://www.threads.com/@doye_onee/post/DXB_5niDESG,doye_onee/post/DXB_5niDESG
e_drive,E:\여기서 부터 엑셀추가안함\threads_live_report_0413_0314.xlsx,https://www.threads.com/@eni5481818/post/DXAm0CKku3j,eni5481818/post/DXAm0CKku3j
e_drive,E:\여기서 부터 엑셀추가안함\threads_live_report_0413_0314.xlsx,https://www.threads.com/@haejae_part1/post/DXA8JWikbpf,haejae_part1/post/DXA8JWikbpf
e_drive,E:\여기서 부터 엑셀추가안함\threads_live_report_0413_0314.xlsx,https://www.threads.com/@injaky86/post/DXA3CdxFM4t,injaky86/post/DXA3CdxFM4t
e_drive,E:\여기서 부터 엑셀추가안함\threads_live_report_0413_0314.xlsx,https://www.threads.com/@llaa.5000/post/DXA1qrsAVMi,llaa.5000/post/DXA1qrsAVMi
e_drive,E:\여기서 부터 엑셀추가안함\threads_live_report_0413_0314.xlsx,https://www.threads.com/@lsy1303/post/DXCo2MLEh-L,lsy1303/post/DXCo2MLEh-L
e_drive,E:\여기서 부터 엑셀추가안함\threads_live_report_0413_0314.xlsx,https://www.threads.com/@mochivrae/post/DXApZ4fEne5,mochivrae/post/DXApZ4fEne5
e_drive,E:\여기서 부터 엑셀추가안함\threads_live_report_0413_0314.xlsx,https://www.threads.com/@muk_haus/post/DXAlYf-k-Ez,muk_haus/post/DXAlYf-k-Ez
e_drive,E:\여기서 부터 엑셀추가안함\threads_live_report_0413_0314.xlsx,https://www.threads.com/@myfavoriteishamburger/post/DXBeczMgdFS,myfavoriteishamburger/post/DXBeczMgdFS
e_drive,E:\여기서 부터 엑셀추가안함\threads_live_report_0413_0314.xlsx,https://www.threads.com/@njobstory/post/DXBo-LYkwe4,njobstory/post/DXBo-LYkwe4
e_drive,E:\여기서 부터 엑셀추가안함\threads_live_report_0413_0314.xlsx,https://www.threads.com/@piona7738/post/DXBF7eSkRSX,piona7738/post/DXBF7eSkRSX
e_drive,E:\여기서 부터 엑셀추가안함\threads_live_report_0413_0314.xlsx,https://www.threads.com/@rkd4_0/post/DXBfLdQk0Vq,rkd4_0/post/DXBfLdQk0Vq
e_drive,E:\여기서 부터 엑셀추가안함\threads_live_report_0413_0314.xlsx,https://www.threads.com/@rollpaper_1/post/DXBGWBAmIzY,rollpaper_1/post/DXBGWBAmIzY
e_drive,E:\여기서 부터 엑셀추가안함\threads_live_report_0413_0314.xlsx,https://www.threads.com/@rua_shop0823/post/DW-sk7Dk1Ha,rua_shop0823/post/DW-sk7Dk1Ha
e_drive,E:\여기서 부터 엑셀추가안함\threads_live_report_0413_0314.xlsx,https://www.threads.com/@rua_shop0823/post/DXByzAakxlV,rua_shop0823/post/DXByzAakxlV
e_drive,E:\여기서 부터 엑셀추가안함\threads_live_report_0413_0314.xlsx,https://www.threads.com/@sanghee47/post/DXCo8BCkp-k,sanghee47/post/DXCo8BCkp-k
e_drive,E:\여기서 부터 엑셀추가안함\threads_live_report_0413_0314.xlsx,https://www.threads.com/@surim_pick/post/DXBURdRDpjm,surim_pick/post/DXBURdRDpjm
e_drive,E:\여기서 부터 엑셀추가안함\threads_live_report_0413_0314.xlsx,https://www.threads.com/@taehee.ooo/post/DXA0JCJE5rD,taehee.ooo/post/DXA0JCJE5rD
e_drive,E:\여기서 부터 엑셀추가안함\threads_live_report_0413_0314.xlsx,https://www.threads.com/@today0211/post/DXAvZUpgc4c,today0211/post/DXAvZUpgc4c
e_drive,E:\여기서 부터 엑셀추가안함\threads_live_report_0413_0314.xlsx,https://www.threads.com/@yumyum_3333/post/DXBvW8iEwWY,yumyum_3333/post/DXBvW8iEwWY
