"relative_path","source_path","archive_path","moved_path","size","source_sha1","archive_sha1","moved_sha1","status","note"
"embedding_migration\missing_triples_report.xlsx","C:\Users\ding9\Desktop\madoyo\embedding_migration\missing_triples_report.xlsx","E:\madoyo_excel_archive_20260522\from_madoyo\embedding_migration\missing_triples_report.xlsx","C:\Users\ding9\Desktop\폐기\madoyo_cleanup_20260522\excel_from_madoyo\embedding_migration\missing_triples_report.xlsx",,"13D91824943E5D845AEA6A5F5B221641C285C229","13D91824943E5D845AEA6A5F5B221641C285C229","13D91824943E5D845AEA6A5F5B221641C285C229","moved",""
"데이터 참조\임베딩미완\미완_1.1차전처리.xlsx","C:\Users\ding9\Desktop\madoyo\데이터 참조\임베딩미완\미완_1.1차전처리.xlsx","E:\madoyo_excel_archive_20260522\from_madoyo\데이터 참조\임베딩미완\미완_1.1차전처리.xlsx","C:\Users\ding9\Desktop\폐기\madoyo_cleanup_20260522\excel_from_madoyo\데이터 참조\임베딩미완\미완_1.1차전처리.xlsx",,"4BEAC8F28019ED12BD8E59B59C3669312497C399","4BEAC8F28019ED12BD8E59B59C3669312497C399","4BEAC8F28019ED12BD8E59B59C3669312497C399","moved",""
"데이터 참조\임베딩미완\미완_otter.xlsx","C:\Users\ding9\Desktop\madoyo\데이터 참조\임베딩미완\미완_otter.xlsx","E:\madoyo_excel_archive_20260522\from_madoyo\데이터 참조\임베딩미완\미완_otter.xlsx","C:\Users\ding9\Desktop\폐기\madoyo_cleanup_20260522\excel_from_madoyo\데이터 참조\임베딩미완\미완_otter.xlsx",,"6B2858DB123FCDB6EBCC56CCD3820EB7E43C9B59","6B2858DB123FCDB6EBCC56CCD3820EB7E43C9B59","6B2858DB123FCDB6EBCC56CCD3820EB7E43C9B59","moved",""
"데이터 참조\임베딩미완\미완_threads_live_report_0320_0225.xlsx","C:\Users\ding9\Desktop\madoyo\데이터 참조\임베딩미완\미완_threads_live_report_0320_0225.xlsx","E:\madoyo_excel_archive_20260522\from_madoyo\데이터 참조\임베딩미완\미완_threads_live_report_0320_0225.xlsx","C:\Users\ding9\Desktop\폐기\madoyo_cleanup_20260522\excel_from_madoyo\데이터 참조\임베딩미완\미완_threads_live_report_0320_0225.xlsx",,"48C7363D9BADF3D8202DB5A61AC373D337ABCEA7","48C7363D9BADF3D8202DB5A61AC373D337ABCEA7","48C7363D9BADF3D8202DB5A61AC373D337ABCEA7","moved",""
"데이터 참조\임베딩미완\미완_threads_live_report_0321_0130.xlsx","C:\Users\ding9\Desktop\madoyo\데이터 참조\임베딩미완\미완_threads_live_report_0321_0130.xlsx","E:\madoyo_excel_archive_20260522\from_madoyo\데이터 참조\임베딩미완\미완_threads_live_report_0321_0130.xlsx","C:\Users\ding9\Desktop\폐기\madoyo_cleanup_20260522\excel_from_madoyo\데이터 참조\임베딩미완\미완_threads_live_report_0321_0130.xlsx",,"17B8565F58FCA8081C65F28F6845309DB22840B9","17B8565F58FCA8081C65F28F6845309DB22840B9","17B8565F58FCA8081C65F28F6845309DB22840B9","moved",""
"데이터 참조\임베딩미완\미완_threads_live_report_0322_0416.xlsx","C:\Users\ding9\Desktop\madoyo\데이터 참조\임베딩미완\미완_threads_live_report_0322_0416.xlsx","E:\madoyo_excel_archive_20260522\from_madoyo\데이터 참조\임베딩미완\미완_threads_live_report_0322_0416.xlsx","C:\Users\ding9\Desktop\폐기\madoyo_cleanup_20260522\excel_from_madoyo\데이터 참조\임베딩미완\미완_threads_live_report_0322_0416.xlsx",,"E6108C828CF09AB9C21A9B8628B641DA9FF2F55C","E6108C828CF09AB9C21A9B8628B641DA9FF2F55C","E6108C828CF09AB9C21A9B8628B641DA9FF2F55C","moved",""
"데이터 참조\임베딩미완\미완_threads_live_report_0330_0543.xlsx","C:\Users\ding9\Desktop\madoyo\데이터 참조\임베딩미완\미완_threads_live_report_0330_0543.xlsx","E:\madoyo_excel_archive_20260522\from_madoyo\데이터 참조\임베딩미완\미완_threads_live_report_0330_0543.xlsx","C:\Users\ding9\Desktop\폐기\madoyo_cleanup_20260522\excel_from_madoyo\데이터 참조\임베딩미완\미완_threads_live_report_0330_0543.xlsx",,"1AF33F8513B47E6D369518C30C8C97AE8402FC30","1AF33F8513B47E6D369518C30C8C97AE8402FC30","1AF33F8513B47E6D369518C30C8C97AE8402FC30","moved",""
"데이터 참조\임베딩미완\미완_threads_live_report_0331_0307.xlsx","C:\Users\ding9\Desktop\madoyo\데이터 참조\임베딩미완\미완_threads_live_report_0331_0307.xlsx","E:\madoyo_excel_archive_20260522\from_madoyo\데이터 참조\임베딩미완\미완_threads_live_report_0331_0307.xlsx","C:\Users\ding9\Desktop\폐기\madoyo_cleanup_20260522\excel_from_madoyo\데이터 참조\임베딩미완\미완_threads_live_report_0331_0307.xlsx",,"398549B94D731FD3A2967F4C1975323FB486EBCF","398549B94D731FD3A2967F4C1975323FB486EBCF","398549B94D731FD3A2967F4C1975323FB486EBCF","moved",""
"데이터 참조\임베딩미완\미완_threads_live_report_0402_0031.xlsx","C:\Users\ding9\Desktop\madoyo\데이터 참조\임베딩미완\미완_threads_live_report_0402_0031.xlsx","E:\madoyo_excel_archive_20260522\from_madoyo\데이터 참조\임베딩미완\미완_threads_live_report_0402_0031.xlsx","C:\Users\ding9\Desktop\폐기\madoyo_cleanup_20260522\excel_from_madoyo\데이터 참조\임베딩미완\미완_threads_live_report_0402_0031.xlsx",,"235A9824AF2302BAC9FEC422D8858D1ED77FAA6E","235A9824AF2302BAC9FEC422D8858D1ED77FAA6E","235A9824AF2302BAC9FEC422D8858D1ED77FAA6E","moved",""
"데이터 참조\임베딩미완\미완료_1138건_최종.xlsx","C:\Users\ding9\Desktop\madoyo\데이터 참조\임베딩미완\미완료_1138건_최종.xlsx","E:\madoyo_excel_archive_20260522\from_madoyo\데이터 참조\임베딩미완\미완료_1138건_최종.xlsx","C:\Users\ding9\Desktop\폐기\madoyo_cleanup_20260522\excel_from_madoyo\데이터 참조\임베딩미완\미완료_1138건_최종.xlsx",,"1A559D3945A570AC75ECE749BD0C62A338649799","1A559D3945A570AC75ECE749BD0C62A338649799","1A559D3945A570AC75ECE749BD0C62A338649799","moved",""
"데이터 참조\임베딩미완\통합_임베딩미완.xlsx","C:\Users\ding9\Desktop\madoyo\데이터 참조\임베딩미완\통합_임베딩미완.xlsx","E:\madoyo_excel_archive_20260522\from_madoyo\데이터 참조\임베딩미완\통합_임베딩미완.xlsx","C:\Users\ding9\Desktop\폐기\madoyo_cleanup_20260522\excel_from_madoyo\데이터 참조\임베딩미완\통합_임베딩미완.xlsx",,"374D9D88F008D3CA1A0225D5795CBABC6A537F99","374D9D88F008D3CA1A0225D5795CBABC6A537F99","374D9D88F008D3CA1A0225D5795CBABC6A537F99","moved",""
"데이터 참조\임베딩미완\통합_임베딩미완_backup_1775125540.xlsx","C:\Users\ding9\Desktop\madoyo\데이터 참조\임베딩미완\통합_임베딩미완_backup_1775125540.xlsx","E:\madoyo_excel_archive_20260522\from_madoyo\데이터 참조\임베딩미완\통합_임베딩미완_backup_1775125540.xlsx","C:\Users\ding9\Desktop\폐기\madoyo_cleanup_20260522\excel_from_madoyo\데이터 참조\임베딩미완\통합_임베딩미완_backup_1775125540.xlsx",,"67094E10D483E4AA15636D751FFB6F459A79A40B","67094E10D483E4AA15636D751FFB6F459A79A40B","67094E10D483E4AA15636D751FFB6F459A79A40B","moved",""
"데이터 참조\1.1차전처리.xlsx","C:\Users\ding9\Desktop\madoyo\데이터 참조\1.1차전처리.xlsx","E:\madoyo_excel_archive_20260522\from_madoyo\데이터 참조\1.1차전처리.xlsx","C:\Users\ding9\Desktop\폐기\madoyo_cleanup_20260522\excel_from_madoyo\데이터 참조\1.1차전처리.xlsx",,"7494F760890FA4FE7E6F9EBF58B292F95E51BE72","7494F760890FA4FE7E6F9EBF58B292F95E51BE72","7494F760890FA4FE7E6F9EBF58B292F95E51BE72","moved",""
"데이터 참조\dotori.xlsx","C:\Users\ding9\Desktop\madoyo\데이터 참조\dotori.xlsx","E:\madoyo_excel_archive_20260522\from_madoyo\데이터 참조\dotori.xlsx","C:\Users\ding9\Desktop\폐기\madoyo_cleanup_20260522\excel_from_madoyo\데이터 참조\dotori.xlsx",,"8D77E01DE4BF07D7A4660A76D78AEDDE9809AF90","8D77E01DE4BF07D7A4660A76D78AEDDE9809AF90","8D77E01DE4BF07D7A4660A76D78AEDDE9809AF90","moved",""
"데이터 참조\otter.xlsx","C:\Users\ding9\Desktop\madoyo\데이터 참조\otter.xlsx","E:\madoyo_excel_archive_20260522\from_madoyo\데이터 참조\otter.xlsx","C:\Users\ding9\Desktop\폐기\madoyo_cleanup_20260522\excel_from_madoyo\데이터 참조\otter.xlsx",,"267E93B5C6E74F26D1B2AA225BC9D510E47341AD","267E93B5C6E74F26D1B2AA225BC9D510E47341AD","267E93B5C6E74F26D1B2AA225BC9D510E47341AD","moved",""
"데이터 참조\threads_live_report_0223_1338.xlsx","C:\Users\ding9\Desktop\madoyo\데이터 참조\threads_live_report_0223_1338.xlsx","E:\madoyo_excel_archive_20260522\from_madoyo\데이터 참조\threads_live_report_0223_1338.xlsx","C:\Users\ding9\Desktop\폐기\madoyo_cleanup_20260522\excel_from_madoyo\데이터 참조\threads_live_report_0223_1338.xlsx",,"01AA5E4D0F584CD7BFAA557D9D964BA5BE8B8B38","01AA5E4D0F584CD7BFAA557D9D964BA5BE8B8B38","01AA5E4D0F584CD7BFAA557D9D964BA5BE8B8B38","moved",""
"데이터 참조\threads_live_report_0301_0147.xlsx","C:\Users\ding9\Desktop\madoyo\데이터 참조\threads_live_report_0301_0147.xlsx","E:\madoyo_excel_archive_20260522\from_madoyo\데이터 참조\threads_live_report_0301_0147.xlsx","C:\Users\ding9\Desktop\폐기\madoyo_cleanup_20260522\excel_from_madoyo\데이터 참조\threads_live_report_0301_0147.xlsx",,"744C983933E1B71A8A30AC02A6AA31CD071BD993","744C983933E1B71A8A30AC02A6AA31CD071BD993","744C983933E1B71A8A30AC02A6AA31CD071BD993","moved",""
"데이터 참조\threads_live_report_0302_0130.xlsx","C:\Users\ding9\Desktop\madoyo\데이터 참조\threads_live_report_0302_0130.xlsx","E:\madoyo_excel_archive_20260522\from_madoyo\데이터 참조\threads_live_report_0302_0130.xlsx","C:\Users\ding9\Desktop\폐기\madoyo_cleanup_20260522\excel_from_madoyo\데이터 참조\threads_live_report_0302_0130.xlsx",,"E5A7CFA7D72A46BB8DA393C86778A2659239C185","E5A7CFA7D72A46BB8DA393C86778A2659239C185","E5A7CFA7D72A46BB8DA393C86778A2659239C185","moved",""
"데이터 참조\threads_live_report_0303_0224.xlsx","C:\Users\ding9\Desktop\madoyo\데이터 참조\threads_live_report_0303_0224.xlsx","E:\madoyo_excel_archive_20260522\from_madoyo\데이터 참조\threads_live_report_0303_0224.xlsx","C:\Users\ding9\Desktop\폐기\madoyo_cleanup_20260522\excel_from_madoyo\데이터 참조\threads_live_report_0303_0224.xlsx",,"4E3CB91FF81E8D5AF20E71B273878A35A6EB96AB","4E3CB91FF81E8D5AF20E71B273878A35A6EB96AB","4E3CB91FF81E8D5AF20E71B273878A35A6EB96AB","moved",""
"데이터 참조\threads_live_report_0304_0206.xlsx","C:\Users\ding9\Desktop\madoyo\데이터 참조\threads_live_report_0304_0206.xlsx","E:\madoyo_excel_archive_20260522\from_madoyo\데이터 참조\threads_live_report_0304_0206.xlsx","C:\Users\ding9\Desktop\폐기\madoyo_cleanup_20260522\excel_from_madoyo\데이터 참조\threads_live_report_0304_0206.xlsx",,"9AB1C2B795B8976D23E1BAD637C640DF9A070E7A","9AB1C2B795B8976D23E1BAD637C640DF9A070E7A","9AB1C2B795B8976D23E1BAD637C640DF9A070E7A","moved",""
"데이터 참조\threads_live_report_0308_0320.xlsx","C:\Users\ding9\Desktop\madoyo\데이터 참조\threads_live_report_0308_0320.xlsx","E:\madoyo_excel_archive_20260522\from_madoyo\데이터 참조\threads_live_report_0308_0320.xlsx","C:\Users\ding9\Desktop\폐기\madoyo_cleanup_20260522\excel_from_madoyo\데이터 참조\threads_live_report_0308_0320.xlsx",,"D4D83B7163AD9A7FC3EDEFD977FA96B176C75E04","D4D83B7163AD9A7FC3EDEFD977FA96B176C75E04","D4D83B7163AD9A7FC3EDEFD977FA96B176C75E04","moved",""
"데이터 참조\threads_live_report_0309_0145.xlsx","C:\Users\ding9\Desktop\madoyo\데이터 참조\threads_live_report_0309_0145.xlsx","E:\madoyo_excel_archive_20260522\from_madoyo\데이터 참조\threads_live_report_0309_0145.xlsx","C:\Users\ding9\Desktop\폐기\madoyo_cleanup_20260522\excel_from_madoyo\데이터 참조\threads_live_report_0309_0145.xlsx",,"91B673BDE57CED0615B17AC1701EC52835C8701A","91B673BDE57CED0615B17AC1701EC52835C8701A","91B673BDE57CED0615B17AC1701EC52835C8701A","moved",""
"데이터 참조\threads_live_report_0310_0033.xlsx","C:\Users\ding9\Desktop\madoyo\데이터 참조\threads_live_report_0310_0033.xlsx","E:\madoyo_excel_archive_20260522\from_madoyo\데이터 참조\threads_live_report_0310_0033.xlsx","C:\Users\ding9\Desktop\폐기\madoyo_cleanup_20260522\excel_from_madoyo\데이터 참조\threads_live_report_0310_0033.xlsx",,"85AFF64FD8A2010D33CA1E0C4561CBEC217A1F91","85AFF64FD8A2010D33CA1E0C4561CBEC217A1F91","85AFF64FD8A2010D33CA1E0C4561CBEC217A1F91","moved",""
"데이터 참조\threads_live_report_0312_0315.xlsx","C:\Users\ding9\Desktop\madoyo\데이터 참조\threads_live_report_0312_0315.xlsx","E:\madoyo_excel_archive_20260522\from_madoyo\데이터 참조\threads_live_report_0312_0315.xlsx","C:\Users\ding9\Desktop\폐기\madoyo_cleanup_20260522\excel_from_madoyo\데이터 참조\threads_live_report_0312_0315.xlsx",,"10CBAAC1FF49AFDD25E6EFCFA2A4F0EA34F5AEF4","10CBAAC1FF49AFDD25E6EFCFA2A4F0EA34F5AEF4","10CBAAC1FF49AFDD25E6EFCFA2A4F0EA34F5AEF4","moved",""
"데이터 참조\threads_live_report_0312_0329.xlsx","C:\Users\ding9\Desktop\madoyo\데이터 참조\threads_live_report_0312_0329.xlsx","E:\madoyo_excel_archive_20260522\from_madoyo\데이터 참조\threads_live_report_0312_0329.xlsx","C:\Users\ding9\Desktop\폐기\madoyo_cleanup_20260522\excel_from_madoyo\데이터 참조\threads_live_report_0312_0329.xlsx",,"7870C6CA02A2D79D68EFFF22A05B1E7D747D88C6","7870C6CA02A2D79D68EFFF22A05B1E7D747D88C6","7870C6CA02A2D79D68EFFF22A05B1E7D747D88C6","moved",""
"데이터 참조\threads_live_report_0314_0441.xlsx","C:\Users\ding9\Desktop\madoyo\데이터 참조\threads_live_report_0314_0441.xlsx","E:\madoyo_excel_archive_20260522\from_madoyo\데이터 참조\threads_live_report_0314_0441.xlsx","C:\Users\ding9\Desktop\폐기\madoyo_cleanup_20260522\excel_from_madoyo\데이터 참조\threads_live_report_0314_0441.xlsx",,"A7DA58B3AC6DB11ED091A02F904B9E633BE1CA96","A7DA58B3AC6DB11ED091A02F904B9E633BE1CA96","A7DA58B3AC6DB11ED091A02F904B9E633BE1CA96","moved",""
"데이터 참조\threads_live_report_0320_0225.xlsx","C:\Users\ding9\Desktop\madoyo\데이터 참조\threads_live_report_0320_0225.xlsx","E:\madoyo_excel_archive_20260522\from_madoyo\데이터 참조\threads_live_report_0320_0225.xlsx","C:\Users\ding9\Desktop\폐기\madoyo_cleanup_20260522\excel_from_madoyo\데이터 참조\threads_live_report_0320_0225.xlsx",,"2C4D0FA261D67D5F7D2F742C23AD1BC1ADA3EA08","2C4D0FA261D67D5F7D2F742C23AD1BC1ADA3EA08","2C4D0FA261D67D5F7D2F742C23AD1BC1ADA3EA08","moved",""
"데이터 참조\threads_live_report_0321_0130.xlsx","C:\Users\ding9\Desktop\madoyo\데이터 참조\threads_live_report_0321_0130.xlsx","E:\madoyo_excel_archive_20260522\from_madoyo\데이터 참조\threads_live_report_0321_0130.xlsx","C:\Users\ding9\Desktop\폐기\madoyo_cleanup_20260522\excel_from_madoyo\데이터 참조\threads_live_report_0321_0130.xlsx",,"793BCF08777358DC5A322332C6600A7EF30D6BC5","793BCF08777358DC5A322332C6600A7EF30D6BC5","793BCF08777358DC5A322332C6600A7EF30D6BC5","moved",""
"데이터 참조\threads_live_report_0322_0416.xlsx","C:\Users\ding9\Desktop\madoyo\데이터 참조\threads_live_report_0322_0416.xlsx","E:\madoyo_excel_archive_20260522\from_madoyo\데이터 참조\threads_live_report_0322_0416.xlsx","C:\Users\ding9\Desktop\폐기\madoyo_cleanup_20260522\excel_from_madoyo\데이터 참조\threads_live_report_0322_0416.xlsx",,"824AB453A2F0F08411F848428178107D5FACC05D","824AB453A2F0F08411F848428178107D5FACC05D","824AB453A2F0F08411F848428178107D5FACC05D","moved",""
"데이터 참조\threads_live_report_0330_0543.xlsx","C:\Users\ding9\Desktop\madoyo\데이터 참조\threads_live_report_0330_0543.xlsx","E:\madoyo_excel_archive_20260522\from_madoyo\데이터 참조\threads_live_report_0330_0543.xlsx","C:\Users\ding9\Desktop\폐기\madoyo_cleanup_20260522\excel_from_madoyo\데이터 참조\threads_live_report_0330_0543.xlsx",,"170E1F8825848685DD2393EDE88D1E51575E8798","170E1F8825848685DD2393EDE88D1E51575E8798","170E1F8825848685DD2393EDE88D1E51575E8798","moved",""
"데이터 참조\threads_live_report_0331_0307.xlsx","C:\Users\ding9\Desktop\madoyo\데이터 참조\threads_live_report_0331_0307.xlsx","E:\madoyo_excel_archive_20260522\from_madoyo\데이터 참조\threads_live_report_0331_0307.xlsx","C:\Users\ding9\Desktop\폐기\madoyo_cleanup_20260522\excel_from_madoyo\데이터 참조\threads_live_report_0331_0307.xlsx",,"7DC452573C3CA3E4D48E6E642F299F05F6A400BF","7DC452573C3CA3E4D48E6E642F299F05F6A400BF","7DC452573C3CA3E4D48E6E642F299F05F6A400BF","moved",""
"데이터 참조\threads_live_report_0402_0031.xlsx","C:\Users\ding9\Desktop\madoyo\데이터 참조\threads_live_report_0402_0031.xlsx","E:\madoyo_excel_archive_20260522\from_madoyo\데이터 참조\threads_live_report_0402_0031.xlsx","C:\Users\ding9\Desktop\폐기\madoyo_cleanup_20260522\excel_from_madoyo\데이터 참조\threads_live_report_0402_0031.xlsx",,"0F1D6BF392DDCF322417FDF23B700A5728538C8C","0F1D6BF392DDCF322417FDF23B700A5728538C8C","0F1D6BF392DDCF322417FDF23B700A5728538C8C","moved",""
"데이터 참조\threads_live_report_0403_0230.xlsx","C:\Users\ding9\Desktop\madoyo\데이터 참조\threads_live_report_0403_0230.xlsx","E:\madoyo_excel_archive_20260522\from_madoyo\데이터 참조\threads_live_report_0403_0230.xlsx","C:\Users\ding9\Desktop\폐기\madoyo_cleanup_20260522\excel_from_madoyo\데이터 참조\threads_live_report_0403_0230.xlsx",,"FF43DEADFA116BC5B3AAFF093E6371DBE28BB38F","FF43DEADFA116BC5B3AAFF093E6371DBE28BB38F","FF43DEADFA116BC5B3AAFF093E6371DBE28BB38F","moved",""
"데이터 참조\threads_live_report_0403_2114.xlsx","C:\Users\ding9\Desktop\madoyo\데이터 참조\threads_live_report_0403_2114.xlsx","E:\madoyo_excel_archive_20260522\from_madoyo\데이터 참조\threads_live_report_0403_2114.xlsx","C:\Users\ding9\Desktop\폐기\madoyo_cleanup_20260522\excel_from_madoyo\데이터 참조\threads_live_report_0403_2114.xlsx",,"13D6E15B2AE103CD02E7D5865F7AFF7614249D53","13D6E15B2AE103CD02E7D5865F7AFF7614249D53","13D6E15B2AE103CD02E7D5865F7AFF7614249D53","moved",""
"데이터 참조\threads_live_report_0405_0305.xlsx","C:\Users\ding9\Desktop\madoyo\데이터 참조\threads_live_report_0405_0305.xlsx","E:\madoyo_excel_archive_20260522\from_madoyo\데이터 참조\threads_live_report_0405_0305.xlsx","C:\Users\ding9\Desktop\폐기\madoyo_cleanup_20260522\excel_from_madoyo\데이터 참조\threads_live_report_0405_0305.xlsx",,"ADB7230E37B247B3FC5AD173FED425FC496D96BB","ADB7230E37B247B3FC5AD173FED425FC496D96BB","ADB7230E37B247B3FC5AD173FED425FC496D96BB","moved",""
"데이터 참조\threads_live_report_0406_0233.xlsx","C:\Users\ding9\Desktop\madoyo\데이터 참조\threads_live_report_0406_0233.xlsx","E:\madoyo_excel_archive_20260522\from_madoyo\데이터 참조\threads_live_report_0406_0233.xlsx","C:\Users\ding9\Desktop\폐기\madoyo_cleanup_20260522\excel_from_madoyo\데이터 참조\threads_live_report_0406_0233.xlsx",,"729E5C7BB903BFD6D8013C4DD003FE54350653EE","729E5C7BB903BFD6D8013C4DD003FE54350653EE","729E5C7BB903BFD6D8013C4DD003FE54350653EE","moved",""
"데이터 참조\threads_slow_report_0212_0320.xlsx","C:\Users\ding9\Desktop\madoyo\데이터 참조\threads_slow_report_0212_0320.xlsx","E:\madoyo_excel_archive_20260522\from_madoyo\데이터 참조\threads_slow_report_0212_0320.xlsx","C:\Users\ding9\Desktop\폐기\madoyo_cleanup_20260522\excel_from_madoyo\데이터 참조\threads_slow_report_0212_0320.xlsx",,"602A4D1585DC11C08E004DBB2EEF82B5EA6A7109","602A4D1585DC11C08E004DBB2EEF82B5EA6A7109","602A4D1585DC11C08E004DBB2EEF82B5EA6A7109","moved",""
"데이터 참조\threads_slow_report_0215_0322.xlsx","C:\Users\ding9\Desktop\madoyo\데이터 참조\threads_slow_report_0215_0322.xlsx","E:\madoyo_excel_archive_20260522\from_madoyo\데이터 참조\threads_slow_report_0215_0322.xlsx","C:\Users\ding9\Desktop\폐기\madoyo_cleanup_20260522\excel_from_madoyo\데이터 참조\threads_slow_report_0215_0322.xlsx",,"C4937BFA6653F7CB05A472EF4E43E42A0326FC75","C4937BFA6653F7CB05A472EF4E43E42A0326FC75","C4937BFA6653F7CB05A472EF4E43E42A0326FC75","moved",""
"데이터 참조\threads_slow_report_0217_0146.xlsx","C:\Users\ding9\Desktop\madoyo\데이터 참조\threads_slow_report_0217_0146.xlsx","E:\madoyo_excel_archive_20260522\from_madoyo\데이터 참조\threads_slow_report_0217_0146.xlsx","C:\Users\ding9\Desktop\폐기\madoyo_cleanup_20260522\excel_from_madoyo\데이터 참조\threads_slow_report_0217_0146.xlsx",,"AE35DAB9104ECF68FAD46EF04BC18198E35426FC","AE35DAB9104ECF68FAD46EF04BC18198E35426FC","AE35DAB9104ECF68FAD46EF04BC18198E35426FC","moved",""
"데이터 참조\threads_slow_report_0218_0218.xlsx","C:\Users\ding9\Desktop\madoyo\데이터 참조\threads_slow_report_0218_0218.xlsx","E:\madoyo_excel_archive_20260522\from_madoyo\데이터 참조\threads_slow_report_0218_0218.xlsx","C:\Users\ding9\Desktop\폐기\madoyo_cleanup_20260522\excel_from_madoyo\데이터 참조\threads_slow_report_0218_0218.xlsx",,"1E685E092A3D18CC2C502F9A1D6E6445D49AA777","1E685E092A3D18CC2C502F9A1D6E6445D49AA777","1E685E092A3D18CC2C502F9A1D6E6445D49AA777","moved",""
"데이터 참조\threads_slow_report_0226_0235.xlsx","C:\Users\ding9\Desktop\madoyo\데이터 참조\threads_slow_report_0226_0235.xlsx","E:\madoyo_excel_archive_20260522\from_madoyo\데이터 참조\threads_slow_report_0226_0235.xlsx","C:\Users\ding9\Desktop\폐기\madoyo_cleanup_20260522\excel_from_madoyo\데이터 참조\threads_slow_report_0226_0235.xlsx",,"10BF8DB9B703EE7ACB3F7D413E2A2DFE1EB1031C","10BF8DB9B703EE7ACB3F7D413E2A2DFE1EB1031C","10BF8DB9B703EE7ACB3F7D413E2A2DFE1EB1031C","moved",""
"데이터 참조\threads_slow_report_0305_1707.xlsx","C:\Users\ding9\Desktop\madoyo\데이터 참조\threads_slow_report_0305_1707.xlsx","E:\madoyo_excel_archive_20260522\from_madoyo\데이터 참조\threads_slow_report_0305_1707.xlsx","C:\Users\ding9\Desktop\폐기\madoyo_cleanup_20260522\excel_from_madoyo\데이터 참조\threads_slow_report_0305_1707.xlsx",,"1E207801B3501031DE36674E230D50EACBF71B99","1E207801B3501031DE36674E230D50EACBF71B99","1E207801B3501031DE36674E230D50EACBF71B99","moved",""
"데이터수동화\runs\compare_legacy_current_v1_vs_upgrade_v1_20260503_234840\prompt_compare.xlsx","C:\Users\ding9\Desktop\madoyo\데이터수동화\runs\compare_legacy_current_v1_vs_upgrade_v1_20260503_234840\prompt_compare.xlsx","E:\madoyo_excel_archive_20260522\from_madoyo\데이터수동화\runs\compare_legacy_current_v1_vs_upgrade_v1_20260503_234840\prompt_compare.xlsx","C:\Users\ding9\Desktop\폐기\madoyo_cleanup_20260522\excel_from_madoyo\데이터수동화\runs\compare_legacy_current_v1_vs_upgrade_v1_20260503_234840\prompt_compare.xlsx",,"80BBC33E6B4336D005F208FB3C7DA57AFC2C8917","80BBC33E6B4336D005F208FB3C7DA57AFC2C8917","80BBC33E6B4336D005F208FB3C7DA57AFC2C8917","moved",""
"데이터수동화\runs\compare_legacy_current_v1_vs_upgrade_v2_20260504_000958\prompt_compare.xlsx","C:\Users\ding9\Desktop\madoyo\데이터수동화\runs\compare_legacy_current_v1_vs_upgrade_v2_20260504_000958\prompt_compare.xlsx","E:\madoyo_excel_archive_20260522\from_madoyo\데이터수동화\runs\compare_legacy_current_v1_vs_upgrade_v2_20260504_000958\prompt_compare.xlsx","C:\Users\ding9\Desktop\폐기\madoyo_cleanup_20260522\excel_from_madoyo\데이터수동화\runs\compare_legacy_current_v1_vs_upgrade_v2_20260504_000958\prompt_compare.xlsx",,"EDF3C0CE1EA14D405EAF6ED8090BCCE4B88AEEA1","EDF3C0CE1EA14D405EAF6ED8090BCCE4B88AEEA1","EDF3C0CE1EA14D405EAF6ED8090BCCE4B88AEEA1","moved",""
"데이터수동화\runs\compare_legacy_current_v1_vs_upgrade_v3_20260504_003907\prompt_compare.xlsx","C:\Users\ding9\Desktop\madoyo\데이터수동화\runs\compare_legacy_current_v1_vs_upgrade_v3_20260504_003907\prompt_compare.xlsx","E:\madoyo_excel_archive_20260522\from_madoyo\데이터수동화\runs\compare_legacy_current_v1_vs_upgrade_v3_20260504_003907\prompt_compare.xlsx","C:\Users\ding9\Desktop\폐기\madoyo_cleanup_20260522\excel_from_madoyo\데이터수동화\runs\compare_legacy_current_v1_vs_upgrade_v3_20260504_003907\prompt_compare.xlsx",,"BE55BDEA9E94CA99849546690861CDACCD13E0AA","BE55BDEA9E94CA99849546690861CDACCD13E0AA","BE55BDEA9E94CA99849546690861CDACCD13E0AA","moved",""
"데이터수동화\runs\compare_legacy_current_v1_vs_upgrade_v4_20260505_160658\prompt_compare.xlsx","C:\Users\ding9\Desktop\madoyo\데이터수동화\runs\compare_legacy_current_v1_vs_upgrade_v4_20260505_160658\prompt_compare.xlsx","E:\madoyo_excel_archive_20260522\from_madoyo\데이터수동화\runs\compare_legacy_current_v1_vs_upgrade_v4_20260505_160658\prompt_compare.xlsx","C:\Users\ding9\Desktop\폐기\madoyo_cleanup_20260522\excel_from_madoyo\데이터수동화\runs\compare_legacy_current_v1_vs_upgrade_v4_20260505_160658\prompt_compare.xlsx",,"65A0291DFAE5A9567425B5128E730CB7A6614240","65A0291DFAE5A9567425B5128E730CB7A6614240","65A0291DFAE5A9567425B5128E730CB7A6614240","moved",""
"데이터수동화\runs\compare_legacy_current_v1_vs_upgrade_v5_20260505_162940\prompt_compare.xlsx","C:\Users\ding9\Desktop\madoyo\데이터수동화\runs\compare_legacy_current_v1_vs_upgrade_v5_20260505_162940\prompt_compare.xlsx","E:\madoyo_excel_archive_20260522\from_madoyo\데이터수동화\runs\compare_legacy_current_v1_vs_upgrade_v5_20260505_162940\prompt_compare.xlsx","C:\Users\ding9\Desktop\폐기\madoyo_cleanup_20260522\excel_from_madoyo\데이터수동화\runs\compare_legacy_current_v1_vs_upgrade_v5_20260505_162940\prompt_compare.xlsx",,"852A800F12C5550451569923B5876C8C82E1F714","852A800F12C5550451569923B5876C8C82E1F714","852A800F12C5550451569923B5876C8C82E1F714","moved",""
"데이터수동화\runs\compare_legacy_current_v1_vs_upgrade_v6_20260505_165234\prompt_compare.xlsx","C:\Users\ding9\Desktop\madoyo\데이터수동화\runs\compare_legacy_current_v1_vs_upgrade_v6_20260505_165234\prompt_compare.xlsx","E:\madoyo_excel_archive_20260522\from_madoyo\데이터수동화\runs\compare_legacy_current_v1_vs_upgrade_v6_20260505_165234\prompt_compare.xlsx","C:\Users\ding9\Desktop\폐기\madoyo_cleanup_20260522\excel_from_madoyo\데이터수동화\runs\compare_legacy_current_v1_vs_upgrade_v6_20260505_165234\prompt_compare.xlsx",,"115DAC10B1B69C9F9ABA5FDB2C1152B65627F46A","115DAC10B1B69C9F9ABA5FDB2C1152B65627F46A","115DAC10B1B69C9F9ABA5FDB2C1152B65627F46A","moved",""
"데이터수동화\runs\compare_legacy_current_v1_vs_upgrade_v7_20260505_171457\prompt_compare.xlsx","C:\Users\ding9\Desktop\madoyo\데이터수동화\runs\compare_legacy_current_v1_vs_upgrade_v7_20260505_171457\prompt_compare.xlsx","E:\madoyo_excel_archive_20260522\from_madoyo\데이터수동화\runs\compare_legacy_current_v1_vs_upgrade_v7_20260505_171457\prompt_compare.xlsx","C:\Users\ding9\Desktop\폐기\madoyo_cleanup_20260522\excel_from_madoyo\데이터수동화\runs\compare_legacy_current_v1_vs_upgrade_v7_20260505_171457\prompt_compare.xlsx",,"97F9362AD84138D9E19A4976A9091A739A31F4D6","97F9362AD84138D9E19A4976A9091A739A31F4D6","97F9362AD84138D9E19A4976A9091A739A31F4D6","moved",""
"데이터수동화\runs\compare_legacy_current_v1_vs_upgrade_v8_20260505_173505\prompt_compare.xlsx","C:\Users\ding9\Desktop\madoyo\데이터수동화\runs\compare_legacy_current_v1_vs_upgrade_v8_20260505_173505\prompt_compare.xlsx","E:\madoyo_excel_archive_20260522\from_madoyo\데이터수동화\runs\compare_legacy_current_v1_vs_upgrade_v8_20260505_173505\prompt_compare.xlsx","C:\Users\ding9\Desktop\폐기\madoyo_cleanup_20260522\excel_from_madoyo\데이터수동화\runs\compare_legacy_current_v1_vs_upgrade_v8_20260505_173505\prompt_compare.xlsx",,"C7D67D7FCEB68E8EE1E4593A458D3C223F7E521A","C7D67D7FCEB68E8EE1E4593A458D3C223F7E521A","C7D67D7FCEB68E8EE1E4593A458D3C223F7E521A","moved",""
"데이터수동화\runs\compare_legacy_current_v1_vs_upgrade_v9_20260505_175900\prompt_compare.xlsx","C:\Users\ding9\Desktop\madoyo\데이터수동화\runs\compare_legacy_current_v1_vs_upgrade_v9_20260505_175900\prompt_compare.xlsx","E:\madoyo_excel_archive_20260522\from_madoyo\데이터수동화\runs\compare_legacy_current_v1_vs_upgrade_v9_20260505_175900\prompt_compare.xlsx","C:\Users\ding9\Desktop\폐기\madoyo_cleanup_20260522\excel_from_madoyo\데이터수동화\runs\compare_legacy_current_v1_vs_upgrade_v9_20260505_175900\prompt_compare.xlsx",,"EDFC7BC7DAB2C53F0B04B7F019ABC3887201386C","EDFC7BC7DAB2C53F0B04B7F019ABC3887201386C","EDFC7BC7DAB2C53F0B04B7F019ABC3887201386C","moved",""
"데이터수동화\runs\compare_upgrade_v10_old_vs_upgrade_v10_hygiene_20260505_202929\prompt_compare.xlsx","C:\Users\ding9\Desktop\madoyo\데이터수동화\runs\compare_upgrade_v10_old_vs_upgrade_v10_hygiene_20260505_202929\prompt_compare.xlsx","E:\madoyo_excel_archive_20260522\from_madoyo\데이터수동화\runs\compare_upgrade_v10_old_vs_upgrade_v10_hygiene_20260505_202929\prompt_compare.xlsx","C:\Users\ding9\Desktop\폐기\madoyo_cleanup_20260522\excel_from_madoyo\데이터수동화\runs\compare_upgrade_v10_old_vs_upgrade_v10_hygiene_20260505_202929\prompt_compare.xlsx",,"C916B6E88BB220E1B7E7264383F241732A19E715","C916B6E88BB220E1B7E7264383F241732A19E715","C916B6E88BB220E1B7E7264383F241732A19E715","moved",""
"데이터수동화\runs\compare_upgrade_v10_vs_upgrade_v11_20260505_201304\prompt_compare.xlsx","C:\Users\ding9\Desktop\madoyo\데이터수동화\runs\compare_upgrade_v10_vs_upgrade_v11_20260505_201304\prompt_compare.xlsx","E:\madoyo_excel_archive_20260522\from_madoyo\데이터수동화\runs\compare_upgrade_v10_vs_upgrade_v11_20260505_201304\prompt_compare.xlsx","C:\Users\ding9\Desktop\폐기\madoyo_cleanup_20260522\excel_from_madoyo\데이터수동화\runs\compare_upgrade_v10_vs_upgrade_v11_20260505_201304\prompt_compare.xlsx",,"B9402044EEF828FACBFAC51FEFC6E77B955EAC48","B9402044EEF828FACBFAC51FEFC6E77B955EAC48","B9402044EEF828FACBFAC51FEFC6E77B955EAC48","moved",""
"데이터수동화\runs\compare_upgrade_v11_vs_upgrade_v10_hygiene_20260505_202929\prompt_compare.xlsx","C:\Users\ding9\Desktop\madoyo\데이터수동화\runs\compare_upgrade_v11_vs_upgrade_v10_hygiene_20260505_202929\prompt_compare.xlsx","E:\madoyo_excel_archive_20260522\from_madoyo\데이터수동화\runs\compare_upgrade_v11_vs_upgrade_v10_hygiene_20260505_202929\prompt_compare.xlsx","C:\Users\ding9\Desktop\폐기\madoyo_cleanup_20260522\excel_from_madoyo\데이터수동화\runs\compare_upgrade_v11_vs_upgrade_v10_hygiene_20260505_202929\prompt_compare.xlsx",,"8A9C3A5F4D40E2A105E9CBC26F9E6449D958587D","8A9C3A5F4D40E2A105E9CBC26F9E6449D958587D","8A9C3A5F4D40E2A105E9CBC26F9E6449D958587D","moved",""
"데이터수동화\runs\compare_upgrade_v7_vs_upgrade_v9_20260505_185447\prompt_compare.xlsx","C:\Users\ding9\Desktop\madoyo\데이터수동화\runs\compare_upgrade_v7_vs_upgrade_v9_20260505_185447\prompt_compare.xlsx","E:\madoyo_excel_archive_20260522\from_madoyo\데이터수동화\runs\compare_upgrade_v7_vs_upgrade_v9_20260505_185447\prompt_compare.xlsx","C:\Users\ding9\Desktop\폐기\madoyo_cleanup_20260522\excel_from_madoyo\데이터수동화\runs\compare_upgrade_v7_vs_upgrade_v9_20260505_185447\prompt_compare.xlsx",,"46600203C34C4C7185ADB6DEF35A4A49A3F2EBFA","46600203C34C4C7185ADB6DEF35A4A49A3F2EBFA","46600203C34C4C7185ADB6DEF35A4A49A3F2EBFA","moved",""
"데이터수동화\runs\compare_upgrade_v9_vs_upgrade_v10_20260505_193430\prompt_compare.xlsx","C:\Users\ding9\Desktop\madoyo\데이터수동화\runs\compare_upgrade_v9_vs_upgrade_v10_20260505_193430\prompt_compare.xlsx","E:\madoyo_excel_archive_20260522\from_madoyo\데이터수동화\runs\compare_upgrade_v9_vs_upgrade_v10_20260505_193430\prompt_compare.xlsx","C:\Users\ding9\Desktop\폐기\madoyo_cleanup_20260522\excel_from_madoyo\데이터수동화\runs\compare_upgrade_v9_vs_upgrade_v10_20260505_193430\prompt_compare.xlsx",,"8D37026C415B9C6D52EBB8934BC2CB5B9E7A21A6","8D37026C415B9C6D52EBB8934BC2CB5B9E7A21A6","8D37026C415B9C6D52EBB8934BC2CB5B9E7A21A6","moved",""
"데이터수동화\runs\compare_upgrade_v9_vs_upgrade_v10_hygiene_20260505_202929\prompt_compare.xlsx","C:\Users\ding9\Desktop\madoyo\데이터수동화\runs\compare_upgrade_v9_vs_upgrade_v10_hygiene_20260505_202929\prompt_compare.xlsx","E:\madoyo_excel_archive_20260522\from_madoyo\데이터수동화\runs\compare_upgrade_v9_vs_upgrade_v10_hygiene_20260505_202929\prompt_compare.xlsx","C:\Users\ding9\Desktop\폐기\madoyo_cleanup_20260522\excel_from_madoyo\데이터수동화\runs\compare_upgrade_v9_vs_upgrade_v10_hygiene_20260505_202929\prompt_compare.xlsx",,"FF5FEBE41D47B0B8C38BF134CF5681FA7B0BE2B5","FF5FEBE41D47B0B8C38BF134CF5681FA7B0BE2B5","FF5FEBE41D47B0B8C38BF134CF5681FA7B0BE2B5","moved",""
"데이터수동화\runs\compare_upgrade_v9_vs_upgrade_v11_20260505_201304\prompt_compare.xlsx","C:\Users\ding9\Desktop\madoyo\데이터수동화\runs\compare_upgrade_v9_vs_upgrade_v11_20260505_201304\prompt_compare.xlsx","E:\madoyo_excel_archive_20260522\from_madoyo\데이터수동화\runs\compare_upgrade_v9_vs_upgrade_v11_20260505_201304\prompt_compare.xlsx","C:\Users\ding9\Desktop\폐기\madoyo_cleanup_20260522\excel_from_madoyo\데이터수동화\runs\compare_upgrade_v9_vs_upgrade_v11_20260505_201304\prompt_compare.xlsx",,"7D0F7335F95FA7C53233A1C3D8823D430ACFAA66","7D0F7335F95FA7C53233A1C3D8823D430ACFAA66","7D0F7335F95FA7C53233A1C3D8823D430ACFAA66","moved",""
"데이터수동화\runs\data_manual_20260503_204943\threads_live_report_0503_2043.xlsx","C:\Users\ding9\Desktop\madoyo\데이터수동화\runs\data_manual_20260503_204943\threads_live_report_0503_2043.xlsx","E:\madoyo_excel_archive_20260522\from_madoyo\데이터수동화\runs\data_manual_20260503_204943\threads_live_report_0503_2043.xlsx","C:\Users\ding9\Desktop\폐기\madoyo_cleanup_20260522\excel_from_madoyo\데이터수동화\runs\data_manual_20260503_204943\threads_live_report_0503_2043.xlsx",,"25A27DA1E9B797E52FB39FAC937587FAF12ECC7E","25A27DA1E9B797E52FB39FAC937587FAF12ECC7E","25A27DA1E9B797E52FB39FAC937587FAF12ECC7E","moved",""
"데이터수동화\runs\data_manual_20260503_205334\threads_live_report_0503_2043.xlsx","C:\Users\ding9\Desktop\madoyo\데이터수동화\runs\data_manual_20260503_205334\threads_live_report_0503_2043.xlsx","E:\madoyo_excel_archive_20260522\from_madoyo\데이터수동화\runs\data_manual_20260503_205334\threads_live_report_0503_2043.xlsx","C:\Users\ding9\Desktop\폐기\madoyo_cleanup_20260522\excel_from_madoyo\데이터수동화\runs\data_manual_20260503_205334\threads_live_report_0503_2043.xlsx",,"25A27DA1E9B797E52FB39FAC937587FAF12ECC7E","25A27DA1E9B797E52FB39FAC937587FAF12ECC7E","25A27DA1E9B797E52FB39FAC937587FAF12ECC7E","moved",""
"데이터수동화\runs\data_manual_20260503_205802\threads_live_report_0503_2043.xlsx","C:\Users\ding9\Desktop\madoyo\데이터수동화\runs\data_manual_20260503_205802\threads_live_report_0503_2043.xlsx","E:\madoyo_excel_archive_20260522\from_madoyo\데이터수동화\runs\data_manual_20260503_205802\threads_live_report_0503_2043.xlsx","C:\Users\ding9\Desktop\폐기\madoyo_cleanup_20260522\excel_from_madoyo\데이터수동화\runs\data_manual_20260503_205802\threads_live_report_0503_2043.xlsx",,"25A27DA1E9B797E52FB39FAC937587FAF12ECC7E","25A27DA1E9B797E52FB39FAC937587FAF12ECC7E","25A27DA1E9B797E52FB39FAC937587FAF12ECC7E","moved",""
"반자동\반자동결과\failed_manual_upload_body_ready_18_0519_반자동결과_0520_0630.xlsx","C:\Users\ding9\Desktop\madoyo\반자동\반자동결과\failed_manual_upload_body_ready_18_0519_반자동결과_0520_0630.xlsx","E:\madoyo_excel_archive_20260522\from_madoyo\반자동\반자동결과\failed_manual_upload_body_ready_18_0519_반자동결과_0520_0630.xlsx","C:\Users\ding9\Desktop\폐기\madoyo_cleanup_20260522\excel_from_madoyo\반자동\반자동결과\failed_manual_upload_body_ready_18_0519_반자동결과_0520_0630.xlsx",,"36D61C55A542FA818270C50156CB076D81848635","36D61C55A542FA818270C50156CB076D81848635","36D61C55A542FA818270C50156CB076D81848635","moved",""
"반자동\반자동결과\final_merged_results_0429_fixed_반자동결과_0429_1012.xlsx","C:\Users\ding9\Desktop\madoyo\반자동\반자동결과\final_merged_results_0429_fixed_반자동결과_0429_1012.xlsx","E:\madoyo_excel_archive_20260522\from_madoyo\반자동\반자동결과\final_merged_results_0429_fixed_반자동결과_0429_1012.xlsx","C:\Users\ding9\Desktop\폐기\madoyo_cleanup_20260522\excel_from_madoyo\반자동\반자동결과\final_merged_results_0429_fixed_반자동결과_0429_1012.xlsx",,"CC649877E093D0A55C92B5D72A9E7A12F8C5E7E5","CC649877E093D0A55C92B5D72A9E7A12F8C5E7E5","CC649877E093D0A55C92B5D72A9E7A12F8C5E7E5","moved",""
"반자동\반자동결과\final_ready_to_upload_반자동결과_0429_1014.xlsx","C:\Users\ding9\Desktop\madoyo\반자동\반자동결과\final_ready_to_upload_반자동결과_0429_1014.xlsx","E:\madoyo_excel_archive_20260522\from_madoyo\반자동\반자동결과\final_ready_to_upload_반자동결과_0429_1014.xlsx","C:\Users\ding9\Desktop\폐기\madoyo_cleanup_20260522\excel_from_madoyo\반자동\반자동결과\final_ready_to_upload_반자동결과_0429_1014.xlsx",,"BAAE838702967C31EDC1CD5D947B15B9D056AEFB","BAAE838702967C31EDC1CD5D947B15B9D056AEFB","BAAE838702967C31EDC1CD5D947B15B9D056AEFB","moved",""
"반자동\반자동결과\final_ready_to_upload_반자동결과_0429_1018.xlsx","C:\Users\ding9\Desktop\madoyo\반자동\반자동결과\final_ready_to_upload_반자동결과_0429_1018.xlsx","E:\madoyo_excel_archive_20260522\from_madoyo\반자동\반자동결과\final_ready_to_upload_반자동결과_0429_1018.xlsx","C:\Users\ding9\Desktop\폐기\madoyo_cleanup_20260522\excel_from_madoyo\반자동\반자동결과\final_ready_to_upload_반자동결과_0429_1018.xlsx",,"02D64A43A9A98570F51C08DBCD16C48DAD37FA94","02D64A43A9A98570F51C08DBCD16C48DAD37FA94","02D64A43A9A98570F51C08DBCD16C48DAD37FA94","moved",""
"반자동\반자동결과\final_ready_to_upload_반자동결과_0429_1019.xlsx","C:\Users\ding9\Desktop\madoyo\반자동\반자동결과\final_ready_to_upload_반자동결과_0429_1019.xlsx","E:\madoyo_excel_archive_20260522\from_madoyo\반자동\반자동결과\final_ready_to_upload_반자동결과_0429_1019.xlsx","C:\Users\ding9\Desktop\폐기\madoyo_cleanup_20260522\excel_from_madoyo\반자동\반자동결과\final_ready_to_upload_반자동결과_0429_1019.xlsx",,"7CFBE08289EA0F3A15D137B47D2B10E49221E242","7CFBE08289EA0F3A15D137B47D2B10E49221E242","7CFBE08289EA0F3A15D137B47D2B10E49221E242","moved",""
"반자동\반자동결과\final_ready_to_upload_반자동결과_0429_1020.xlsx","C:\Users\ding9\Desktop\madoyo\반자동\반자동결과\final_ready_to_upload_반자동결과_0429_1020.xlsx","E:\madoyo_excel_archive_20260522\from_madoyo\반자동\반자동결과\final_ready_to_upload_반자동결과_0429_1020.xlsx","C:\Users\ding9\Desktop\폐기\madoyo_cleanup_20260522\excel_from_madoyo\반자동\반자동결과\final_ready_to_upload_반자동결과_0429_1020.xlsx",,"E75551DBD00C634CFAE9922795DD46098BA0E253","E75551DBD00C634CFAE9922795DD46098BA0E253","E75551DBD00C634CFAE9922795DD46098BA0E253","moved",""
"반자동\반자동결과\final_ready_to_upload_반자동결과_0429_1029.xlsx","C:\Users\ding9\Desktop\madoyo\반자동\반자동결과\final_ready_to_upload_반자동결과_0429_1029.xlsx","E:\madoyo_excel_archive_20260522\from_madoyo\반자동\반자동결과\final_ready_to_upload_반자동결과_0429_1029.xlsx","C:\Users\ding9\Desktop\폐기\madoyo_cleanup_20260522\excel_from_madoyo\반자동\반자동결과\final_ready_to_upload_반자동결과_0429_1029.xlsx",,"A0CF40684DB07CF047D3E9F7BBB791EB49F9A331","A0CF40684DB07CF047D3E9F7BBB791EB49F9A331","A0CF40684DB07CF047D3E9F7BBB791EB49F9A331","moved",""
"반자동\반자동결과\final_ready_to_upload_반자동결과_0429_1243.xlsx","C:\Users\ding9\Desktop\madoyo\반자동\반자동결과\final_ready_to_upload_반자동결과_0429_1243.xlsx","E:\madoyo_excel_archive_20260522\from_madoyo\반자동\반자동결과\final_ready_to_upload_반자동결과_0429_1243.xlsx","C:\Users\ding9\Desktop\폐기\madoyo_cleanup_20260522\excel_from_madoyo\반자동\반자동결과\final_ready_to_upload_반자동결과_0429_1243.xlsx",,"41A4243995AADB893D7E2007795413BC9E0E9BB8","41A4243995AADB893D7E2007795413BC9E0E9BB8","41A4243995AADB893D7E2007795413BC9E0E9BB8","moved",""
"반자동\반자동결과\final_ready_to_upload_반자동결과_0430_0600.xlsx","C:\Users\ding9\Desktop\madoyo\반자동\반자동결과\final_ready_to_upload_반자동결과_0430_0600.xlsx","E:\madoyo_excel_archive_20260522\from_madoyo\반자동\반자동결과\final_ready_to_upload_반자동결과_0430_0600.xlsx","C:\Users\ding9\Desktop\폐기\madoyo_cleanup_20260522\excel_from_madoyo\반자동\반자동결과\final_ready_to_upload_반자동결과_0430_0600.xlsx",,"434111E7CF6B83BB4D5BCDE8DD72A5E68D9C1DB7","434111E7CF6B83BB4D5BCDE8DD72A5E68D9C1DB7","434111E7CF6B83BB4D5BCDE8DD72A5E68D9C1DB7","moved",""
"반자동\반자동결과\merged_results_0429_0338_반자동결과_0429_0600.xlsx","C:\Users\ding9\Desktop\madoyo\반자동\반자동결과\merged_results_0429_0338_반자동결과_0429_0600.xlsx","E:\madoyo_excel_archive_20260522\from_madoyo\반자동\반자동결과\merged_results_0429_0338_반자동결과_0429_0600.xlsx","C:\Users\ding9\Desktop\폐기\madoyo_cleanup_20260522\excel_from_madoyo\반자동\반자동결과\merged_results_0429_0338_반자동결과_0429_0600.xlsx",,"17FAB924BEC08228708B262FB0ABFC0ABB688D51","17FAB924BEC08228708B262FB0ABFC0ABB688D51","17FAB924BEC08228708B262FB0ABFC0ABB688D51","moved",""
"반자동\반자동결과\test_item_18_반자동결과_0429_1237.xlsx","C:\Users\ding9\Desktop\madoyo\반자동\반자동결과\test_item_18_반자동결과_0429_1237.xlsx","E:\madoyo_excel_archive_20260522\from_madoyo\반자동\반자동결과\test_item_18_반자동결과_0429_1237.xlsx","C:\Users\ding9\Desktop\폐기\madoyo_cleanup_20260522\excel_from_madoyo\반자동\반자동결과\test_item_18_반자동결과_0429_1237.xlsx",,"DAD57702C33FA3BABF58704F8078199B16C0E761","DAD57702C33FA3BABF58704F8078199B16C0E761","DAD57702C33FA3BABF58704F8078199B16C0E761","moved",""
"반자동\반자동결과\test_item_18_반자동결과_0429_1238.xlsx","C:\Users\ding9\Desktop\madoyo\반자동\반자동결과\test_item_18_반자동결과_0429_1238.xlsx","E:\madoyo_excel_archive_20260522\from_madoyo\반자동\반자동결과\test_item_18_반자동결과_0429_1238.xlsx","C:\Users\ding9\Desktop\폐기\madoyo_cleanup_20260522\excel_from_madoyo\반자동\반자동결과\test_item_18_반자동결과_0429_1238.xlsx",,"32DE4B674380F4E187F291FCB2C01935DDC46A91","32DE4B674380F4E187F291FCB2C01935DDC46A91","32DE4B674380F4E187F291FCB2C01935DDC46A91","moved",""
"반자동\반자동결과\threads_links_report_0520_1703_수동화결과_0520_1704_반자동결과_0521_0630.xlsx","C:\Users\ding9\Desktop\madoyo\반자동\반자동결과\threads_links_report_0520_1703_수동화결과_0520_1704_반자동결과_0521_0630.xlsx","E:\madoyo_excel_archive_20260522\from_madoyo\반자동\반자동결과\threads_links_report_0520_1703_수동화결과_0520_1704_반자동결과_0521_0630.xlsx","C:\Users\ding9\Desktop\폐기\madoyo_cleanup_20260522\excel_from_madoyo\반자동\반자동결과\threads_links_report_0520_1703_수동화결과_0520_1704_반자동결과_0521_0630.xlsx",,"3E2D7DFB1BAD74F0F88A722F0AAE0A22EB063D79","3E2D7DFB1BAD74F0F88A722F0AAE0A22EB063D79","3E2D7DFB1BAD74F0F88A722F0AAE0A22EB063D79","moved",""
"반자동\반자동결과\threads_links_report_0520_1703_수동화결과_0520_1704_반자동결과_0521_0759.xlsx","C:\Users\ding9\Desktop\madoyo\반자동\반자동결과\threads_links_report_0520_1703_수동화결과_0520_1704_반자동결과_0521_0759.xlsx","E:\madoyo_excel_archive_20260522\from_madoyo\반자동\반자동결과\threads_links_report_0520_1703_수동화결과_0520_1704_반자동결과_0521_0759.xlsx","C:\Users\ding9\Desktop\폐기\madoyo_cleanup_20260522\excel_from_madoyo\반자동\반자동결과\threads_links_report_0520_1703_수동화결과_0520_1704_반자동결과_0521_0759.xlsx",,"F0E3016E6E973DB65A1094C463D55724A10457FE","F0E3016E6E973DB65A1094C463D55724A10457FE","F0E3016E6E973DB65A1094C463D55724A10457FE","moved",""
"반자동\반자동결과\threads_live_report_0507_2231_반자동결과_0508_0249.xlsx","C:\Users\ding9\Desktop\madoyo\반자동\반자동결과\threads_live_report_0507_2231_반자동결과_0508_0249.xlsx","E:\madoyo_excel_archive_20260522\from_madoyo\반자동\반자동결과\threads_live_report_0507_2231_반자동결과_0508_0249.xlsx","C:\Users\ding9\Desktop\폐기\madoyo_cleanup_20260522\excel_from_madoyo\반자동\반자동결과\threads_live_report_0507_2231_반자동결과_0508_0249.xlsx",,"EECDD82064D24D25990249A48C4C304DB70B3D05","EECDD82064D24D25990249A48C4C304DB70B3D05","EECDD82064D24D25990249A48C4C304DB70B3D05","moved",""
"반자동\반자동결과\threads_live_report_0517_1039_pregen_0517_반자동결과_0517_1520.xlsx","C:\Users\ding9\Desktop\madoyo\반자동\반자동결과\threads_live_report_0517_1039_pregen_0517_반자동결과_0517_1520.xlsx","E:\madoyo_excel_archive_20260522\from_madoyo\반자동\반자동결과\threads_live_report_0517_1039_pregen_0517_반자동결과_0517_1520.xlsx","C:\Users\ding9\Desktop\폐기\madoyo_cleanup_20260522\excel_from_madoyo\반자동\반자동결과\threads_live_report_0517_1039_pregen_0517_반자동결과_0517_1520.xlsx",,"EF0C95CAFD5C4FEBC79EA866CC493B44E4BBEFD2","EF0C95CAFD5C4FEBC79EA866CC493B44E4BBEFD2","EF0C95CAFD5C4FEBC79EA866CC493B44E4BBEFD2","moved",""
"반자동\반자동결과\threads_live_report_0517_1039_pregen_0517_반자동결과_0517_1525.xlsx","C:\Users\ding9\Desktop\madoyo\반자동\반자동결과\threads_live_report_0517_1039_pregen_0517_반자동결과_0517_1525.xlsx","E:\madoyo_excel_archive_20260522\from_madoyo\반자동\반자동결과\threads_live_report_0517_1039_pregen_0517_반자동결과_0517_1525.xlsx","C:\Users\ding9\Desktop\폐기\madoyo_cleanup_20260522\excel_from_madoyo\반자동\반자동결과\threads_live_report_0517_1039_pregen_0517_반자동결과_0517_1525.xlsx",,"84185B2ABAA5271B83B7AC9977007B71ACEDA9A7","84185B2ABAA5271B83B7AC9977007B71ACEDA9A7","84185B2ABAA5271B83B7AC9977007B71ACEDA9A7","moved",""
"반자동\반자동결과\threads_live_report_0517_1039_pregen_0517_반자동결과_0517_1556.xlsx","C:\Users\ding9\Desktop\madoyo\반자동\반자동결과\threads_live_report_0517_1039_pregen_0517_반자동결과_0517_1556.xlsx","E:\madoyo_excel_archive_20260522\from_madoyo\반자동\반자동결과\threads_live_report_0517_1039_pregen_0517_반자동결과_0517_1556.xlsx","C:\Users\ding9\Desktop\폐기\madoyo_cleanup_20260522\excel_from_madoyo\반자동\반자동결과\threads_live_report_0517_1039_pregen_0517_반자동결과_0517_1556.xlsx",,"36340853F13C197CE66481CD8AA0F2ED857B8D31","36340853F13C197CE66481CD8AA0F2ED857B8D31","36340853F13C197CE66481CD8AA0F2ED857B8D31","moved",""
"반자동\반자동결과\threads_live_report_0522_1156_수동화결과_0522_1201_반자동결과_0522_1230.xlsx","C:\Users\ding9\Desktop\madoyo\반자동\반자동결과\threads_live_report_0522_1156_수동화결과_0522_1201_반자동결과_0522_1230.xlsx","E:\madoyo_excel_archive_20260522\from_madoyo\반자동\반자동결과\threads_live_report_0522_1156_수동화결과_0522_1201_반자동결과_0522_1230.xlsx","C:\Users\ding9\Desktop\폐기\madoyo_cleanup_20260522\excel_from_madoyo\반자동\반자동결과\threads_live_report_0522_1156_수동화결과_0522_1201_반자동결과_0522_1230.xlsx",,"E88F65194926B4712AB38733FD01C0645702E933","E88F65194926B4712AB38733FD01C0645702E933","E88F65194926B4712AB38733FD01C0645702E933","moved",""
"반자동\반자동결과\threads_live_report_0522_1156_수동화결과_0522_1201_반자동결과_0522_1233.xlsx","C:\Users\ding9\Desktop\madoyo\반자동\반자동결과\threads_live_report_0522_1156_수동화결과_0522_1201_반자동결과_0522_1233.xlsx","E:\madoyo_excel_archive_20260522\from_madoyo\반자동\반자동결과\threads_live_report_0522_1156_수동화결과_0522_1201_반자동결과_0522_1233.xlsx","C:\Users\ding9\Desktop\폐기\madoyo_cleanup_20260522\excel_from_madoyo\반자동\반자동결과\threads_live_report_0522_1156_수동화결과_0522_1201_반자동결과_0522_1233.xlsx",,"5DC17FE8B7EB8AD9C7346A87BE9BC3CA74A3F0FC","5DC17FE8B7EB8AD9C7346A87BE9BC3CA74A3F0FC","5DC17FE8B7EB8AD9C7346A87BE9BC3CA74A3F0FC","moved",""
"반자동\반자동참조\업로드완료\final_ready_to_upload.xlsx","C:\Users\ding9\Desktop\madoyo\반자동\반자동참조\업로드완료\final_ready_to_upload.xlsx","E:\madoyo_excel_archive_20260522\from_madoyo\반자동\반자동참조\업로드완료\final_ready_to_upload.xlsx","C:\Users\ding9\Desktop\폐기\madoyo_cleanup_20260522\excel_from_madoyo\반자동\반자동참조\업로드완료\final_ready_to_upload.xlsx",,"24CCB63193BB2331F382C92C132168617304FC0B","24CCB63193BB2331F382C92C132168617304FC0B","24CCB63193BB2331F382C92C132168617304FC0B","moved",""
"반자동\반자동참조\업로드완료\final_ready_to_upload_1777501831.xlsx","C:\Users\ding9\Desktop\madoyo\반자동\반자동참조\업로드완료\final_ready_to_upload_1777501831.xlsx","E:\madoyo_excel_archive_20260522\from_madoyo\반자동\반자동참조\업로드완료\final_ready_to_upload_1777501831.xlsx","C:\Users\ding9\Desktop\폐기\madoyo_cleanup_20260522\excel_from_madoyo\반자동\반자동참조\업로드완료\final_ready_to_upload_1777501831.xlsx",,"2E404A10FF28C86C769438BB0F8D4BEAE0C0169C","2E404A10FF28C86C769438BB0F8D4BEAE0C0169C","2E404A10FF28C86C769438BB0F8D4BEAE0C0169C","moved",""
"반자동\반자동참조\final_merged_results_0429.xlsx","C:\Users\ding9\Desktop\madoyo\반자동\반자동참조\final_merged_results_0429.xlsx","E:\madoyo_excel_archive_20260522\from_madoyo\반자동\반자동참조\final_merged_results_0429.xlsx","C:\Users\ding9\Desktop\폐기\madoyo_cleanup_20260522\excel_from_madoyo\반자동\반자동참조\final_merged_results_0429.xlsx",,"F8CCF699037276D945FCDD696698F92F5E359B64","F8CCF699037276D945FCDD696698F92F5E359B64","F8CCF699037276D945FCDD696698F92F5E359B64","moved",""
"반자동\반자동참조\test_item_18.xlsx","C:\Users\ding9\Desktop\madoyo\반자동\반자동참조\test_item_18.xlsx","E:\madoyo_excel_archive_20260522\from_madoyo\반자동\반자동참조\test_item_18.xlsx","C:\Users\ding9\Desktop\폐기\madoyo_cleanup_20260522\excel_from_madoyo\반자동\반자동참조\test_item_18.xlsx",,"4B9BC4473C679D6A5B42338259519797C30F0749","4B9BC4473C679D6A5B42338259519797C30F0749","4B9BC4473C679D6A5B42338259519797C30F0749","moved",""
"반자동\반자동참조\threads_live_report_0517_1039_pregen_0517.xlsx","C:\Users\ding9\Desktop\madoyo\반자동\반자동참조\threads_live_report_0517_1039_pregen_0517.xlsx","E:\madoyo_excel_archive_20260522\from_madoyo\반자동\반자동참조\threads_live_report_0517_1039_pregen_0517.xlsx","C:\Users\ding9\Desktop\폐기\madoyo_cleanup_20260522\excel_from_madoyo\반자동\반자동참조\threads_live_report_0517_1039_pregen_0517.xlsx",,"CD2DA63B4C25F4C22EBE4E894D1DDD337797CD8C","CD2DA63B4C25F4C22EBE4E894D1DDD337797CD8C","CD2DA63B4C25F4C22EBE4E894D1DDD337797CD8C","moved",""
"수동화\검토후삭제_0428_본문검증\threads_live_report_0428_1429_수동화결과_0428_1440.xlsx","C:\Users\ding9\Desktop\madoyo\수동화\검토후삭제_0428_본문검증\threads_live_report_0428_1429_수동화결과_0428_1440.xlsx","E:\madoyo_excel_archive_20260522\from_madoyo\수동화\검토후삭제_0428_본문검증\threads_live_report_0428_1429_수동화결과_0428_1440.xlsx","C:\Users\ding9\Desktop\폐기\madoyo_cleanup_20260522\excel_from_madoyo\수동화\검토후삭제_0428_본문검증\threads_live_report_0428_1429_수동화결과_0428_1440.xlsx",,"6A58576E05BCF9CC2E1A26932122AEDBC684C512","6A58576E05BCF9CC2E1A26932122AEDBC684C512","6A58576E05BCF9CC2E1A26932122AEDBC684C512","moved",""
"수동화\검토후삭제_0428_본문검증\threads_live_report_0428_1429_수동화결과_0428_fixed.xlsx","C:\Users\ding9\Desktop\madoyo\수동화\검토후삭제_0428_본문검증\threads_live_report_0428_1429_수동화결과_0428_fixed.xlsx","E:\madoyo_excel_archive_20260522\from_madoyo\수동화\검토후삭제_0428_본문검증\threads_live_report_0428_1429_수동화결과_0428_fixed.xlsx","C:\Users\ding9\Desktop\폐기\madoyo_cleanup_20260522\excel_from_madoyo\수동화\검토후삭제_0428_본문검증\threads_live_report_0428_1429_수동화결과_0428_fixed.xlsx",,"1FA2B61CCACF5A1CBC98E5D7E17A4E6092406211","1FA2B61CCACF5A1CBC98E5D7E17A4E6092406211","1FA2B61CCACF5A1CBC98E5D7E17A4E6092406211","moved",""
"수동화\검토후삭제_0428_본문검증\threads_live_report_0428_1429_수동화결과_0428_scraperfix.xlsx","C:\Users\ding9\Desktop\madoyo\수동화\검토후삭제_0428_본문검증\threads_live_report_0428_1429_수동화결과_0428_scraperfix.xlsx","E:\madoyo_excel_archive_20260522\from_madoyo\수동화\검토후삭제_0428_본문검증\threads_live_report_0428_1429_수동화결과_0428_scraperfix.xlsx","C:\Users\ding9\Desktop\폐기\madoyo_cleanup_20260522\excel_from_madoyo\수동화\검토후삭제_0428_본문검증\threads_live_report_0428_1429_수동화결과_0428_scraperfix.xlsx",,"575C44F5E73F830920BAE98EA5B140F08CEAF051","575C44F5E73F830920BAE98EA5B140F08CEAF051","575C44F5E73F830920BAE98EA5B140F08CEAF051","moved",""
"수동화\검토후삭제_0428_본문검증\threads_live_report_0428_1429_수동화결과_0428_scraperfix2.xlsx","C:\Users\ding9\Desktop\madoyo\수동화\검토후삭제_0428_본문검증\threads_live_report_0428_1429_수동화결과_0428_scraperfix2.xlsx","E:\madoyo_excel_archive_20260522\from_madoyo\수동화\검토후삭제_0428_본문검증\threads_live_report_0428_1429_수동화결과_0428_scraperfix2.xlsx","C:\Users\ding9\Desktop\폐기\madoyo_cleanup_20260522\excel_from_madoyo\수동화\검토후삭제_0428_본문검증\threads_live_report_0428_1429_수동화결과_0428_scraperfix2.xlsx",,"439EEE5A5A2038A2655C1CCA929B00E0E2E97D6E","439EEE5A5A2038A2655C1CCA929B00E0E2E97D6E","439EEE5A5A2038A2655C1CCA929B00E0E2E97D6E","moved",""
"수동화\수동화참조\작업완료\threads_links_report_0424_2224.xlsx","C:\Users\ding9\Desktop\madoyo\수동화\수동화참조\작업완료\threads_links_report_0424_2224.xlsx","E:\madoyo_excel_archive_20260522\from_madoyo\수동화\수동화참조\작업완료\threads_links_report_0424_2224.xlsx","C:\Users\ding9\Desktop\폐기\madoyo_cleanup_20260522\excel_from_madoyo\수동화\수동화참조\작업완료\threads_links_report_0424_2224.xlsx",,"335891394FC08658BCC12BB66CC184C7CD8363D3","335891394FC08658BCC12BB66CC184C7CD8363D3","335891394FC08658BCC12BB66CC184C7CD8363D3","moved",""
"수동화\수동화참조\작업완료\threads_links_report_0429_0325.xlsx","C:\Users\ding9\Desktop\madoyo\수동화\수동화참조\작업완료\threads_links_report_0429_0325.xlsx","E:\madoyo_excel_archive_20260522\from_madoyo\수동화\수동화참조\작업완료\threads_links_report_0429_0325.xlsx","C:\Users\ding9\Desktop\폐기\madoyo_cleanup_20260522\excel_from_madoyo\수동화\수동화참조\작업완료\threads_links_report_0429_0325.xlsx",,"D25933AEE9892E5DFC23C869D2CAA92E550BA3FF","D25933AEE9892E5DFC23C869D2CAA92E550BA3FF","D25933AEE9892E5DFC23C869D2CAA92E550BA3FF","moved",""
"수동화\수동화참조\작업완료\threads_live_report_0428_1429.xlsx","C:\Users\ding9\Desktop\madoyo\수동화\수동화참조\작업완료\threads_live_report_0428_1429.xlsx","E:\madoyo_excel_archive_20260522\from_madoyo\수동화\수동화참조\작업완료\threads_live_report_0428_1429.xlsx","C:\Users\ding9\Desktop\폐기\madoyo_cleanup_20260522\excel_from_madoyo\수동화\수동화참조\작업완료\threads_live_report_0428_1429.xlsx",,"94B47FE464448EA22B9583B13AAFB6C99165783C","94B47FE464448EA22B9583B13AAFB6C99165783C","94B47FE464448EA22B9583B13AAFB6C99165783C","moved",""
"수동화\수동화참조\threads_links_report_0429_2252.xlsx","C:\Users\ding9\Desktop\madoyo\수동화\수동화참조\threads_links_report_0429_2252.xlsx","E:\madoyo_excel_archive_20260522\from_madoyo\수동화\수동화참조\threads_links_report_0429_2252.xlsx","C:\Users\ding9\Desktop\폐기\madoyo_cleanup_20260522\excel_from_madoyo\수동화\수동화참조\threads_links_report_0429_2252.xlsx",,"B5EBFF5290CD46380F22B59CA843C7B60120B0D3","B5EBFF5290CD46380F22B59CA843C7B60120B0D3","B5EBFF5290CD46380F22B59CA843C7B60120B0D3","moved",""
"수동화\수동화참조\threads_live_report_0503_2043.xlsx","C:\Users\ding9\Desktop\madoyo\수동화\수동화참조\threads_live_report_0503_2043.xlsx","E:\madoyo_excel_archive_20260522\from_madoyo\수동화\수동화참조\threads_live_report_0503_2043.xlsx","C:\Users\ding9\Desktop\폐기\madoyo_cleanup_20260522\excel_from_madoyo\수동화\수동화참조\threads_live_report_0503_2043.xlsx",,"25A27DA1E9B797E52FB39FAC937587FAF12ECC7E","25A27DA1E9B797E52FB39FAC937587FAF12ECC7E","25A27DA1E9B797E52FB39FAC937587FAF12ECC7E","moved",""
"수동화\완료\threads_links_report_0429_0325_수동화결과_0429_0333.xlsx","C:\Users\ding9\Desktop\madoyo\수동화\완료\threads_links_report_0429_0325_수동화결과_0429_0333.xlsx","E:\madoyo_excel_archive_20260522\from_madoyo\수동화\완료\threads_links_report_0429_0325_수동화결과_0429_0333.xlsx","C:\Users\ding9\Desktop\폐기\madoyo_cleanup_20260522\excel_from_madoyo\수동화\완료\threads_links_report_0429_0325_수동화결과_0429_0333.xlsx",,"20E8D17D2E7237D28F731FA1B783B2F74B5D42CD","20E8D17D2E7237D28F731FA1B783B2F74B5D42CD","20E8D17D2E7237D28F731FA1B783B2F74B5D42CD","moved",""
"수동화\완료\threads_live_report_0428_1429_수동화결과_0428_rerun_1659.xlsx","C:\Users\ding9\Desktop\madoyo\수동화\완료\threads_live_report_0428_1429_수동화결과_0428_rerun_1659.xlsx","E:\madoyo_excel_archive_20260522\from_madoyo\수동화\완료\threads_live_report_0428_1429_수동화결과_0428_rerun_1659.xlsx","C:\Users\ding9\Desktop\폐기\madoyo_cleanup_20260522\excel_from_madoyo\수동화\완료\threads_live_report_0428_1429_수동화결과_0428_rerun_1659.xlsx",,"567FB41C912F461A9944FB07B350A23B45E9989E","567FB41C912F461A9944FB07B350A23B45E9989E","567FB41C912F461A9944FB07B350A23B45E9989E","moved",""
"수동화\threads_links_first_comments.xlsx","C:\Users\ding9\Desktop\madoyo\수동화\threads_links_first_comments.xlsx","E:\madoyo_excel_archive_20260522\from_madoyo\수동화\threads_links_first_comments.xlsx","C:\Users\ding9\Desktop\폐기\madoyo_cleanup_20260522\excel_from_madoyo\수동화\threads_links_first_comments.xlsx",,"334F02435C7255062869E5A78B8FC016D2680BDD","334F02435C7255062869E5A78B8FC016D2680BDD","334F02435C7255062869E5A78B8FC016D2680BDD","moved",""
"수동화\threads_links_report_0429_2252_수동화결과_0429_2255.xlsx","C:\Users\ding9\Desktop\madoyo\수동화\threads_links_report_0429_2252_수동화결과_0429_2255.xlsx","E:\madoyo_excel_archive_20260522\from_madoyo\수동화\threads_links_report_0429_2252_수동화결과_0429_2255.xlsx","C:\Users\ding9\Desktop\폐기\madoyo_cleanup_20260522\excel_from_madoyo\수동화\threads_links_report_0429_2252_수동화결과_0429_2255.xlsx",,"B7C83F26D339D5CCBEA3448E5CF0B57ED680F52C","B7C83F26D339D5CCBEA3448E5CF0B57ED680F52C","B7C83F26D339D5CCBEA3448E5CF0B57ED680F52C","moved",""
"수집_데이터\threads_live_report_0209_1542.xlsx","C:\Users\ding9\Desktop\madoyo\수집_데이터\threads_live_report_0209_1542.xlsx","E:\madoyo_excel_archive_20260522\from_madoyo\수집_데이터\threads_live_report_0209_1542.xlsx","C:\Users\ding9\Desktop\폐기\madoyo_cleanup_20260522\excel_from_madoyo\수집_데이터\threads_live_report_0209_1542.xlsx",,"22255F6DCFC1F7B15827EA39264B1C817EBB0682","22255F6DCFC1F7B15827EA39264B1C817EBB0682","22255F6DCFC1F7B15827EA39264B1C817EBB0682","moved",""
"수집_데이터\threads_live_report_0212_0031.xlsx","C:\Users\ding9\Desktop\madoyo\수집_데이터\threads_live_report_0212_0031.xlsx","E:\madoyo_excel_archive_20260522\from_madoyo\수집_데이터\threads_live_report_0212_0031.xlsx","C:\Users\ding9\Desktop\폐기\madoyo_cleanup_20260522\excel_from_madoyo\수집_데이터\threads_live_report_0212_0031.xlsx",,"EB1C67EB8A8CA414CAF2D75BDEE293F750C2F3ED","EB1C67EB8A8CA414CAF2D75BDEE293F750C2F3ED","EB1C67EB8A8CA414CAF2D75BDEE293F750C2F3ED","moved",""
"수집_데이터\threads_live_report_0212_0108.xlsx","C:\Users\ding9\Desktop\madoyo\수집_데이터\threads_live_report_0212_0108.xlsx","E:\madoyo_excel_archive_20260522\from_madoyo\수집_데이터\threads_live_report_0212_0108.xlsx","C:\Users\ding9\Desktop\폐기\madoyo_cleanup_20260522\excel_from_madoyo\수집_데이터\threads_live_report_0212_0108.xlsx",,"E6318377A2B672C42C44376A2B7E90A9F5ED571B","E6318377A2B672C42C44376A2B7E90A9F5ED571B","E6318377A2B672C42C44376A2B7E90A9F5ED571B","moved",""
"수집_데이터\threads_live_report_0212_0119.xlsx","C:\Users\ding9\Desktop\madoyo\수집_데이터\threads_live_report_0212_0119.xlsx","E:\madoyo_excel_archive_20260522\from_madoyo\수집_데이터\threads_live_report_0212_0119.xlsx","C:\Users\ding9\Desktop\폐기\madoyo_cleanup_20260522\excel_from_madoyo\수집_데이터\threads_live_report_0212_0119.xlsx",,"81BFF4CCC67610338E270CFA8D055AB3ABB68D28","81BFF4CCC67610338E270CFA8D055AB3ABB68D28","81BFF4CCC67610338E270CFA8D055AB3ABB68D28","moved",""
"아카이브\처리됨kk\kkthreads_live_report_0120_0048.xlsx","C:\Users\ding9\Desktop\madoyo\아카이브\처리됨kk\kkthreads_live_report_0120_0048.xlsx","E:\madoyo_excel_archive_20260522\from_madoyo\아카이브\처리됨kk\kkthreads_live_report_0120_0048.xlsx","C:\Users\ding9\Desktop\폐기\madoyo_cleanup_20260522\excel_from_madoyo\아카이브\처리됨kk\kkthreads_live_report_0120_0048.xlsx",,"42AF285D24E8B08774C154CB855E1B27201451A3","42AF285D24E8B08774C154CB855E1B27201451A3","42AF285D24E8B08774C154CB855E1B27201451A3","moved",""
"아카이브\처리됨kk\kkthreads_live_report_0127_2307.xlsx","C:\Users\ding9\Desktop\madoyo\아카이브\처리됨kk\kkthreads_live_report_0127_2307.xlsx","E:\madoyo_excel_archive_20260522\from_madoyo\아카이브\처리됨kk\kkthreads_live_report_0127_2307.xlsx","C:\Users\ding9\Desktop\폐기\madoyo_cleanup_20260522\excel_from_madoyo\아카이브\처리됨kk\kkthreads_live_report_0127_2307.xlsx",,"08CE5F0B2139F8467DB7621208B5C261192682FF","08CE5F0B2139F8467DB7621208B5C261192682FF","08CE5F0B2139F8467DB7621208B5C261192682FF","moved",""
"아카이브\처리됨kk\kkthreads_live_report_0202_1803.xlsx","C:\Users\ding9\Desktop\madoyo\아카이브\처리됨kk\kkthreads_live_report_0202_1803.xlsx","E:\madoyo_excel_archive_20260522\from_madoyo\아카이브\처리됨kk\kkthreads_live_report_0202_1803.xlsx","C:\Users\ding9\Desktop\폐기\madoyo_cleanup_20260522\excel_from_madoyo\아카이브\처리됨kk\kkthreads_live_report_0202_1803.xlsx",,"CEE1BFFDAD4B93993E127249C085B4C9DCC5B93D","CEE1BFFDAD4B93993E127249C085B4C9DCC5B93D","CEE1BFFDAD4B93993E127249C085B4C9DCC5B93D","moved",""
"아카이브\처리됨kk\kkthreads_live_report_0204_1354.xlsx","C:\Users\ding9\Desktop\madoyo\아카이브\처리됨kk\kkthreads_live_report_0204_1354.xlsx","E:\madoyo_excel_archive_20260522\from_madoyo\아카이브\처리됨kk\kkthreads_live_report_0204_1354.xlsx","C:\Users\ding9\Desktop\폐기\madoyo_cleanup_20260522\excel_from_madoyo\아카이브\처리됨kk\kkthreads_live_report_0204_1354.xlsx",,"82794FEC65D6F9B0FA0F48788EFDD8C4EC678273","82794FEC65D6F9B0FA0F48788EFDD8C4EC678273","82794FEC65D6F9B0FA0F48788EFDD8C4EC678273","moved",""
"아카이브\처리됨kk\kkthreads_live_report_0209_1510.xlsx","C:\Users\ding9\Desktop\madoyo\아카이브\처리됨kk\kkthreads_live_report_0209_1510.xlsx","E:\madoyo_excel_archive_20260522\from_madoyo\아카이브\처리됨kk\kkthreads_live_report_0209_1510.xlsx","C:\Users\ding9\Desktop\폐기\madoyo_cleanup_20260522\excel_from_madoyo\아카이브\처리됨kk\kkthreads_live_report_0209_1510.xlsx",,"C535FD3A007F8517526CDE7DB9C044053AC9CB39","C535FD3A007F8517526CDE7DB9C044053AC9CB39","C535FD3A007F8517526CDE7DB9C044053AC9CB39","moved",""
"아카이브\처리됨kk\kkthreads_night_report_0206_0228.xlsx","C:\Users\ding9\Desktop\madoyo\아카이브\처리됨kk\kkthreads_night_report_0206_0228.xlsx","E:\madoyo_excel_archive_20260522\from_madoyo\아카이브\처리됨kk\kkthreads_night_report_0206_0228.xlsx","C:\Users\ding9\Desktop\폐기\madoyo_cleanup_20260522\excel_from_madoyo\아카이브\처리됨kk\kkthreads_night_report_0206_0228.xlsx",,"4EABFA348A7112AD5FF56679646DA536CA69020E","4EABFA348A7112AD5FF56679646DA536CA69020E","4EABFA348A7112AD5FF56679646DA536CA69020E","moved",""
"아카이브\처리됨kk\kkthreads_slow_report_0209_0323.xlsx","C:\Users\ding9\Desktop\madoyo\아카이브\처리됨kk\kkthreads_slow_report_0209_0323.xlsx","E:\madoyo_excel_archive_20260522\from_madoyo\아카이브\처리됨kk\kkthreads_slow_report_0209_0323.xlsx","C:\Users\ding9\Desktop\폐기\madoyo_cleanup_20260522\excel_from_madoyo\아카이브\처리됨kk\kkthreads_slow_report_0209_0323.xlsx",,"A3330EF1AD336E506D7C1239DB8030511B3949E5","A3330EF1AD336E506D7C1239DB8030511B3949E5","A3330EF1AD336E506D7C1239DB8030511B3949E5","moved",""
"아카이브\처리됨kk\kkthreads_slow_report_0209_1206.xlsx","C:\Users\ding9\Desktop\madoyo\아카이브\처리됨kk\kkthreads_slow_report_0209_1206.xlsx","E:\madoyo_excel_archive_20260522\from_madoyo\아카이브\처리됨kk\kkthreads_slow_report_0209_1206.xlsx","C:\Users\ding9\Desktop\폐기\madoyo_cleanup_20260522\excel_from_madoyo\아카이브\처리됨kk\kkthreads_slow_report_0209_1206.xlsx",,"672E178C576B6403A9A576413CDA6BD3641446A7","672E178C576B6403A9A576413CDA6BD3641446A7","672E178C576B6403A9A576413CDA6BD3641446A7","moved",""
"연구소\ml연구소\20260501_uploaded_pairwise_ranker\01_posts_long_audit.xlsx","C:\Users\ding9\Desktop\madoyo\연구소\ml연구소\20260501_uploaded_pairwise_ranker\01_posts_long_audit.xlsx","E:\madoyo_excel_archive_20260522\from_madoyo\연구소\ml연구소\20260501_uploaded_pairwise_ranker\01_posts_long_audit.xlsx","C:\Users\ding9\Desktop\폐기\madoyo_cleanup_20260522\excel_from_madoyo\연구소\ml연구소\20260501_uploaded_pairwise_ranker\01_posts_long_audit.xlsx",,"A550123A461F94A386AA3E753D34ED7D1A6C942E","A550123A461F94A386AA3E753D34ED7D1A6C942E","A550123A461F94A386AA3E753D34ED7D1A6C942E","moved",""
"연구소\ml연구소\20260501_uploaded_pairwise_ranker\02_media_group_audit.xlsx","C:\Users\ding9\Desktop\madoyo\연구소\ml연구소\20260501_uploaded_pairwise_ranker\02_media_group_audit.xlsx","E:\madoyo_excel_archive_20260522\from_madoyo\연구소\ml연구소\20260501_uploaded_pairwise_ranker\02_media_group_audit.xlsx","C:\Users\ding9\Desktop\폐기\madoyo_cleanup_20260522\excel_from_madoyo\연구소\ml연구소\20260501_uploaded_pairwise_ranker\02_media_group_audit.xlsx",,"7CE3829DFEF46AE926F5D9B3AB2C1B26544E6325","7CE3829DFEF46AE926F5D9B3AB2C1B26544E6325","7CE3829DFEF46AE926F5D9B3AB2C1B26544E6325","moved",""
"연구소\ml연구소\20260501_uploaded_pairwise_ranker\03_same_media_groups_wide.xlsx","C:\Users\ding9\Desktop\madoyo\연구소\ml연구소\20260501_uploaded_pairwise_ranker\03_same_media_groups_wide.xlsx","E:\madoyo_excel_archive_20260522\from_madoyo\연구소\ml연구소\20260501_uploaded_pairwise_ranker\03_same_media_groups_wide.xlsx","C:\Users\ding9\Desktop\폐기\madoyo_cleanup_20260522\excel_from_madoyo\연구소\ml연구소\20260501_uploaded_pairwise_ranker\03_same_media_groups_wide.xlsx",,"1A27AABC7B13C56733215400B8A2498DC93EB84C","1A27AABC7B13C56733215400B8A2498DC93EB84C","1A27AABC7B13C56733215400B8A2498DC93EB84C","moved",""
"연구소\ml연구소\20260501_uploaded_pairwise_ranker\04_train_benchmark_split_candidates.xlsx","C:\Users\ding9\Desktop\madoyo\연구소\ml연구소\20260501_uploaded_pairwise_ranker\04_train_benchmark_split_candidates.xlsx","E:\madoyo_excel_archive_20260522\from_madoyo\연구소\ml연구소\20260501_uploaded_pairwise_ranker\04_train_benchmark_split_candidates.xlsx","C:\Users\ding9\Desktop\폐기\madoyo_cleanup_20260522\excel_from_madoyo\연구소\ml연구소\20260501_uploaded_pairwise_ranker\04_train_benchmark_split_candidates.xlsx",,"8376E3E08D8E915CE7FC581A4A2AA9AC269FD1F3","8376E3E08D8E915CE7FC581A4A2AA9AC269FD1F3","8376E3E08D8E915CE7FC581A4A2AA9AC269FD1F3","moved",""
"연구소\ml연구소\20260501_uploaded_pairwise_ranker\05_missing_or_uncertain_rows.xlsx","C:\Users\ding9\Desktop\madoyo\연구소\ml연구소\20260501_uploaded_pairwise_ranker\05_missing_or_uncertain_rows.xlsx","E:\madoyo_excel_archive_20260522\from_madoyo\연구소\ml연구소\20260501_uploaded_pairwise_ranker\05_missing_or_uncertain_rows.xlsx","C:\Users\ding9\Desktop\폐기\madoyo_cleanup_20260522\excel_from_madoyo\연구소\ml연구소\20260501_uploaded_pairwise_ranker\05_missing_or_uncertain_rows.xlsx",,"0FA5E8CAB5AB377154816FBE3A69268D8C191372","0FA5E8CAB5AB377154816FBE3A69268D8C191372","0FA5E8CAB5AB377154816FBE3A69268D8C191372","moved",""
"연구소\ml연구소\20260501_uploaded_pairwise_ranker\06_final_clear_pair_benchmark_20260501.xlsx","C:\Users\ding9\Desktop\madoyo\연구소\ml연구소\20260501_uploaded_pairwise_ranker\06_final_clear_pair_benchmark_20260501.xlsx","E:\madoyo_excel_archive_20260522\from_madoyo\연구소\ml연구소\20260501_uploaded_pairwise_ranker\06_final_clear_pair_benchmark_20260501.xlsx","C:\Users\ding9\Desktop\폐기\madoyo_cleanup_20260522\excel_from_madoyo\연구소\ml연구소\20260501_uploaded_pairwise_ranker\06_final_clear_pair_benchmark_20260501.xlsx",,"E37E2490FC17DDC221D9B697FC608F11D64B79B8","E37E2490FC17DDC221D9B697FC608F11D64B79B8","E37E2490FC17DDC221D9B697FC608F11D64B79B8","moved",""
"연구소\ml연구소\20260501_uploaded_pairwise_ranker\07_final_text_stack_benchmark_20260501.xlsx","C:\Users\ding9\Desktop\madoyo\연구소\ml연구소\20260501_uploaded_pairwise_ranker\07_final_text_stack_benchmark_20260501.xlsx","E:\madoyo_excel_archive_20260522\from_madoyo\연구소\ml연구소\20260501_uploaded_pairwise_ranker\07_final_text_stack_benchmark_20260501.xlsx","C:\Users\ding9\Desktop\폐기\madoyo_cleanup_20260522\excel_from_madoyo\연구소\ml연구소\20260501_uploaded_pairwise_ranker\07_final_text_stack_benchmark_20260501.xlsx",,"D9DF54BB10FBF32AC3F0D0A8532997BC1D5C4C62","D9DF54BB10FBF32AC3F0D0A8532997BC1D5C4C62","D9DF54BB10FBF32AC3F0D0A8532997BC1D5C4C62","moved",""
"연구소\ml연구소\20260501_uploaded_pairwise_ranker\all_same_media_confidence_gate_validation_20260503_172909.xlsx","C:\Users\ding9\Desktop\madoyo\연구소\ml연구소\20260501_uploaded_pairwise_ranker\all_same_media_confidence_gate_validation_20260503_172909.xlsx","E:\madoyo_excel_archive_20260522\from_madoyo\연구소\ml연구소\20260501_uploaded_pairwise_ranker\all_same_media_confidence_gate_validation_20260503_172909.xlsx","C:\Users\ding9\Desktop\폐기\madoyo_cleanup_20260522\excel_from_madoyo\연구소\ml연구소\20260501_uploaded_pairwise_ranker\all_same_media_confidence_gate_validation_20260503_172909.xlsx",,"A4F872DAE38D99A8FE92B483BE9D324124878B35","A4F872DAE38D99A8FE92B483BE9D324124878B35","A4F872DAE38D99A8FE92B483BE9D324124878B35","moved",""
"연구소\ml연구소\20260501_uploaded_pairwise_ranker\alternative_label_sweep_20260501.xlsx","C:\Users\ding9\Desktop\madoyo\연구소\ml연구소\20260501_uploaded_pairwise_ranker\alternative_label_sweep_20260501.xlsx","E:\madoyo_excel_archive_20260522\from_madoyo\연구소\ml연구소\20260501_uploaded_pairwise_ranker\alternative_label_sweep_20260501.xlsx","C:\Users\ding9\Desktop\폐기\madoyo_cleanup_20260522\excel_from_madoyo\연구소\ml연구소\20260501_uploaded_pairwise_ranker\alternative_label_sweep_20260501.xlsx",,"F7F3BB08E02C4DCD8C12D1D10DA26D05E919941F","F7F3BB08E02C4DCD8C12D1D10DA26D05E919941F","F7F3BB08E02C4DCD8C12D1D10DA26D05E919941F","moved",""
"연구소\ml연구소\20260501_uploaded_pairwise_ranker\copy_only_account_normalized_confidence_gate_best_pairs_20260501.xlsx","C:\Users\ding9\Desktop\madoyo\연구소\ml연구소\20260501_uploaded_pairwise_ranker\copy_only_account_normalized_confidence_gate_best_pairs_20260501.xlsx","E:\madoyo_excel_archive_20260522\from_madoyo\연구소\ml연구소\20260501_uploaded_pairwise_ranker\copy_only_account_normalized_confidence_gate_best_pairs_20260501.xlsx","C:\Users\ding9\Desktop\폐기\madoyo_cleanup_20260522\excel_from_madoyo\연구소\ml연구소\20260501_uploaded_pairwise_ranker\copy_only_account_normalized_confidence_gate_best_pairs_20260501.xlsx",,"361A3B38E33AF6EE13704B6413584AF90BC1BD55","361A3B38E33AF6EE13704B6413584AF90BC1BD55","361A3B38E33AF6EE13704B6413584AF90BC1BD55","moved",""
"연구소\ml연구소\20260501_uploaded_pairwise_ranker\copy_only_account_normalized_confidence_gate_sweep_20260501.xlsx","C:\Users\ding9\Desktop\madoyo\연구소\ml연구소\20260501_uploaded_pairwise_ranker\copy_only_account_normalized_confidence_gate_sweep_20260501.xlsx","E:\madoyo_excel_archive_20260522\from_madoyo\연구소\ml연구소\20260501_uploaded_pairwise_ranker\copy_only_account_normalized_confidence_gate_sweep_20260501.xlsx","C:\Users\ding9\Desktop\폐기\madoyo_cleanup_20260522\excel_from_madoyo\연구소\ml연구소\20260501_uploaded_pairwise_ranker\copy_only_account_normalized_confidence_gate_sweep_20260501.xlsx",,"8A4A711E99046EC7444E13BDA215CFFDACBEB9C9","8A4A711E99046EC7444E13BDA215CFFDACBEB9C9","8A4A711E99046EC7444E13BDA215CFFDACBEB9C9","moved",""
"연구소\ml연구소\20260501_uploaded_pairwise_ranker\copy_only_account_normalized_mss_best_pairs_20260501.xlsx","C:\Users\ding9\Desktop\madoyo\연구소\ml연구소\20260501_uploaded_pairwise_ranker\copy_only_account_normalized_mss_best_pairs_20260501.xlsx","E:\madoyo_excel_archive_20260522\from_madoyo\연구소\ml연구소\20260501_uploaded_pairwise_ranker\copy_only_account_normalized_mss_best_pairs_20260501.xlsx","C:\Users\ding9\Desktop\폐기\madoyo_cleanup_20260522\excel_from_madoyo\연구소\ml연구소\20260501_uploaded_pairwise_ranker\copy_only_account_normalized_mss_best_pairs_20260501.xlsx",,"5904E3B7AA4840B3CAA077BF3F8C19FC1DA1AE47","5904E3B7AA4840B3CAA077BF3F8C19FC1DA1AE47","5904E3B7AA4840B3CAA077BF3F8C19FC1DA1AE47","moved",""
"연구소\ml연구소\20260501_uploaded_pairwise_ranker\copy_only_account_normalized_mss_sweep_20260501.xlsx","C:\Users\ding9\Desktop\madoyo\연구소\ml연구소\20260501_uploaded_pairwise_ranker\copy_only_account_normalized_mss_sweep_20260501.xlsx","E:\madoyo_excel_archive_20260522\from_madoyo\연구소\ml연구소\20260501_uploaded_pairwise_ranker\copy_only_account_normalized_mss_sweep_20260501.xlsx","C:\Users\ding9\Desktop\폐기\madoyo_cleanup_20260522\excel_from_madoyo\연구소\ml연구소\20260501_uploaded_pairwise_ranker\copy_only_account_normalized_mss_sweep_20260501.xlsx",,"6217C309F204976E749E4A8060CB112B2B9545E1","6217C309F204976E749E4A8060CB112B2B9545E1","6217C309F204976E749E4A8060CB112B2B9545E1","moved",""
"연구소\ml연구소\20260501_uploaded_pairwise_ranker\copy_only_account_normalized_stack_best_pairs_20260501.xlsx","C:\Users\ding9\Desktop\madoyo\연구소\ml연구소\20260501_uploaded_pairwise_ranker\copy_only_account_normalized_stack_best_pairs_20260501.xlsx","E:\madoyo_excel_archive_20260522\from_madoyo\연구소\ml연구소\20260501_uploaded_pairwise_ranker\copy_only_account_normalized_stack_best_pairs_20260501.xlsx","C:\Users\ding9\Desktop\폐기\madoyo_cleanup_20260522\excel_from_madoyo\연구소\ml연구소\20260501_uploaded_pairwise_ranker\copy_only_account_normalized_stack_best_pairs_20260501.xlsx",,"86AE0863443D228D2F89403D76E8A2FC76CF7A0E","86AE0863443D228D2F89403D76E8A2FC76CF7A0E","86AE0863443D228D2F89403D76E8A2FC76CF7A0E","moved",""
"연구소\ml연구소\20260501_uploaded_pairwise_ranker\copy_only_account_normalized_stack_sweep_20260501.xlsx","C:\Users\ding9\Desktop\madoyo\연구소\ml연구소\20260501_uploaded_pairwise_ranker\copy_only_account_normalized_stack_sweep_20260501.xlsx","E:\madoyo_excel_archive_20260522\from_madoyo\연구소\ml연구소\20260501_uploaded_pairwise_ranker\copy_only_account_normalized_stack_sweep_20260501.xlsx","C:\Users\ding9\Desktop\폐기\madoyo_cleanup_20260522\excel_from_madoyo\연구소\ml연구소\20260501_uploaded_pairwise_ranker\copy_only_account_normalized_stack_sweep_20260501.xlsx",,"4CA36572E84E8F9DC55A4DC91C35FEB31F718F69","4CA36572E84E8F9DC55A4DC91C35FEB31F718F69","4CA36572E84E8F9DC55A4DC91C35FEB31F718F69","moved",""
"연구소\ml연구소\20260501_uploaded_pairwise_ranker\copy_only_training_size_focus_20260501.xlsx","C:\Users\ding9\Desktop\madoyo\연구소\ml연구소\20260501_uploaded_pairwise_ranker\copy_only_training_size_focus_20260501.xlsx","E:\madoyo_excel_archive_20260522\from_madoyo\연구소\ml연구소\20260501_uploaded_pairwise_ranker\copy_only_training_size_focus_20260501.xlsx","C:\Users\ding9\Desktop\폐기\madoyo_cleanup_20260522\excel_from_madoyo\연구소\ml연구소\20260501_uploaded_pairwise_ranker\copy_only_training_size_focus_20260501.xlsx",,"D045861652172A67AAA292FE36690166DABF84E1","D045861652172A67AAA292FE36690166DABF84E1","D045861652172A67AAA292FE36690166DABF84E1","moved",""
"연구소\ml연구소\20260501_uploaded_pairwise_ranker\copy_only_training_size_sweep_20260501.xlsx","C:\Users\ding9\Desktop\madoyo\연구소\ml연구소\20260501_uploaded_pairwise_ranker\copy_only_training_size_sweep_20260501.xlsx","E:\madoyo_excel_archive_20260522\from_madoyo\연구소\ml연구소\20260501_uploaded_pairwise_ranker\copy_only_training_size_sweep_20260501.xlsx","C:\Users\ding9\Desktop\폐기\madoyo_cleanup_20260522\excel_from_madoyo\연구소\ml연구소\20260501_uploaded_pairwise_ranker\copy_only_training_size_sweep_20260501.xlsx",,"CB13109E449B8404BCB74C1ECAF21CC0AB0D4F60","CB13109E449B8404BCB74C1ECAF21CC0AB0D4F60","CB13109E449B8404BCB74C1ECAF21CC0AB0D4F60","moved",""
"연구소\ml연구소\20260501_uploaded_pairwise_ranker\copy_only_training_size_sweep_best_pairs_20260501.xlsx","C:\Users\ding9\Desktop\madoyo\연구소\ml연구소\20260501_uploaded_pairwise_ranker\copy_only_training_size_sweep_best_pairs_20260501.xlsx","E:\madoyo_excel_archive_20260522\from_madoyo\연구소\ml연구소\20260501_uploaded_pairwise_ranker\copy_only_training_size_sweep_best_pairs_20260501.xlsx","C:\Users\ding9\Desktop\폐기\madoyo_cleanup_20260522\excel_from_madoyo\연구소\ml연구소\20260501_uploaded_pairwise_ranker\copy_only_training_size_sweep_best_pairs_20260501.xlsx",,"60ACA61DCD5D8142E1BC0675FAC08ED83CE121C4","60ACA61DCD5D8142E1BC0675FAC08ED83CE121C4","60ACA61DCD5D8142E1BC0675FAC08ED83CE121C4","moved",""
"연구소\ml연구소\20260501_uploaded_pairwise_ranker\embedding_linear_fast_sweep_20260501.xlsx","C:\Users\ding9\Desktop\madoyo\연구소\ml연구소\20260501_uploaded_pairwise_ranker\embedding_linear_fast_sweep_20260501.xlsx","E:\madoyo_excel_archive_20260522\from_madoyo\연구소\ml연구소\20260501_uploaded_pairwise_ranker\embedding_linear_fast_sweep_20260501.xlsx","C:\Users\ding9\Desktop\폐기\madoyo_cleanup_20260522\excel_from_madoyo\연구소\ml연구소\20260501_uploaded_pairwise_ranker\embedding_linear_fast_sweep_20260501.xlsx",,"75C3D86D011D091F77858C2B1D74B63A4892718E","75C3D86D011D091F77858C2B1D74B63A4892718E","75C3D86D011D091F77858C2B1D74B63A4892718E","moved",""
"연구소\ml연구소\20260501_uploaded_pairwise_ranker\global_excel_confidence_gate_validation_fast_pairs_20260501.xlsx","C:\Users\ding9\Desktop\madoyo\연구소\ml연구소\20260501_uploaded_pairwise_ranker\global_excel_confidence_gate_validation_fast_pairs_20260501.xlsx","E:\madoyo_excel_archive_20260522\from_madoyo\연구소\ml연구소\20260501_uploaded_pairwise_ranker\global_excel_confidence_gate_validation_fast_pairs_20260501.xlsx","C:\Users\ding9\Desktop\폐기\madoyo_cleanup_20260522\excel_from_madoyo\연구소\ml연구소\20260501_uploaded_pairwise_ranker\global_excel_confidence_gate_validation_fast_pairs_20260501.xlsx",,"7943F4A609848ED0787588770866309AECC4DB87","7943F4A609848ED0787588770866309AECC4DB87","7943F4A609848ED0787588770866309AECC4DB87","moved",""
"연구소\ml연구소\20260501_uploaded_pairwise_ranker\global_excel_confidence_gate_validation_pairs_20260501.xlsx","C:\Users\ding9\Desktop\madoyo\연구소\ml연구소\20260501_uploaded_pairwise_ranker\global_excel_confidence_gate_validation_pairs_20260501.xlsx","E:\madoyo_excel_archive_20260522\from_madoyo\연구소\ml연구소\20260501_uploaded_pairwise_ranker\global_excel_confidence_gate_validation_pairs_20260501.xlsx","C:\Users\ding9\Desktop\폐기\madoyo_cleanup_20260522\excel_from_madoyo\연구소\ml연구소\20260501_uploaded_pairwise_ranker\global_excel_confidence_gate_validation_pairs_20260501.xlsx",,"DA39A3EE5E6B4B0D3255BFEF95601890AFD80709","DA39A3EE5E6B4B0D3255BFEF95601890AFD80709","DA39A3EE5E6B4B0D3255BFEF95601890AFD80709","moved",""
"연구소\ml연구소\20260501_uploaded_pairwise_ranker\global_same_media_fingerprint_probe_20260501.xlsx","C:\Users\ding9\Desktop\madoyo\연구소\ml연구소\20260501_uploaded_pairwise_ranker\global_same_media_fingerprint_probe_20260501.xlsx","E:\madoyo_excel_archive_20260522\from_madoyo\연구소\ml연구소\20260501_uploaded_pairwise_ranker\global_same_media_fingerprint_probe_20260501.xlsx","C:\Users\ding9\Desktop\폐기\madoyo_cleanup_20260522\excel_from_madoyo\연구소\ml연구소\20260501_uploaded_pairwise_ranker\global_same_media_fingerprint_probe_20260501.xlsx",,"2C5A5C8A4BF4D506EED6A89064C72244E7FC5697","2C5A5C8A4BF4D506EED6A89064C72244E7FC5697","2C5A5C8A4BF4D506EED6A89064C72244E7FC5697","moved",""
"연구소\ml연구소\20260501_uploaded_pairwise_ranker\global_same_media_fingerprint_probe_scored_pairs_20260501.xlsx","C:\Users\ding9\Desktop\madoyo\연구소\ml연구소\20260501_uploaded_pairwise_ranker\global_same_media_fingerprint_probe_scored_pairs_20260501.xlsx","E:\madoyo_excel_archive_20260522\from_madoyo\연구소\ml연구소\20260501_uploaded_pairwise_ranker\global_same_media_fingerprint_probe_scored_pairs_20260501.xlsx","C:\Users\ding9\Desktop\폐기\madoyo_cleanup_20260522\excel_from_madoyo\연구소\ml연구소\20260501_uploaded_pairwise_ranker\global_same_media_fingerprint_probe_scored_pairs_20260501.xlsx",,"AB3198C3E897420696E00C5F73F69B8D13A1087F","AB3198C3E897420696E00C5F73F69B8D13A1087F","AB3198C3E897420696E00C5F73F69B8D13A1087F","moved",""
"연구소\ml연구소\20260501_uploaded_pairwise_ranker\global_same_media_fingerprint_probe_v2_20260501.xlsx","C:\Users\ding9\Desktop\madoyo\연구소\ml연구소\20260501_uploaded_pairwise_ranker\global_same_media_fingerprint_probe_v2_20260501.xlsx","E:\madoyo_excel_archive_20260522\from_madoyo\연구소\ml연구소\20260501_uploaded_pairwise_ranker\global_same_media_fingerprint_probe_v2_20260501.xlsx","C:\Users\ding9\Desktop\폐기\madoyo_cleanup_20260522\excel_from_madoyo\연구소\ml연구소\20260501_uploaded_pairwise_ranker\global_same_media_fingerprint_probe_v2_20260501.xlsx",,"6AB063AAECDC3F7F8E205C231C84C1CE2452C625","6AB063AAECDC3F7F8E205C231C84C1CE2452C625","6AB063AAECDC3F7F8E205C231C84C1CE2452C625","moved",""
"연구소\ml연구소\20260501_uploaded_pairwise_ranker\hook_prefix_confidence_probe_20260507.xlsx","C:\Users\ding9\Desktop\madoyo\연구소\ml연구소\20260501_uploaded_pairwise_ranker\hook_prefix_confidence_probe_20260507.xlsx","E:\madoyo_excel_archive_20260522\from_madoyo\연구소\ml연구소\20260501_uploaded_pairwise_ranker\hook_prefix_confidence_probe_20260507.xlsx","C:\Users\ding9\Desktop\폐기\madoyo_cleanup_20260522\excel_from_madoyo\연구소\ml연구소\20260501_uploaded_pairwise_ranker\hook_prefix_confidence_probe_20260507.xlsx",,"30541DD0F14B2B172E1DA40122681998E574B507","30541DD0F14B2B172E1DA40122681998E574B507","30541DD0F14B2B172E1DA40122681998E574B507","moved",""
"연구소\ml연구소\20260501_uploaded_pairwise_ranker\length_augmented_confidence_gate_20260507.xlsx","C:\Users\ding9\Desktop\madoyo\연구소\ml연구소\20260501_uploaded_pairwise_ranker\length_augmented_confidence_gate_20260507.xlsx","E:\madoyo_excel_archive_20260522\from_madoyo\연구소\ml연구소\20260501_uploaded_pairwise_ranker\length_augmented_confidence_gate_20260507.xlsx","C:\Users\ding9\Desktop\폐기\madoyo_cleanup_20260522\excel_from_madoyo\연구소\ml연구소\20260501_uploaded_pairwise_ranker\length_augmented_confidence_gate_20260507.xlsx",,"EB587ABE84BAE12253A16AEAF771BEAF0A354D3D","EB587ABE84BAE12253A16AEAF771BEAF0A354D3D","EB587ABE84BAE12253A16AEAF771BEAF0A354D3D","moved",""
"연구소\ml연구소\20260501_uploaded_pairwise_ranker\length_guard_fusion_confidence_gate_20260507.xlsx","C:\Users\ding9\Desktop\madoyo\연구소\ml연구소\20260501_uploaded_pairwise_ranker\length_guard_fusion_confidence_gate_20260507.xlsx","E:\madoyo_excel_archive_20260522\from_madoyo\연구소\ml연구소\20260501_uploaded_pairwise_ranker\length_guard_fusion_confidence_gate_20260507.xlsx","C:\Users\ding9\Desktop\폐기\madoyo_cleanup_20260522\excel_from_madoyo\연구소\ml연구소\20260501_uploaded_pairwise_ranker\length_guard_fusion_confidence_gate_20260507.xlsx",,"B5C210DEF4C3CA781B2B353FA7066F75C848F81C","B5C210DEF4C3CA781B2B353FA7066F75C848F81C","B5C210DEF4C3CA781B2B353FA7066F75C848F81C","moved",""
"연구소\ml연구소\20260501_uploaded_pairwise_ranker\length_guard_fusion_confidence_gate_20260507_fast.xlsx","C:\Users\ding9\Desktop\madoyo\연구소\ml연구소\20260501_uploaded_pairwise_ranker\length_guard_fusion_confidence_gate_20260507_fast.xlsx","E:\madoyo_excel_archive_20260522\from_madoyo\연구소\ml연구소\20260501_uploaded_pairwise_ranker\length_guard_fusion_confidence_gate_20260507_fast.xlsx","C:\Users\ding9\Desktop\폐기\madoyo_cleanup_20260522\excel_from_madoyo\연구소\ml연구소\20260501_uploaded_pairwise_ranker\length_guard_fusion_confidence_gate_20260507_fast.xlsx",,"DCD8663F05B66A1A2051B1052DAE9DE276147693","DCD8663F05B66A1A2051B1052DAE9DE276147693","DCD8663F05B66A1A2051B1052DAE9DE276147693","moved",""
"연구소\ml연구소\20260501_uploaded_pairwise_ranker\length_ood_policy_search_20260507.xlsx","C:\Users\ding9\Desktop\madoyo\연구소\ml연구소\20260501_uploaded_pairwise_ranker\length_ood_policy_search_20260507.xlsx","E:\madoyo_excel_archive_20260522\from_madoyo\연구소\ml연구소\20260501_uploaded_pairwise_ranker\length_ood_policy_search_20260507.xlsx","C:\Users\ding9\Desktop\폐기\madoyo_cleanup_20260522\excel_from_madoyo\연구소\ml연구소\20260501_uploaded_pairwise_ranker\length_ood_policy_search_20260507.xlsx",,"58408F763BB4A5D934CA988D7D2B386D9432E9B2","58408F763BB4A5D934CA988D7D2B386D9432E9B2","58408F763BB4A5D934CA988D7D2B386D9432E9B2","moved",""
"연구소\ml연구소\20260501_uploaded_pairwise_ranker\pairwise_gap_sweep_20260501.xlsx","C:\Users\ding9\Desktop\madoyo\연구소\ml연구소\20260501_uploaded_pairwise_ranker\pairwise_gap_sweep_20260501.xlsx","E:\madoyo_excel_archive_20260522\from_madoyo\연구소\ml연구소\20260501_uploaded_pairwise_ranker\pairwise_gap_sweep_20260501.xlsx","C:\Users\ding9\Desktop\폐기\madoyo_cleanup_20260522\excel_from_madoyo\연구소\ml연구소\20260501_uploaded_pairwise_ranker\pairwise_gap_sweep_20260501.xlsx",,"51DAA2C01479156D6435668C96FB09443D1EDFB4","51DAA2C01479156D6435668C96FB09443D1EDFB4","51DAA2C01479156D6435668C96FB09443D1EDFB4","moved",""
"연구소\ml연구소\20260501_uploaded_pairwise_ranker\prefix_same_confidence_gate_probe_20260507.xlsx","C:\Users\ding9\Desktop\madoyo\연구소\ml연구소\20260501_uploaded_pairwise_ranker\prefix_same_confidence_gate_probe_20260507.xlsx","E:\madoyo_excel_archive_20260522\from_madoyo\연구소\ml연구소\20260501_uploaded_pairwise_ranker\prefix_same_confidence_gate_probe_20260507.xlsx","C:\Users\ding9\Desktop\폐기\madoyo_cleanup_20260522\excel_from_madoyo\연구소\ml연구소\20260501_uploaded_pairwise_ranker\prefix_same_confidence_gate_probe_20260507.xlsx",,"C081C91A4146075B2DAB18851E8E0B1802F99D32","C081C91A4146075B2DAB18851E8E0B1802F99D32","C081C91A4146075B2DAB18851E8E0B1802F99D32","moved",""
"연구소\ml연구소\20260501_uploaded_pairwise_ranker\prefix_same_confidence_gate_probe_20260507_full_text_best_pairs.xlsx","C:\Users\ding9\Desktop\madoyo\연구소\ml연구소\20260501_uploaded_pairwise_ranker\prefix_same_confidence_gate_probe_20260507_full_text_best_pairs.xlsx","E:\madoyo_excel_archive_20260522\from_madoyo\연구소\ml연구소\20260501_uploaded_pairwise_ranker\prefix_same_confidence_gate_probe_20260507_full_text_best_pairs.xlsx","C:\Users\ding9\Desktop\폐기\madoyo_cleanup_20260522\excel_from_madoyo\연구소\ml연구소\20260501_uploaded_pairwise_ranker\prefix_same_confidence_gate_probe_20260507_full_text_best_pairs.xlsx",,"BCCC3E319B211A4F6FD60A69B99B1C3565745CA0","BCCC3E319B211A4F6FD60A69B99B1C3565745CA0","BCCC3E319B211A4F6FD60A69B99B1C3565745CA0","moved",""
"연구소\ml연구소\20260501_uploaded_pairwise_ranker\prefix_same_confidence_gate_probe_20260507_prefix_15_best_pairs.xlsx","C:\Users\ding9\Desktop\madoyo\연구소\ml연구소\20260501_uploaded_pairwise_ranker\prefix_same_confidence_gate_probe_20260507_prefix_15_best_pairs.xlsx","E:\madoyo_excel_archive_20260522\from_madoyo\연구소\ml연구소\20260501_uploaded_pairwise_ranker\prefix_same_confidence_gate_probe_20260507_prefix_15_best_pairs.xlsx","C:\Users\ding9\Desktop\폐기\madoyo_cleanup_20260522\excel_from_madoyo\연구소\ml연구소\20260501_uploaded_pairwise_ranker\prefix_same_confidence_gate_probe_20260507_prefix_15_best_pairs.xlsx",,"D94B48A1C007F22AEF5743455C707734BAD427B6","D94B48A1C007F22AEF5743455C707734BAD427B6","D94B48A1C007F22AEF5743455C707734BAD427B6","moved",""
"연구소\ml연구소\20260501_uploaded_pairwise_ranker\prefix_same_confidence_gate_probe_20260507_prefix_30_best_pairs.xlsx","C:\Users\ding9\Desktop\madoyo\연구소\ml연구소\20260501_uploaded_pairwise_ranker\prefix_same_confidence_gate_probe_20260507_prefix_30_best_pairs.xlsx","E:\madoyo_excel_archive_20260522\from_madoyo\연구소\ml연구소\20260501_uploaded_pairwise_ranker\prefix_same_confidence_gate_probe_20260507_prefix_30_best_pairs.xlsx","C:\Users\ding9\Desktop\폐기\madoyo_cleanup_20260522\excel_from_madoyo\연구소\ml연구소\20260501_uploaded_pairwise_ranker\prefix_same_confidence_gate_probe_20260507_prefix_30_best_pairs.xlsx",,"8A41A2AD3A420551C1B93806C6A5FB96EE7E7A64","8A41A2AD3A420551C1B93806C6A5FB96EE7E7A64","8A41A2AD3A420551C1B93806C6A5FB96EE7E7A64","moved",""
"연구소\ml연구소\20260501_uploaded_pairwise_ranker\prefix_same_confidence_gate_probe_20260507_prefix_45_best_pairs.xlsx","C:\Users\ding9\Desktop\madoyo\연구소\ml연구소\20260501_uploaded_pairwise_ranker\prefix_same_confidence_gate_probe_20260507_prefix_45_best_pairs.xlsx","E:\madoyo_excel_archive_20260522\from_madoyo\연구소\ml연구소\20260501_uploaded_pairwise_ranker\prefix_same_confidence_gate_probe_20260507_prefix_45_best_pairs.xlsx","C:\Users\ding9\Desktop\폐기\madoyo_cleanup_20260522\excel_from_madoyo\연구소\ml연구소\20260501_uploaded_pairwise_ranker\prefix_same_confidence_gate_probe_20260507_prefix_45_best_pairs.xlsx",,"B0DA1158007C21751BE8255E300732B80A64EFDE","B0DA1158007C21751BE8255E300732B80A64EFDE","B0DA1158007C21751BE8255E300732B80A64EFDE","moved",""
"연구소\ml연구소\20260501_uploaded_pairwise_ranker\prefix_same_confidence_gate_probe_20260507_prefix_60_best_pairs.xlsx","C:\Users\ding9\Desktop\madoyo\연구소\ml연구소\20260501_uploaded_pairwise_ranker\prefix_same_confidence_gate_probe_20260507_prefix_60_best_pairs.xlsx","E:\madoyo_excel_archive_20260522\from_madoyo\연구소\ml연구소\20260501_uploaded_pairwise_ranker\prefix_same_confidence_gate_probe_20260507_prefix_60_best_pairs.xlsx","C:\Users\ding9\Desktop\폐기\madoyo_cleanup_20260522\excel_from_madoyo\연구소\ml연구소\20260501_uploaded_pairwise_ranker\prefix_same_confidence_gate_probe_20260507_prefix_60_best_pairs.xlsx",,"68521590842DEC83D5EE3D84DF812E36DB661C9E","68521590842DEC83D5EE3D84DF812E36DB661C9E","68521590842DEC83D5EE3D84DF812E36DB661C9E","moved",""
"연구소\ml연구소\20260501_uploaded_pairwise_ranker\quality_filter_benchmark_sweep_20260501.xlsx","C:\Users\ding9\Desktop\madoyo\연구소\ml연구소\20260501_uploaded_pairwise_ranker\quality_filter_benchmark_sweep_20260501.xlsx","E:\madoyo_excel_archive_20260522\from_madoyo\연구소\ml연구소\20260501_uploaded_pairwise_ranker\quality_filter_benchmark_sweep_20260501.xlsx","C:\Users\ding9\Desktop\폐기\madoyo_cleanup_20260522\excel_from_madoyo\연구소\ml연구소\20260501_uploaded_pairwise_ranker\quality_filter_benchmark_sweep_20260501.xlsx",,"87804B0BD98AE1475E0918C2DB0389E9EB6875C3","87804B0BD98AE1475E0918C2DB0389E9EB6875C3","87804B0BD98AE1475E0918C2DB0389E9EB6875C3","moved",""
"연구소\ml연구소\20260501_uploaded_pairwise_ranker\raw_mss_account_feature_best_pairs_20260501.xlsx","C:\Users\ding9\Desktop\madoyo\연구소\ml연구소\20260501_uploaded_pairwise_ranker\raw_mss_account_feature_best_pairs_20260501.xlsx","E:\madoyo_excel_archive_20260522\from_madoyo\연구소\ml연구소\20260501_uploaded_pairwise_ranker\raw_mss_account_feature_best_pairs_20260501.xlsx","C:\Users\ding9\Desktop\폐기\madoyo_cleanup_20260522\excel_from_madoyo\연구소\ml연구소\20260501_uploaded_pairwise_ranker\raw_mss_account_feature_best_pairs_20260501.xlsx",,"2DED2FB6DF005BE43F57797A07349B39E9AB4935","2DED2FB6DF005BE43F57797A07349B39E9AB4935","2DED2FB6DF005BE43F57797A07349B39E9AB4935","moved",""
"연구소\ml연구소\20260501_uploaded_pairwise_ranker\raw_mss_account_feature_sweep_20260501.xlsx","C:\Users\ding9\Desktop\madoyo\연구소\ml연구소\20260501_uploaded_pairwise_ranker\raw_mss_account_feature_sweep_20260501.xlsx","E:\madoyo_excel_archive_20260522\from_madoyo\연구소\ml연구소\20260501_uploaded_pairwise_ranker\raw_mss_account_feature_sweep_20260501.xlsx","C:\Users\ding9\Desktop\폐기\madoyo_cleanup_20260522\excel_from_madoyo\연구소\ml연구소\20260501_uploaded_pairwise_ranker\raw_mss_account_feature_sweep_20260501.xlsx",,"E9DA68287E6E569F88E70F7DA4E74A29CEBFA822","E9DA68287E6E569F88E70F7DA4E74A29CEBFA822","E9DA68287E6E569F88E70F7DA4E74A29CEBFA822","moved",""
"연구소\ml연구소\20260501_uploaded_pairwise_ranker\raw_mss_best_benchmark_pairs_20260501.xlsx","C:\Users\ding9\Desktop\madoyo\연구소\ml연구소\20260501_uploaded_pairwise_ranker\raw_mss_best_benchmark_pairs_20260501.xlsx","E:\madoyo_excel_archive_20260522\from_madoyo\연구소\ml연구소\20260501_uploaded_pairwise_ranker\raw_mss_best_benchmark_pairs_20260501.xlsx","C:\Users\ding9\Desktop\폐기\madoyo_cleanup_20260522\excel_from_madoyo\연구소\ml연구소\20260501_uploaded_pairwise_ranker\raw_mss_best_benchmark_pairs_20260501.xlsx",,"ABA0366CFFC55265BBFC156E56272264B75DCADB","ABA0366CFFC55265BBFC156E56272264B75DCADB","ABA0366CFFC55265BBFC156E56272264B75DCADB","moved",""
"연구소\ml연구소\20260501_uploaded_pairwise_ranker\raw_mss_component_sweep_20260501.xlsx","C:\Users\ding9\Desktop\madoyo\연구소\ml연구소\20260501_uploaded_pairwise_ranker\raw_mss_component_sweep_20260501.xlsx","E:\madoyo_excel_archive_20260522\from_madoyo\연구소\ml연구소\20260501_uploaded_pairwise_ranker\raw_mss_component_sweep_20260501.xlsx","C:\Users\ding9\Desktop\폐기\madoyo_cleanup_20260522\excel_from_madoyo\연구소\ml연구소\20260501_uploaded_pairwise_ranker\raw_mss_component_sweep_20260501.xlsx",,"775B144445B52CAC507AAE47B80D82207AB08BFF","775B144445B52CAC507AAE47B80D82207AB08BFF","775B144445B52CAC507AAE47B80D82207AB08BFF","moved",""
"연구소\ml연구소\20260501_uploaded_pairwise_ranker\raw_mss_fusion_sweep_20260501.xlsx","C:\Users\ding9\Desktop\madoyo\연구소\ml연구소\20260501_uploaded_pairwise_ranker\raw_mss_fusion_sweep_20260501.xlsx","E:\madoyo_excel_archive_20260522\from_madoyo\연구소\ml연구소\20260501_uploaded_pairwise_ranker\raw_mss_fusion_sweep_20260501.xlsx","C:\Users\ding9\Desktop\폐기\madoyo_cleanup_20260522\excel_from_madoyo\연구소\ml연구소\20260501_uploaded_pairwise_ranker\raw_mss_fusion_sweep_20260501.xlsx",,"C70158C90ABCAA73DF333232D931F76400299038","C70158C90ABCAA73DF333232D931F76400299038","C70158C90ABCAA73DF333232D931F76400299038","moved",""
"연구소\ml연구소\20260501_uploaded_pairwise_ranker\real_generation_confidence_probe_candidates_20260501.xlsx","C:\Users\ding9\Desktop\madoyo\연구소\ml연구소\20260501_uploaded_pairwise_ranker\real_generation_confidence_probe_candidates_20260501.xlsx","E:\madoyo_excel_archive_20260522\from_madoyo\연구소\ml연구소\20260501_uploaded_pairwise_ranker\real_generation_confidence_probe_candidates_20260501.xlsx","C:\Users\ding9\Desktop\폐기\madoyo_cleanup_20260522\excel_from_madoyo\연구소\ml연구소\20260501_uploaded_pairwise_ranker\real_generation_confidence_probe_candidates_20260501.xlsx",,"BC916AB179B4DF5FCF2836FABE39C46D9DE55586","BC916AB179B4DF5FCF2836FABE39C46D9DE55586","BC916AB179B4DF5FCF2836FABE39C46D9DE55586","moved",""
"연구소\ml연구소\20260501_uploaded_pairwise_ranker\real_generation_confidence_probe_local_20260502_candidates.xlsx","C:\Users\ding9\Desktop\madoyo\연구소\ml연구소\20260501_uploaded_pairwise_ranker\real_generation_confidence_probe_local_20260502_candidates.xlsx","E:\madoyo_excel_archive_20260522\from_madoyo\연구소\ml연구소\20260501_uploaded_pairwise_ranker\real_generation_confidence_probe_local_20260502_candidates.xlsx","C:\Users\ding9\Desktop\폐기\madoyo_cleanup_20260522\excel_from_madoyo\연구소\ml연구소\20260501_uploaded_pairwise_ranker\real_generation_confidence_probe_local_20260502_candidates.xlsx",,"F6439AF6B4CCFF04C1AF8B67CF9A1AAB4AF5EA12","F6439AF6B4CCFF04C1AF8B67CF9A1AAB4AF5EA12","F6439AF6B4CCFF04C1AF8B67CF9A1AAB4AF5EA12","moved",""
"연구소\ml연구소\20260501_uploaded_pairwise_ranker\real_generation_confidence_probe_local_20260502_pairs.xlsx","C:\Users\ding9\Desktop\madoyo\연구소\ml연구소\20260501_uploaded_pairwise_ranker\real_generation_confidence_probe_local_20260502_pairs.xlsx","E:\madoyo_excel_archive_20260522\from_madoyo\연구소\ml연구소\20260501_uploaded_pairwise_ranker\real_generation_confidence_probe_local_20260502_pairs.xlsx","C:\Users\ding9\Desktop\폐기\madoyo_cleanup_20260522\excel_from_madoyo\연구소\ml연구소\20260501_uploaded_pairwise_ranker\real_generation_confidence_probe_local_20260502_pairs.xlsx",,"3A3EB0AF6791E39D698C6ACB6A3F7DD0BB2D11D8","3A3EB0AF6791E39D698C6ACB6A3F7DD0BB2D11D8","3A3EB0AF6791E39D698C6ACB6A3F7DD0BB2D11D8","moved",""
"연구소\ml연구소\20260501_uploaded_pairwise_ranker\real_generation_confidence_probe_pairs_20260501.xlsx","C:\Users\ding9\Desktop\madoyo\연구소\ml연구소\20260501_uploaded_pairwise_ranker\real_generation_confidence_probe_pairs_20260501.xlsx","E:\madoyo_excel_archive_20260522\from_madoyo\연구소\ml연구소\20260501_uploaded_pairwise_ranker\real_generation_confidence_probe_pairs_20260501.xlsx","C:\Users\ding9\Desktop\폐기\madoyo_cleanup_20260522\excel_from_madoyo\연구소\ml연구소\20260501_uploaded_pairwise_ranker\real_generation_confidence_probe_pairs_20260501.xlsx",,"EF8E4D734DA51F1A09E7AB771C2E961C1C659716","EF8E4D734DA51F1A09E7AB771C2E961C1C659716","EF8E4D734DA51F1A09E7AB771C2E961C1C659716","moved",""
"연구소\ml연구소\20260501_uploaded_pairwise_ranker\stage2_ranker_search_20260501.xlsx","C:\Users\ding9\Desktop\madoyo\연구소\ml연구소\20260501_uploaded_pairwise_ranker\stage2_ranker_search_20260501.xlsx","E:\madoyo_excel_archive_20260522\from_madoyo\연구소\ml연구소\20260501_uploaded_pairwise_ranker\stage2_ranker_search_20260501.xlsx","C:\Users\ding9\Desktop\폐기\madoyo_cleanup_20260522\excel_from_madoyo\연구소\ml연구소\20260501_uploaded_pairwise_ranker\stage2_ranker_search_20260501.xlsx",,"581680846DEA0CE45B1BDC79F910387D9CCB4A69","581680846DEA0CE45B1BDC79F910387D9CCB4A69","581680846DEA0CE45B1BDC79F910387D9CCB4A69","moved",""
"연구소\ml연구소\20260501_uploaded_pairwise_ranker\stage3_account_pair_focused_20260501.xlsx","C:\Users\ding9\Desktop\madoyo\연구소\ml연구소\20260501_uploaded_pairwise_ranker\stage3_account_pair_focused_20260501.xlsx","E:\madoyo_excel_archive_20260522\from_madoyo\연구소\ml연구소\20260501_uploaded_pairwise_ranker\stage3_account_pair_focused_20260501.xlsx","C:\Users\ding9\Desktop\폐기\madoyo_cleanup_20260522\excel_from_madoyo\연구소\ml연구소\20260501_uploaded_pairwise_ranker\stage3_account_pair_focused_20260501.xlsx",,"04685A4542D6DB95BB17C0FF14E22C7B3B448B8E","04685A4542D6DB95BB17C0FF14E22C7B3B448B8E","04685A4542D6DB95BB17C0FF14E22C7B3B448B8E","moved",""
"연구소\ml연구소\20260501_uploaded_pairwise_ranker\stage3_account_pair_focused_best_pairs_20260501.xlsx","C:\Users\ding9\Desktop\madoyo\연구소\ml연구소\20260501_uploaded_pairwise_ranker\stage3_account_pair_focused_best_pairs_20260501.xlsx","E:\madoyo_excel_archive_20260522\from_madoyo\연구소\ml연구소\20260501_uploaded_pairwise_ranker\stage3_account_pair_focused_best_pairs_20260501.xlsx","C:\Users\ding9\Desktop\폐기\madoyo_cleanup_20260522\excel_from_madoyo\연구소\ml연구소\20260501_uploaded_pairwise_ranker\stage3_account_pair_focused_best_pairs_20260501.xlsx",,"E831DC2AAFBE3FD87800113862BB0D1FC2CFAA17","E831DC2AAFBE3FD87800113862BB0D1FC2CFAA17","E831DC2AAFBE3FD87800113862BB0D1FC2CFAA17","moved",""
"연구소\ml연구소\20260501_uploaded_pairwise_ranker\stage4_runtime_highlow_on_uploaded_benchmark_20260501.xlsx","C:\Users\ding9\Desktop\madoyo\연구소\ml연구소\20260501_uploaded_pairwise_ranker\stage4_runtime_highlow_on_uploaded_benchmark_20260501.xlsx","E:\madoyo_excel_archive_20260522\from_madoyo\연구소\ml연구소\20260501_uploaded_pairwise_ranker\stage4_runtime_highlow_on_uploaded_benchmark_20260501.xlsx","C:\Users\ding9\Desktop\폐기\madoyo_cleanup_20260522\excel_from_madoyo\연구소\ml연구소\20260501_uploaded_pairwise_ranker\stage4_runtime_highlow_on_uploaded_benchmark_20260501.xlsx",,"F9952F8E074EAB23DF07A47491A1CC729A362082","F9952F8E074EAB23DF07A47491A1CC729A362082","F9952F8E074EAB23DF07A47491A1CC729A362082","moved",""
"연구소\ml연구소\20260501_uploaded_pairwise_ranker\stage5_text_runtime_fusion_20260501.xlsx","C:\Users\ding9\Desktop\madoyo\연구소\ml연구소\20260501_uploaded_pairwise_ranker\stage5_text_runtime_fusion_20260501.xlsx","E:\madoyo_excel_archive_20260522\from_madoyo\연구소\ml연구소\20260501_uploaded_pairwise_ranker\stage5_text_runtime_fusion_20260501.xlsx","C:\Users\ding9\Desktop\폐기\madoyo_cleanup_20260522\excel_from_madoyo\연구소\ml연구소\20260501_uploaded_pairwise_ranker\stage5_text_runtime_fusion_20260501.xlsx",,"0CF0AAE7F7F394F784B5C7BAD5E99840A2CD5014","0CF0AAE7F7F394F784B5C7BAD5E99840A2CD5014","0CF0AAE7F7F394F784B5C7BAD5E99840A2CD5014","moved",""
"연구소\ml연구소\20260501_uploaded_pairwise_ranker\stage5_text_runtime_fusion_best_pairs_20260501.xlsx","C:\Users\ding9\Desktop\madoyo\연구소\ml연구소\20260501_uploaded_pairwise_ranker\stage5_text_runtime_fusion_best_pairs_20260501.xlsx","E:\madoyo_excel_archive_20260522\from_madoyo\연구소\ml연구소\20260501_uploaded_pairwise_ranker\stage5_text_runtime_fusion_best_pairs_20260501.xlsx","C:\Users\ding9\Desktop\폐기\madoyo_cleanup_20260522\excel_from_madoyo\연구소\ml연구소\20260501_uploaded_pairwise_ranker\stage5_text_runtime_fusion_best_pairs_20260501.xlsx",,"25A98DCCCDE24908B3DB0B8A0D1D11C07E49F04F","25A98DCCCDE24908B3DB0B8A0D1D11C07E49F04F","25A98DCCCDE24908B3DB0B8A0D1D11C07E49F04F","moved",""
"연구소\ml연구소\20260501_uploaded_pairwise_ranker\style_cap_confidence_gate_search_20260507.xlsx","C:\Users\ding9\Desktop\madoyo\연구소\ml연구소\20260501_uploaded_pairwise_ranker\style_cap_confidence_gate_search_20260507.xlsx","E:\madoyo_excel_archive_20260522\from_madoyo\연구소\ml연구소\20260501_uploaded_pairwise_ranker\style_cap_confidence_gate_search_20260507.xlsx","C:\Users\ding9\Desktop\폐기\madoyo_cleanup_20260522\excel_from_madoyo\연구소\ml연구소\20260501_uploaded_pairwise_ranker\style_cap_confidence_gate_search_20260507.xlsx",,"AC55FC7313CCAD164441F55D9C4DEF517582A5C6","AC55FC7313CCAD164441F55D9C4DEF517582A5C6","AC55FC7313CCAD164441F55D9C4DEF517582A5C6","moved",""
"연구소\ml연구소\20260501_uploaded_pairwise_ranker\style_cap_ood_final_eval_20260507.xlsx","C:\Users\ding9\Desktop\madoyo\연구소\ml연구소\20260501_uploaded_pairwise_ranker\style_cap_ood_final_eval_20260507.xlsx","E:\madoyo_excel_archive_20260522\from_madoyo\연구소\ml연구소\20260501_uploaded_pairwise_ranker\style_cap_ood_final_eval_20260507.xlsx","C:\Users\ding9\Desktop\폐기\madoyo_cleanup_20260522\excel_from_madoyo\연구소\ml연구소\20260501_uploaded_pairwise_ranker\style_cap_ood_final_eval_20260507.xlsx",,"0768AF1FEC63A38670E667B81A2AD3905A6EEB72","0768AF1FEC63A38670E667B81A2AD3905A6EEB72","0768AF1FEC63A38670E667B81A2AD3905A6EEB72","moved",""
"연구소\ml연구소\20260501_uploaded_pairwise_ranker\svd_meta_pairwise_sweep_20260501.xlsx","C:\Users\ding9\Desktop\madoyo\연구소\ml연구소\20260501_uploaded_pairwise_ranker\svd_meta_pairwise_sweep_20260501.xlsx","E:\madoyo_excel_archive_20260522\from_madoyo\연구소\ml연구소\20260501_uploaded_pairwise_ranker\svd_meta_pairwise_sweep_20260501.xlsx","C:\Users\ding9\Desktop\폐기\madoyo_cleanup_20260522\excel_from_madoyo\연구소\ml연구소\20260501_uploaded_pairwise_ranker\svd_meta_pairwise_sweep_20260501.xlsx",,"3FB611F48C0C2AD95094DE4BD709BFF1C34934CD","3FB611F48C0C2AD95094DE4BD709BFF1C34934CD","3FB611F48C0C2AD95094DE4BD709BFF1C34934CD","moved",""
"연구소\ml연구소\20260502_auxiliary_metric_heads\auxiliary_metric_heads_20260502.xlsx","C:\Users\ding9\Desktop\madoyo\연구소\ml연구소\20260502_auxiliary_metric_heads\auxiliary_metric_heads_20260502.xlsx","E:\madoyo_excel_archive_20260522\from_madoyo\연구소\ml연구소\20260502_auxiliary_metric_heads\auxiliary_metric_heads_20260502.xlsx","C:\Users\ding9\Desktop\폐기\madoyo_cleanup_20260522\excel_from_madoyo\연구소\ml연구소\20260502_auxiliary_metric_heads\auxiliary_metric_heads_20260502.xlsx",,"0F01967E50A939EB55DB81CDA6B63A318115B382","0F01967E50A939EB55DB81CDA6B63A318115B382","0F01967E50A939EB55DB81CDA6B63A318115B382","moved",""
"연구소\ml연구소\20260507_prompt_outputs_legacy_rescore\prompt_outputs_legacy_rescore_20260507.xlsx","C:\Users\ding9\Desktop\madoyo\연구소\ml연구소\20260507_prompt_outputs_legacy_rescore\prompt_outputs_legacy_rescore_20260507.xlsx","E:\madoyo_excel_archive_20260522\from_madoyo\연구소\ml연구소\20260507_prompt_outputs_legacy_rescore\prompt_outputs_legacy_rescore_20260507.xlsx","C:\Users\ding9\Desktop\폐기\madoyo_cleanup_20260522\excel_from_madoyo\연구소\ml연구소\20260507_prompt_outputs_legacy_rescore\prompt_outputs_legacy_rescore_20260507.xlsx",,"E52C0BFA6A94C7CE2FB562C5EC75E8C8433F9FC7","E52C0BFA6A94C7CE2FB562C5EC75E8C8433F9FC7","E52C0BFA6A94C7CE2FB562C5EC75E8C8433F9FC7","moved",""
"자동화\analysis_runs\conf_gate_failed_url_20260503_153545\06_all_candidates.xlsx","C:\Users\ding9\Desktop\madoyo\자동화\analysis_runs\conf_gate_failed_url_20260503_153545\06_all_candidates.xlsx","E:\madoyo_excel_archive_20260522\from_madoyo\자동화\analysis_runs\conf_gate_failed_url_20260503_153545\06_all_candidates.xlsx","C:\Users\ding9\Desktop\폐기\madoyo_cleanup_20260522\excel_from_madoyo\자동화\analysis_runs\conf_gate_failed_url_20260503_153545\06_all_candidates.xlsx",,"76785B7D581EFE42A83A62F67097512E6EB5D49F","76785B7D581EFE42A83A62F67097512E6EB5D49F","76785B7D581EFE42A83A62F67097512E6EB5D49F","moved",""
"자동화\analysis_runs\conf_gate_failed_url_20260503_153545\07_generated_candidates_only.xlsx","C:\Users\ding9\Desktop\madoyo\자동화\analysis_runs\conf_gate_failed_url_20260503_153545\07_generated_candidates_only.xlsx","E:\madoyo_excel_archive_20260522\from_madoyo\자동화\analysis_runs\conf_gate_failed_url_20260503_153545\07_generated_candidates_only.xlsx","C:\Users\ding9\Desktop\폐기\madoyo_cleanup_20260522\excel_from_madoyo\자동화\analysis_runs\conf_gate_failed_url_20260503_153545\07_generated_candidates_only.xlsx",,"83222546CC5E084386A67A8B8295564CF0ED80F5","83222546CC5E084386A67A8B8295564CF0ED80F5","83222546CC5E084386A67A8B8295564CF0ED80F5","moved",""
"자동화\analysis_runs\conf_gate_failed_url_20260503_153545\08_generated_confidence_buckets.xlsx","C:\Users\ding9\Desktop\madoyo\자동화\analysis_runs\conf_gate_failed_url_20260503_153545\08_generated_confidence_buckets.xlsx","E:\madoyo_excel_archive_20260522\from_madoyo\자동화\analysis_runs\conf_gate_failed_url_20260503_153545\08_generated_confidence_buckets.xlsx","C:\Users\ding9\Desktop\폐기\madoyo_cleanup_20260522\excel_from_madoyo\자동화\analysis_runs\conf_gate_failed_url_20260503_153545\08_generated_confidence_buckets.xlsx",,"89F1A87A40571BEB641F24D09A1E7239D4466F74","89F1A87A40571BEB641F24D09A1E7239D4466F74","89F1A87A40571BEB641F24D09A1E7239D4466F74","moved",""
"자동화\analysis_runs\conf_gate_failed_url_20260503_153545\09_generated_claimed_pairs.xlsx","C:\Users\ding9\Desktop\madoyo\자동화\analysis_runs\conf_gate_failed_url_20260503_153545\09_generated_claimed_pairs.xlsx","E:\madoyo_excel_archive_20260522\from_madoyo\자동화\analysis_runs\conf_gate_failed_url_20260503_153545\09_generated_claimed_pairs.xlsx","C:\Users\ding9\Desktop\폐기\madoyo_cleanup_20260522\excel_from_madoyo\자동화\analysis_runs\conf_gate_failed_url_20260503_153545\09_generated_claimed_pairs.xlsx",,"981328A9797B66B4AB7767E803CE192AE032DC18","981328A9797B66B4AB7767E803CE192AE032DC18","981328A9797B66B4AB7767E803CE192AE032DC18","moved",""
"자동화\analysis_runs\conf_gate_failed_url_20260503_153545\10_including_original_confidence_buckets.xlsx","C:\Users\ding9\Desktop\madoyo\자동화\analysis_runs\conf_gate_failed_url_20260503_153545\10_including_original_confidence_buckets.xlsx","E:\madoyo_excel_archive_20260522\from_madoyo\자동화\analysis_runs\conf_gate_failed_url_20260503_153545\10_including_original_confidence_buckets.xlsx","C:\Users\ding9\Desktop\폐기\madoyo_cleanup_20260522\excel_from_madoyo\자동화\analysis_runs\conf_gate_failed_url_20260503_153545\10_including_original_confidence_buckets.xlsx",,"4771B2CACF42C4E27D538F70F016C9503E74D9DF","4771B2CACF42C4E27D538F70F016C9503E74D9DF","4771B2CACF42C4E27D538F70F016C9503E74D9DF","moved",""
"자동화\analysis_runs\conf_gate_failed_url_20260503_153545\11_including_original_claimed_pairs.xlsx","C:\Users\ding9\Desktop\madoyo\자동화\analysis_runs\conf_gate_failed_url_20260503_153545\11_including_original_claimed_pairs.xlsx","E:\madoyo_excel_archive_20260522\from_madoyo\자동화\analysis_runs\conf_gate_failed_url_20260503_153545\11_including_original_claimed_pairs.xlsx","C:\Users\ding9\Desktop\폐기\madoyo_cleanup_20260522\excel_from_madoyo\자동화\analysis_runs\conf_gate_failed_url_20260503_153545\11_including_original_claimed_pairs.xlsx",,"EA89C716ED6048D57A0373BFB0E733142DEB8B48","EA89C716ED6048D57A0373BFB0E733142DEB8B48","EA89C716ED6048D57A0373BFB0E733142DEB8B48","moved",""
"자동화\analysis_runs\conf_gate_failed_url_20260503_153545\12_generated_bucket_summary.xlsx","C:\Users\ding9\Desktop\madoyo\자동화\analysis_runs\conf_gate_failed_url_20260503_153545\12_generated_bucket_summary.xlsx","E:\madoyo_excel_archive_20260522\from_madoyo\자동화\analysis_runs\conf_gate_failed_url_20260503_153545\12_generated_bucket_summary.xlsx","C:\Users\ding9\Desktop\폐기\madoyo_cleanup_20260522\excel_from_madoyo\자동화\analysis_runs\conf_gate_failed_url_20260503_153545\12_generated_bucket_summary.xlsx",,"58B094DB915749CC6919A8E81B7F7A1270E582B9","58B094DB915749CC6919A8E81B7F7A1270E582B9","58B094DB915749CC6919A8E81B7F7A1270E582B9","moved",""
"자동화\analysis_runs\conf_gate_failed_url_20260503_153545\13_including_original_bucket_summary.xlsx","C:\Users\ding9\Desktop\madoyo\자동화\analysis_runs\conf_gate_failed_url_20260503_153545\13_including_original_bucket_summary.xlsx","E:\madoyo_excel_archive_20260522\from_madoyo\자동화\analysis_runs\conf_gate_failed_url_20260503_153545\13_including_original_bucket_summary.xlsx","C:\Users\ding9\Desktop\폐기\madoyo_cleanup_20260522\excel_from_madoyo\자동화\analysis_runs\conf_gate_failed_url_20260503_153545\13_including_original_bucket_summary.xlsx",,"368AE16ABE1134EEA6AAC917FE76D6BFAEC6A700","368AE16ABE1134EEA6AAC917FE76D6BFAEC6A700","368AE16ABE1134EEA6AAC917FE76D6BFAEC6A700","moved",""
"자동화\keyword_research_runs\threads_keyword_plan_20260514.xlsx","C:\Users\ding9\Desktop\madoyo\자동화\keyword_research_runs\threads_keyword_plan_20260514.xlsx","E:\madoyo_excel_archive_20260522\from_madoyo\자동화\keyword_research_runs\threads_keyword_plan_20260514.xlsx","C:\Users\ding9\Desktop\폐기\madoyo_cleanup_20260522\excel_from_madoyo\자동화\keyword_research_runs\threads_keyword_plan_20260514.xlsx",,"40F04F1256F229D7B7C5EF497BBE29519CBE7BC7","40F04F1256F229D7B7C5EF497BBE29519CBE7BC7","40F04F1256F229D7B7C5EF497BBE29519CBE7BC7","moved",""
"자동화\keyword_research_runs\threads_keyword_research_20260514_143410.xlsx","C:\Users\ding9\Desktop\madoyo\자동화\keyword_research_runs\threads_keyword_research_20260514_143410.xlsx","E:\madoyo_excel_archive_20260522\from_madoyo\자동화\keyword_research_runs\threads_keyword_research_20260514_143410.xlsx","C:\Users\ding9\Desktop\폐기\madoyo_cleanup_20260522\excel_from_madoyo\자동화\keyword_research_runs\threads_keyword_research_20260514_143410.xlsx",,"FCB703CF91B73C1893DB675941C1704FB4037EAA","FCB703CF91B73C1893DB675941C1704FB4037EAA","FCB703CF91B73C1893DB675941C1704FB4037EAA","moved",""
"자동화\keyword_research_runs\threads_keyword_research_20260514_145546.xlsx","C:\Users\ding9\Desktop\madoyo\자동화\keyword_research_runs\threads_keyword_research_20260514_145546.xlsx","E:\madoyo_excel_archive_20260522\from_madoyo\자동화\keyword_research_runs\threads_keyword_research_20260514_145546.xlsx","C:\Users\ding9\Desktop\폐기\madoyo_cleanup_20260522\excel_from_madoyo\자동화\keyword_research_runs\threads_keyword_research_20260514_145546.xlsx",,"F48B1580D20AA1C56B5BC5C374DDC3790335A72A","F48B1580D20AA1C56B5BC5C374DDC3790335A72A","F48B1580D20AA1C56B5BC5C374DDC3790335A72A","moved",""
"자동화\keyword_research_runs\threads_keyword_research_20260514_152200.xlsx","C:\Users\ding9\Desktop\madoyo\자동화\keyword_research_runs\threads_keyword_research_20260514_152200.xlsx","E:\madoyo_excel_archive_20260522\from_madoyo\자동화\keyword_research_runs\threads_keyword_research_20260514_152200.xlsx","C:\Users\ding9\Desktop\폐기\madoyo_cleanup_20260522\excel_from_madoyo\자동화\keyword_research_runs\threads_keyword_research_20260514_152200.xlsx",,"191EA05A3EB4DBE390DD4F74A5DE6ABD107FABE3","191EA05A3EB4DBE390DD4F74A5DE6ABD107FABE3","191EA05A3EB4DBE390DD4F74A5DE6ABD107FABE3","moved",""
"자동화\keyword_research_runs\threads_keyword_research_20260514_152336.xlsx","C:\Users\ding9\Desktop\madoyo\자동화\keyword_research_runs\threads_keyword_research_20260514_152336.xlsx","E:\madoyo_excel_archive_20260522\from_madoyo\자동화\keyword_research_runs\threads_keyword_research_20260514_152336.xlsx","C:\Users\ding9\Desktop\폐기\madoyo_cleanup_20260522\excel_from_madoyo\자동화\keyword_research_runs\threads_keyword_research_20260514_152336.xlsx",,"3C7B5F405DA1F834CE8DAFF077E7CEF3FBB757F3","3C7B5F405DA1F834CE8DAFF077E7CEF3FBB757F3","3C7B5F405DA1F834CE8DAFF077E7CEF3FBB757F3","moved",""
"자동화\keyword_research_runs\threads_keyword_research_20260514_152451.xlsx","C:\Users\ding9\Desktop\madoyo\자동화\keyword_research_runs\threads_keyword_research_20260514_152451.xlsx","E:\madoyo_excel_archive_20260522\from_madoyo\자동화\keyword_research_runs\threads_keyword_research_20260514_152451.xlsx","C:\Users\ding9\Desktop\폐기\madoyo_cleanup_20260522\excel_from_madoyo\자동화\keyword_research_runs\threads_keyword_research_20260514_152451.xlsx",,"51035BC05BBA05C5C184A8B918E45AF669EF3C11","51035BC05BBA05C5C184A8B918E45AF669EF3C11","51035BC05BBA05C5C184A8B918E45AF669EF3C11","moved",""
"자동화\keyword_research_runs\threads_keyword_research_20260514_152721.xlsx","C:\Users\ding9\Desktop\madoyo\자동화\keyword_research_runs\threads_keyword_research_20260514_152721.xlsx","E:\madoyo_excel_archive_20260522\from_madoyo\자동화\keyword_research_runs\threads_keyword_research_20260514_152721.xlsx","C:\Users\ding9\Desktop\폐기\madoyo_cleanup_20260522\excel_from_madoyo\자동화\keyword_research_runs\threads_keyword_research_20260514_152721.xlsx",,"7B3A18BE3B8A7EEC5F3CFF6CBD5F471EF73CB9FA","7B3A18BE3B8A7EEC5F3CFF6CBD5F471EF73CB9FA","7B3A18BE3B8A7EEC5F3CFF6CBD5F471EF73CB9FA","moved",""
"자동화\keyword_research_runs\threads_keyword_research_20260514_152914.xlsx","C:\Users\ding9\Desktop\madoyo\자동화\keyword_research_runs\threads_keyword_research_20260514_152914.xlsx","E:\madoyo_excel_archive_20260522\from_madoyo\자동화\keyword_research_runs\threads_keyword_research_20260514_152914.xlsx","C:\Users\ding9\Desktop\폐기\madoyo_cleanup_20260522\excel_from_madoyo\자동화\keyword_research_runs\threads_keyword_research_20260514_152914.xlsx",,"064D106C40DE588748A3DE5035712BC29A29AFA4","064D106C40DE588748A3DE5035712BC29A29AFA4","064D106C40DE588748A3DE5035712BC29A29AFA4","moved",""
"자동화\keyword_research_runs\threads_keyword_research_20260514_153133.xlsx","C:\Users\ding9\Desktop\madoyo\자동화\keyword_research_runs\threads_keyword_research_20260514_153133.xlsx","E:\madoyo_excel_archive_20260522\from_madoyo\자동화\keyword_research_runs\threads_keyword_research_20260514_153133.xlsx","C:\Users\ding9\Desktop\폐기\madoyo_cleanup_20260522\excel_from_madoyo\자동화\keyword_research_runs\threads_keyword_research_20260514_153133.xlsx",,"0FFF3CD323C8C6138E9CD4756EBFF464F2D97852","0FFF3CD323C8C6138E9CD4756EBFF464F2D97852","0FFF3CD323C8C6138E9CD4756EBFF464F2D97852","moved",""
"자동화\keyword_research_runs\threads_keyword_research_20260514_155456.xlsx","C:\Users\ding9\Desktop\madoyo\자동화\keyword_research_runs\threads_keyword_research_20260514_155456.xlsx","E:\madoyo_excel_archive_20260522\from_madoyo\자동화\keyword_research_runs\threads_keyword_research_20260514_155456.xlsx","C:\Users\ding9\Desktop\폐기\madoyo_cleanup_20260522\excel_from_madoyo\자동화\keyword_research_runs\threads_keyword_research_20260514_155456.xlsx",,"A97F285364582E0BCE9BAE3A029B9B91A11EE95E","A97F285364582E0BCE9BAE3A029B9B91A11EE95E","A97F285364582E0BCE9BAE3A029B9B91A11EE95E","moved",""
"자동화\keyword_research_runs\threads_keyword_research_20260514_155811.xlsx","C:\Users\ding9\Desktop\madoyo\자동화\keyword_research_runs\threads_keyword_research_20260514_155811.xlsx","E:\madoyo_excel_archive_20260522\from_madoyo\자동화\keyword_research_runs\threads_keyword_research_20260514_155811.xlsx","C:\Users\ding9\Desktop\폐기\madoyo_cleanup_20260522\excel_from_madoyo\자동화\keyword_research_runs\threads_keyword_research_20260514_155811.xlsx",,"F43E1FF946498789F41C490AD66345EFBE550849","F43E1FF946498789F41C490AD66345EFBE550849","F43E1FF946498789F41C490AD66345EFBE550849","moved",""
"자동화\keyword_research_runs\threads_keyword_research_20260514_160159.xlsx","C:\Users\ding9\Desktop\madoyo\자동화\keyword_research_runs\threads_keyword_research_20260514_160159.xlsx","E:\madoyo_excel_archive_20260522\from_madoyo\자동화\keyword_research_runs\threads_keyword_research_20260514_160159.xlsx","C:\Users\ding9\Desktop\폐기\madoyo_cleanup_20260522\excel_from_madoyo\자동화\keyword_research_runs\threads_keyword_research_20260514_160159.xlsx",,"53C2C1DCC2186BAFEDE504F5E447E5325488F8E9","53C2C1DCC2186BAFEDE504F5E447E5325488F8E9","53C2C1DCC2186BAFEDE504F5E447E5325488F8E9","moved",""
"자동화\keyword_research_runs\threads_keyword_research_20260514_160603.xlsx","C:\Users\ding9\Desktop\madoyo\자동화\keyword_research_runs\threads_keyword_research_20260514_160603.xlsx","E:\madoyo_excel_archive_20260522\from_madoyo\자동화\keyword_research_runs\threads_keyword_research_20260514_160603.xlsx","C:\Users\ding9\Desktop\폐기\madoyo_cleanup_20260522\excel_from_madoyo\자동화\keyword_research_runs\threads_keyword_research_20260514_160603.xlsx",,"748020BC9AB5885834A4C6CAE1B19A6451FC1811","748020BC9AB5885834A4C6CAE1B19A6451FC1811","748020BC9AB5885834A4C6CAE1B19A6451FC1811","moved",""
"자동화\keyword_research_runs\threads_keyword_research_20260514_161038.xlsx","C:\Users\ding9\Desktop\madoyo\자동화\keyword_research_runs\threads_keyword_research_20260514_161038.xlsx","E:\madoyo_excel_archive_20260522\from_madoyo\자동화\keyword_research_runs\threads_keyword_research_20260514_161038.xlsx","C:\Users\ding9\Desktop\폐기\madoyo_cleanup_20260522\excel_from_madoyo\자동화\keyword_research_runs\threads_keyword_research_20260514_161038.xlsx",,"EAEDD39395DD337A511485B80B49BF76FF01FE98","EAEDD39395DD337A511485B80B49BF76FF01FE98","EAEDD39395DD337A511485B80B49BF76FF01FE98","moved",""
"자동화\keyword_research_runs\threads_keyword_research_deep_20260514.xlsx","C:\Users\ding9\Desktop\madoyo\자동화\keyword_research_runs\threads_keyword_research_deep_20260514.xlsx","E:\madoyo_excel_archive_20260522\from_madoyo\자동화\keyword_research_runs\threads_keyword_research_deep_20260514.xlsx","C:\Users\ding9\Desktop\폐기\madoyo_cleanup_20260522\excel_from_madoyo\자동화\keyword_research_runs\threads_keyword_research_deep_20260514.xlsx",,"351EAF33E62688668070FC950AED5DA14ACBF5A8","351EAF33E62688668070FC950AED5DA14ACBF5A8","351EAF33E62688668070FC950AED5DA14ACBF5A8","moved",""
"자동화\keyword_research_runs\threads_keyword_research_iterative_20260514_6rounds.xlsx","C:\Users\ding9\Desktop\madoyo\자동화\keyword_research_runs\threads_keyword_research_iterative_20260514_6rounds.xlsx","E:\madoyo_excel_archive_20260522\from_madoyo\자동화\keyword_research_runs\threads_keyword_research_iterative_20260514_6rounds.xlsx","C:\Users\ding9\Desktop\폐기\madoyo_cleanup_20260522\excel_from_madoyo\자동화\keyword_research_runs\threads_keyword_research_iterative_20260514_6rounds.xlsx",,"D3BB71A8161AFBB26D12AF906C8DD2384532EB33","D3BB71A8161AFBB26D12AF906C8DD2384532EB33","D3BB71A8161AFBB26D12AF906C8DD2384532EB33","moved",""
"자동화\organizer_research_runs\01_canonical_raw\threads_iterative_strict_profiles_20260515_142654.xlsx","C:\Users\ding9\Desktop\madoyo\자동화\organizer_research_runs\01_canonical_raw\threads_iterative_strict_profiles_20260515_142654.xlsx","E:\madoyo_excel_archive_20260522\from_madoyo\자동화\organizer_research_runs\01_canonical_raw\threads_iterative_strict_profiles_20260515_142654.xlsx","C:\Users\ding9\Desktop\폐기\madoyo_cleanup_20260522\excel_from_madoyo\자동화\organizer_research_runs\01_canonical_raw\threads_iterative_strict_profiles_20260515_142654.xlsx",,"15CF0BB0EC8AE5D57E342A7FF39550E1CC111C45","15CF0BB0EC8AE5D57E342A7FF39550E1CC111C45","15CF0BB0EC8AE5D57E342A7FF39550E1CC111C45","moved",""
"자동화\organizer_research_runs\01_canonical_raw\threads_iterative_strict_profiles_20260515_151155.xlsx","C:\Users\ding9\Desktop\madoyo\자동화\organizer_research_runs\01_canonical_raw\threads_iterative_strict_profiles_20260515_151155.xlsx","E:\madoyo_excel_archive_20260522\from_madoyo\자동화\organizer_research_runs\01_canonical_raw\threads_iterative_strict_profiles_20260515_151155.xlsx","C:\Users\ding9\Desktop\폐기\madoyo_cleanup_20260522\excel_from_madoyo\자동화\organizer_research_runs\01_canonical_raw\threads_iterative_strict_profiles_20260515_151155.xlsx",,"9304EC86D3A39916D5E20083EE723B4C61C021A1","9304EC86D3A39916D5E20083EE723B4C61C021A1","9304EC86D3A39916D5E20083EE723B4C61C021A1","moved",""
"자동화\organizer_research_runs\01_canonical_raw\threads_iterative_strict_profiles_20260515_155617.xlsx","C:\Users\ding9\Desktop\madoyo\자동화\organizer_research_runs\01_canonical_raw\threads_iterative_strict_profiles_20260515_155617.xlsx","E:\madoyo_excel_archive_20260522\from_madoyo\자동화\organizer_research_runs\01_canonical_raw\threads_iterative_strict_profiles_20260515_155617.xlsx","C:\Users\ding9\Desktop\폐기\madoyo_cleanup_20260522\excel_from_madoyo\자동화\organizer_research_runs\01_canonical_raw\threads_iterative_strict_profiles_20260515_155617.xlsx",,"33A8F557BAA1A4B5F24425B107BE21F54E2035D9","33A8F557BAA1A4B5F24425B107BE21F54E2035D9","33A8F557BAA1A4B5F24425B107BE21F54E2035D9","moved",""
"자동화\organizer_research_runs\01_canonical_raw\threads_iterative_strict_profiles_20260516_210532.xlsx","C:\Users\ding9\Desktop\madoyo\자동화\organizer_research_runs\01_canonical_raw\threads_iterative_strict_profiles_20260516_210532.xlsx","E:\madoyo_excel_archive_20260522\from_madoyo\자동화\organizer_research_runs\01_canonical_raw\threads_iterative_strict_profiles_20260516_210532.xlsx","C:\Users\ding9\Desktop\폐기\madoyo_cleanup_20260522\excel_from_madoyo\자동화\organizer_research_runs\01_canonical_raw\threads_iterative_strict_profiles_20260516_210532.xlsx",,"E7650027EA3518F23D2E81AC07679E0C1D57FDA4","E7650027EA3518F23D2E81AC07679E0C1D57FDA4","E7650027EA3518F23D2E81AC07679E0C1D57FDA4","moved",""
"자동화\organizer_research_runs\02_auxiliary_raw\threads_conservative_relationship_demand_landscape_20260515.xlsx","C:\Users\ding9\Desktop\madoyo\자동화\organizer_research_runs\02_auxiliary_raw\threads_conservative_relationship_demand_landscape_20260515.xlsx","E:\madoyo_excel_archive_20260522\from_madoyo\자동화\organizer_research_runs\02_auxiliary_raw\threads_conservative_relationship_demand_landscape_20260515.xlsx","C:\Users\ding9\Desktop\폐기\madoyo_cleanup_20260522\excel_from_madoyo\자동화\organizer_research_runs\02_auxiliary_raw\threads_conservative_relationship_demand_landscape_20260515.xlsx",,"9636371F7DAFBAEE04F7A2276C983993ED854C91","9636371F7DAFBAEE04F7A2276C983993ED854C91","9636371F7DAFBAEE04F7A2276C983993ED854C91","moved",""
"자동화\organizer_research_runs\02_auxiliary_raw\threads_loggedin_profile_dataset_20260515_130654.xlsx","C:\Users\ding9\Desktop\madoyo\자동화\organizer_research_runs\02_auxiliary_raw\threads_loggedin_profile_dataset_20260515_130654.xlsx","E:\madoyo_excel_archive_20260522\from_madoyo\자동화\organizer_research_runs\02_auxiliary_raw\threads_loggedin_profile_dataset_20260515_130654.xlsx","C:\Users\ding9\Desktop\폐기\madoyo_cleanup_20260522\excel_from_madoyo\자동화\organizer_research_runs\02_auxiliary_raw\threads_loggedin_profile_dataset_20260515_130654.xlsx",,"08C690937B43AD9D64B1EB467F7B2A77A7642925","08C690937B43AD9D64B1EB467F7B2A77A7642925","08C690937B43AD9D64B1EB467F7B2A77A7642925","moved",""
"자동화\organizer_research_runs\02_auxiliary_raw\threads_loggedin_profile_dataset_20260515_132023.xlsx","C:\Users\ding9\Desktop\madoyo\자동화\organizer_research_runs\02_auxiliary_raw\threads_loggedin_profile_dataset_20260515_132023.xlsx","E:\madoyo_excel_archive_20260522\from_madoyo\자동화\organizer_research_runs\02_auxiliary_raw\threads_loggedin_profile_dataset_20260515_132023.xlsx","C:\Users\ding9\Desktop\폐기\madoyo_cleanup_20260522\excel_from_madoyo\자동화\organizer_research_runs\02_auxiliary_raw\threads_loggedin_profile_dataset_20260515_132023.xlsx",,"8F8FFA979F6F97F99A93EA61FBDEFB802A668A23","8F8FFA979F6F97F99A93EA61FBDEFB802A668A23","8F8FFA979F6F97F99A93EA61FBDEFB802A668A23","moved",""
"자동화\organizer_research_runs\02_auxiliary_raw\threads_loggedin_profile_dataset_20260515_133324.xlsx","C:\Users\ding9\Desktop\madoyo\자동화\organizer_research_runs\02_auxiliary_raw\threads_loggedin_profile_dataset_20260515_133324.xlsx","E:\madoyo_excel_archive_20260522\from_madoyo\자동화\organizer_research_runs\02_auxiliary_raw\threads_loggedin_profile_dataset_20260515_133324.xlsx","C:\Users\ding9\Desktop\폐기\madoyo_cleanup_20260522\excel_from_madoyo\자동화\organizer_research_runs\02_auxiliary_raw\threads_loggedin_profile_dataset_20260515_133324.xlsx",,"F3A4675199FCA2FB9505FC018AF878048FDF936F","F3A4675199FCA2FB9505FC018AF878048FDF936F","F3A4675199FCA2FB9505FC018AF878048FDF936F","moved",""
"자동화\organizer_research_runs\02_auxiliary_raw\threads_loggedin_profile_dataset_20260515_133824.xlsx","C:\Users\ding9\Desktop\madoyo\자동화\organizer_research_runs\02_auxiliary_raw\threads_loggedin_profile_dataset_20260515_133824.xlsx","E:\madoyo_excel_archive_20260522\from_madoyo\자동화\organizer_research_runs\02_auxiliary_raw\threads_loggedin_profile_dataset_20260515_133824.xlsx","C:\Users\ding9\Desktop\폐기\madoyo_cleanup_20260522\excel_from_madoyo\자동화\organizer_research_runs\02_auxiliary_raw\threads_loggedin_profile_dataset_20260515_133824.xlsx",,"72BFA0E11E0BB9F70102F550E7EE47127606987E","72BFA0E11E0BB9F70102F550E7EE47127606987E","72BFA0E11E0BB9F70102F550E7EE47127606987E","moved",""
"자동화\organizer_research_runs\02_auxiliary_raw\threads_loggedin_profile_dataset_20260515_134244.xlsx","C:\Users\ding9\Desktop\madoyo\자동화\organizer_research_runs\02_auxiliary_raw\threads_loggedin_profile_dataset_20260515_134244.xlsx","E:\madoyo_excel_archive_20260522\from_madoyo\자동화\organizer_research_runs\02_auxiliary_raw\threads_loggedin_profile_dataset_20260515_134244.xlsx","C:\Users\ding9\Desktop\폐기\madoyo_cleanup_20260522\excel_from_madoyo\자동화\organizer_research_runs\02_auxiliary_raw\threads_loggedin_profile_dataset_20260515_134244.xlsx",,"93015F84E29905C72CA521FC4A2E3FAAC276C492","93015F84E29905C72CA521FC4A2E3FAAC276C492","93015F84E29905C72CA521FC4A2E3FAAC276C492","moved",""
"자동화\organizer_research_runs\02_auxiliary_raw\threads_loggedin_profile_dataset_20260515_134703.xlsx","C:\Users\ding9\Desktop\madoyo\자동화\organizer_research_runs\02_auxiliary_raw\threads_loggedin_profile_dataset_20260515_134703.xlsx","E:\madoyo_excel_archive_20260522\from_madoyo\자동화\organizer_research_runs\02_auxiliary_raw\threads_loggedin_profile_dataset_20260515_134703.xlsx","C:\Users\ding9\Desktop\폐기\madoyo_cleanup_20260522\excel_from_madoyo\자동화\organizer_research_runs\02_auxiliary_raw\threads_loggedin_profile_dataset_20260515_134703.xlsx",,"C90CCA29820F9183F167D8ED16B9D4E0523402AF","C90CCA29820F9183F167D8ED16B9D4E0523402AF","C90CCA29820F9183F167D8ED16B9D4E0523402AF","moved",""
"자동화\organizer_research_runs\02_auxiliary_raw\threads_loggedin_profile_dataset_20260515_135115.xlsx","C:\Users\ding9\Desktop\madoyo\자동화\organizer_research_runs\02_auxiliary_raw\threads_loggedin_profile_dataset_20260515_135115.xlsx","E:\madoyo_excel_archive_20260522\from_madoyo\자동화\organizer_research_runs\02_auxiliary_raw\threads_loggedin_profile_dataset_20260515_135115.xlsx","C:\Users\ding9\Desktop\폐기\madoyo_cleanup_20260522\excel_from_madoyo\자동화\organizer_research_runs\02_auxiliary_raw\threads_loggedin_profile_dataset_20260515_135115.xlsx",,"C2A1F4903AEC9EDED05C993ACD28CD2F3084B874","C2A1F4903AEC9EDED05C993ACD28CD2F3084B874","C2A1F4903AEC9EDED05C993ACD28CD2F3084B874","moved",""
"자동화\organizer_research_runs\02_auxiliary_raw\threads_loggedin_profile_dataset_20260515_135535.xlsx","C:\Users\ding9\Desktop\madoyo\자동화\organizer_research_runs\02_auxiliary_raw\threads_loggedin_profile_dataset_20260515_135535.xlsx","E:\madoyo_excel_archive_20260522\from_madoyo\자동화\organizer_research_runs\02_auxiliary_raw\threads_loggedin_profile_dataset_20260515_135535.xlsx","C:\Users\ding9\Desktop\폐기\madoyo_cleanup_20260522\excel_from_madoyo\자동화\organizer_research_runs\02_auxiliary_raw\threads_loggedin_profile_dataset_20260515_135535.xlsx",,"38D4A266B2A6EF6FCEAA10046F93530FFF97E17D","38D4A266B2A6EF6FCEAA10046F93530FFF97E17D","38D4A266B2A6EF6FCEAA10046F93530FFF97E17D","moved",""
"자동화\organizer_research_runs\02_auxiliary_raw\threads_loggedin_profile_dataset_20260515_135948.xlsx","C:\Users\ding9\Desktop\madoyo\자동화\organizer_research_runs\02_auxiliary_raw\threads_loggedin_profile_dataset_20260515_135948.xlsx","E:\madoyo_excel_archive_20260522\from_madoyo\자동화\organizer_research_runs\02_auxiliary_raw\threads_loggedin_profile_dataset_20260515_135948.xlsx","C:\Users\ding9\Desktop\폐기\madoyo_cleanup_20260522\excel_from_madoyo\자동화\organizer_research_runs\02_auxiliary_raw\threads_loggedin_profile_dataset_20260515_135948.xlsx",,"69BF77BFFB8A558D0E1F15DDB7BC710F2539ECD5","69BF77BFFB8A558D0E1F15DDB7BC710F2539ECD5","69BF77BFFB8A558D0E1F15DDB7BC710F2539ECD5","moved",""
"자동화\organizer_research_runs\02_auxiliary_raw\threads_loggedout_discovery_fallback_20260515_131356.xlsx","C:\Users\ding9\Desktop\madoyo\자동화\organizer_research_runs\02_auxiliary_raw\threads_loggedout_discovery_fallback_20260515_131356.xlsx","E:\madoyo_excel_archive_20260522\from_madoyo\자동화\organizer_research_runs\02_auxiliary_raw\threads_loggedout_discovery_fallback_20260515_131356.xlsx","C:\Users\ding9\Desktop\폐기\madoyo_cleanup_20260522\excel_from_madoyo\자동화\organizer_research_runs\02_auxiliary_raw\threads_loggedout_discovery_fallback_20260515_131356.xlsx",,"D6EB9A17DBE0CD9C5E31915D09AE8D1ADAF4B770","D6EB9A17DBE0CD9C5E31915D09AE8D1ADAF4B770","D6EB9A17DBE0CD9C5E31915D09AE8D1ADAF4B770","moved",""
"자동화\organizer_research_runs\02_auxiliary_raw\threads_loggedout_discovery_fallback_20260515_132515.xlsx","C:\Users\ding9\Desktop\madoyo\자동화\organizer_research_runs\02_auxiliary_raw\threads_loggedout_discovery_fallback_20260515_132515.xlsx","E:\madoyo_excel_archive_20260522\from_madoyo\자동화\organizer_research_runs\02_auxiliary_raw\threads_loggedout_discovery_fallback_20260515_132515.xlsx","C:\Users\ding9\Desktop\폐기\madoyo_cleanup_20260522\excel_from_madoyo\자동화\organizer_research_runs\02_auxiliary_raw\threads_loggedout_discovery_fallback_20260515_132515.xlsx",,"41BC6322405B4E7CF6DA4160134C8759A82C95CE","41BC6322405B4E7CF6DA4160134C8759A82C95CE","41BC6322405B4E7CF6DA4160134C8759A82C95CE","moved",""
"자동화\organizer_research_runs\02_auxiliary_raw\threads_manual_label_needed_20260515.xlsx","C:\Users\ding9\Desktop\madoyo\자동화\organizer_research_runs\02_auxiliary_raw\threads_manual_label_needed_20260515.xlsx","E:\madoyo_excel_archive_20260522\from_madoyo\자동화\organizer_research_runs\02_auxiliary_raw\threads_manual_label_needed_20260515.xlsx","C:\Users\ding9\Desktop\폐기\madoyo_cleanup_20260522\excel_from_madoyo\자동화\organizer_research_runs\02_auxiliary_raw\threads_manual_label_needed_20260515.xlsx",,"AD56A76FA4C5E9DC9ACEABD5D328CA5F80374636","AD56A76FA4C5E9DC9ACEABD5D328CA5F80374636","AD56A76FA4C5E9DC9ACEABD5D328CA5F80374636","moved",""
"자동화\organizer_research_runs\02_auxiliary_raw\threads_meetup_profiles_only_20260515.xlsx","C:\Users\ding9\Desktop\madoyo\자동화\organizer_research_runs\02_auxiliary_raw\threads_meetup_profiles_only_20260515.xlsx","E:\madoyo_excel_archive_20260522\from_madoyo\자동화\organizer_research_runs\02_auxiliary_raw\threads_meetup_profiles_only_20260515.xlsx","C:\Users\ding9\Desktop\폐기\madoyo_cleanup_20260522\excel_from_madoyo\자동화\organizer_research_runs\02_auxiliary_raw\threads_meetup_profiles_only_20260515.xlsx",,"0DB4D0C70244776B7672A53524B2270B2137DDF0","0DB4D0C70244776B7672A53524B2270B2137DDF0","0DB4D0C70244776B7672A53524B2270B2137DDF0","moved",""
"자동화\organizer_research_runs\02_auxiliary_raw\threads_meetup_profiles_relationship_labeled_20260515.xlsx","C:\Users\ding9\Desktop\madoyo\자동화\organizer_research_runs\02_auxiliary_raw\threads_meetup_profiles_relationship_labeled_20260515.xlsx","E:\madoyo_excel_archive_20260522\from_madoyo\자동화\organizer_research_runs\02_auxiliary_raw\threads_meetup_profiles_relationship_labeled_20260515.xlsx","C:\Users\ding9\Desktop\폐기\madoyo_cleanup_20260522\excel_from_madoyo\자동화\organizer_research_runs\02_auxiliary_raw\threads_meetup_profiles_relationship_labeled_20260515.xlsx",,"AE49F4DA1F1F1AA2F630587DDF9AA4960C21A488","AE49F4DA1F1F1AA2F630587DDF9AA4960C21A488","AE49F4DA1F1F1AA2F630587DDF9AA4960C21A488","moved",""
"자동화\organizer_research_runs\02_auxiliary_raw\threads_organizer_ml_discovery_combined_20260514.xlsx","C:\Users\ding9\Desktop\madoyo\자동화\organizer_research_runs\02_auxiliary_raw\threads_organizer_ml_discovery_combined_20260514.xlsx","E:\madoyo_excel_archive_20260522\from_madoyo\자동화\organizer_research_runs\02_auxiliary_raw\threads_organizer_ml_discovery_combined_20260514.xlsx","C:\Users\ding9\Desktop\폐기\madoyo_cleanup_20260522\excel_from_madoyo\자동화\organizer_research_runs\02_auxiliary_raw\threads_organizer_ml_discovery_combined_20260514.xlsx",,"1196C63AB721FC599A715D033A4A4A3436264036","1196C63AB721FC599A715D033A4A4A3436264036","1196C63AB721FC599A715D033A4A4A3436264036","moved",""
"자동화\organizer_research_runs\02_auxiliary_raw\threads_organizer_research_20260514_173459.xlsx","C:\Users\ding9\Desktop\madoyo\자동화\organizer_research_runs\02_auxiliary_raw\threads_organizer_research_20260514_173459.xlsx","E:\madoyo_excel_archive_20260522\from_madoyo\자동화\organizer_research_runs\02_auxiliary_raw\threads_organizer_research_20260514_173459.xlsx","C:\Users\ding9\Desktop\폐기\madoyo_cleanup_20260522\excel_from_madoyo\자동화\organizer_research_runs\02_auxiliary_raw\threads_organizer_research_20260514_173459.xlsx",,"C5F9E3851D803A2D6D91E75CD599A16AD4CC2C80","C5F9E3851D803A2D6D91E75CD599A16AD4CC2C80","C5F9E3851D803A2D6D91E75CD599A16AD4CC2C80","moved",""
"자동화\organizer_research_runs\02_auxiliary_raw\threads_organizer_research_20260514_181805.xlsx","C:\Users\ding9\Desktop\madoyo\자동화\organizer_research_runs\02_auxiliary_raw\threads_organizer_research_20260514_181805.xlsx","E:\madoyo_excel_archive_20260522\from_madoyo\자동화\organizer_research_runs\02_auxiliary_raw\threads_organizer_research_20260514_181805.xlsx","C:\Users\ding9\Desktop\폐기\madoyo_cleanup_20260522\excel_from_madoyo\자동화\organizer_research_runs\02_auxiliary_raw\threads_organizer_research_20260514_181805.xlsx",,"3D83586203D156CFCC9F824DE13702B5A1A412FD","3D83586203D156CFCC9F824DE13702B5A1A412FD","3D83586203D156CFCC9F824DE13702B5A1A412FD","moved",""
"자동화\organizer_research_runs\02_auxiliary_raw\threads_organizer_research_20260514_182119.xlsx","C:\Users\ding9\Desktop\madoyo\자동화\organizer_research_runs\02_auxiliary_raw\threads_organizer_research_20260514_182119.xlsx","E:\madoyo_excel_archive_20260522\from_madoyo\자동화\organizer_research_runs\02_auxiliary_raw\threads_organizer_research_20260514_182119.xlsx","C:\Users\ding9\Desktop\폐기\madoyo_cleanup_20260522\excel_from_madoyo\자동화\organizer_research_runs\02_auxiliary_raw\threads_organizer_research_20260514_182119.xlsx",,"A7AD13533414E8A3AC28F262A51467312488C19D","A7AD13533414E8A3AC28F262A51467312488C19D","A7AD13533414E8A3AC28F262A51467312488C19D","moved",""
"자동화\organizer_research_runs\02_auxiliary_raw\threads_organizer_research_20260514_182434.xlsx","C:\Users\ding9\Desktop\madoyo\자동화\organizer_research_runs\02_auxiliary_raw\threads_organizer_research_20260514_182434.xlsx","E:\madoyo_excel_archive_20260522\from_madoyo\자동화\organizer_research_runs\02_auxiliary_raw\threads_organizer_research_20260514_182434.xlsx","C:\Users\ding9\Desktop\폐기\madoyo_cleanup_20260522\excel_from_madoyo\자동화\organizer_research_runs\02_auxiliary_raw\threads_organizer_research_20260514_182434.xlsx",,"113CE83C217217A2ECBDC61E1CADEA4BCB67AC02","113CE83C217217A2ECBDC61E1CADEA4BCB67AC02","113CE83C217217A2ECBDC61E1CADEA4BCB67AC02","moved",""
"자동화\organizer_research_runs\02_auxiliary_raw\threads_organizer_research_20260514_182855.xlsx","C:\Users\ding9\Desktop\madoyo\자동화\organizer_research_runs\02_auxiliary_raw\threads_organizer_research_20260514_182855.xlsx","E:\madoyo_excel_archive_20260522\from_madoyo\자동화\organizer_research_runs\02_auxiliary_raw\threads_organizer_research_20260514_182855.xlsx","C:\Users\ding9\Desktop\폐기\madoyo_cleanup_20260522\excel_from_madoyo\자동화\organizer_research_runs\02_auxiliary_raw\threads_organizer_research_20260514_182855.xlsx",,"9ED30993EFAC1BB39E19C040E9B29C6E7102527E","9ED30993EFAC1BB39E19C040E9B29C6E7102527E","9ED30993EFAC1BB39E19C040E9B29C6E7102527E","moved",""
"자동화\organizer_research_runs\02_auxiliary_raw\threads_organizer_research_20260514_183247.xlsx","C:\Users\ding9\Desktop\madoyo\자동화\organizer_research_runs\02_auxiliary_raw\threads_organizer_research_20260514_183247.xlsx","E:\madoyo_excel_archive_20260522\from_madoyo\자동화\organizer_research_runs\02_auxiliary_raw\threads_organizer_research_20260514_183247.xlsx","C:\Users\ding9\Desktop\폐기\madoyo_cleanup_20260522\excel_from_madoyo\자동화\organizer_research_runs\02_auxiliary_raw\threads_organizer_research_20260514_183247.xlsx",,"302615128737BCE801EC103FCB96DD9FDA754ABB","302615128737BCE801EC103FCB96DD9FDA754ABB","302615128737BCE801EC103FCB96DD9FDA754ABB","moved",""
"자동화\organizer_research_runs\02_auxiliary_raw\threads_organizer_research_20260514_183545.xlsx","C:\Users\ding9\Desktop\madoyo\자동화\organizer_research_runs\02_auxiliary_raw\threads_organizer_research_20260514_183545.xlsx","E:\madoyo_excel_archive_20260522\from_madoyo\자동화\organizer_research_runs\02_auxiliary_raw\threads_organizer_research_20260514_183545.xlsx","C:\Users\ding9\Desktop\폐기\madoyo_cleanup_20260522\excel_from_madoyo\자동화\organizer_research_runs\02_auxiliary_raw\threads_organizer_research_20260514_183545.xlsx",,"00BE8ADA1653DAA715554F8887A69894AAC19C18","00BE8ADA1653DAA715554F8887A69894AAC19C18","00BE8ADA1653DAA715554F8887A69894AAC19C18","moved",""
"자동화\organizer_research_runs\02_auxiliary_raw\threads_organizer_research_20260514_184309.xlsx","C:\Users\ding9\Desktop\madoyo\자동화\organizer_research_runs\02_auxiliary_raw\threads_organizer_research_20260514_184309.xlsx","E:\madoyo_excel_archive_20260522\from_madoyo\자동화\organizer_research_runs\02_auxiliary_raw\threads_organizer_research_20260514_184309.xlsx","C:\Users\ding9\Desktop\폐기\madoyo_cleanup_20260522\excel_from_madoyo\자동화\organizer_research_runs\02_auxiliary_raw\threads_organizer_research_20260514_184309.xlsx",,"1C37F30CB14E4D5AD48855A9EDECA1E3CDE16CAA","1C37F30CB14E4D5AD48855A9EDECA1E3CDE16CAA","1C37F30CB14E4D5AD48855A9EDECA1E3CDE16CAA","moved",""
"자동화\organizer_research_runs\03_labels_and_audits\threads_strict_profiles_agent_labeled_20260517.xlsx","C:\Users\ding9\Desktop\madoyo\자동화\organizer_research_runs\03_labels_and_audits\threads_strict_profiles_agent_labeled_20260517.xlsx","E:\madoyo_excel_archive_20260522\from_madoyo\자동화\organizer_research_runs\03_labels_and_audits\threads_strict_profiles_agent_labeled_20260517.xlsx","C:\Users\ding9\Desktop\폐기\madoyo_cleanup_20260522\excel_from_madoyo\자동화\organizer_research_runs\03_labels_and_audits\threads_strict_profiles_agent_labeled_20260517.xlsx",,"A5F3E08DC4B8B9A3D9C59CA2D3DDDA386D76285F","A5F3E08DC4B8B9A3D9C59CA2D3DDDA386D76285F","A5F3E08DC4B8B9A3D9C59CA2D3DDDA386D76285F","moved",""
"자동화\organizer_research_runs\03_labels_and_audits\threads_strict_profiles_relationship_sale_labeled_20260517.xlsx","C:\Users\ding9\Desktop\madoyo\자동화\organizer_research_runs\03_labels_and_audits\threads_strict_profiles_relationship_sale_labeled_20260517.xlsx","E:\madoyo_excel_archive_20260522\from_madoyo\자동화\organizer_research_runs\03_labels_and_audits\threads_strict_profiles_relationship_sale_labeled_20260517.xlsx","C:\Users\ding9\Desktop\폐기\madoyo_cleanup_20260522\excel_from_madoyo\자동화\organizer_research_runs\03_labels_and_audits\threads_strict_profiles_relationship_sale_labeled_20260517.xlsx",,"182E9DB24D260CF7AB2EBAC6AFADE254D4880B20","182E9DB24D260CF7AB2EBAC6AFADE254D4880B20","182E9DB24D260CF7AB2EBAC6AFADE254D4880B20","moved",""
"자동화\organizer_research_runs\03_labels_and_audits\threads_strict_profile_quality_audit_20260515_142654.xlsx","C:\Users\ding9\Desktop\madoyo\자동화\organizer_research_runs\03_labels_and_audits\threads_strict_profile_quality_audit_20260515_142654.xlsx","E:\madoyo_excel_archive_20260522\from_madoyo\자동화\organizer_research_runs\03_labels_and_audits\threads_strict_profile_quality_audit_20260515_142654.xlsx","C:\Users\ding9\Desktop\폐기\madoyo_cleanup_20260522\excel_from_madoyo\자동화\organizer_research_runs\03_labels_and_audits\threads_strict_profile_quality_audit_20260515_142654.xlsx",,"41F490AA471308D70E4D17FD433239EC0B16CFF7","41F490AA471308D70E4D17FD433239EC0B16CFF7","41F490AA471308D70E4D17FD433239EC0B16CFF7","moved",""
"자동화\organizer_research_runs\03_labels_and_audits\threads_strict_profile_quality_audit_ascii_20260515_142654.xlsx","C:\Users\ding9\Desktop\madoyo\자동화\organizer_research_runs\03_labels_and_audits\threads_strict_profile_quality_audit_ascii_20260515_142654.xlsx","E:\madoyo_excel_archive_20260522\from_madoyo\자동화\organizer_research_runs\03_labels_and_audits\threads_strict_profile_quality_audit_ascii_20260515_142654.xlsx","C:\Users\ding9\Desktop\폐기\madoyo_cleanup_20260522\excel_from_madoyo\자동화\organizer_research_runs\03_labels_and_audits\threads_strict_profile_quality_audit_ascii_20260515_142654.xlsx",,"3AFFE03CDDADD83A255C1888FC9F1C5B3866508B","3AFFE03CDDADD83A255C1888FC9F1C5B3866508B","3AFFE03CDDADD83A255C1888FC9F1C5B3866508B","moved",""
"자동화\organizer_research_runs\03_labels_and_audits\threads_strict_profile_quality_audit_combined_20260515.xlsx","C:\Users\ding9\Desktop\madoyo\자동화\organizer_research_runs\03_labels_and_audits\threads_strict_profile_quality_audit_combined_20260515.xlsx","E:\madoyo_excel_archive_20260522\from_madoyo\자동화\organizer_research_runs\03_labels_and_audits\threads_strict_profile_quality_audit_combined_20260515.xlsx","C:\Users\ding9\Desktop\폐기\madoyo_cleanup_20260522\excel_from_madoyo\자동화\organizer_research_runs\03_labels_and_audits\threads_strict_profile_quality_audit_combined_20260515.xlsx",,"6380E8737E423B855E6BABE15ED098124A6BB62F","6380E8737E423B855E6BABE15ED098124A6BB62F","6380E8737E423B855E6BABE15ED098124A6BB62F","moved",""
"자동화\organizer_research_runs\03_labels_and_audits\threads_strict_profile_quality_audit_combined_20260515_v2.xlsx","C:\Users\ding9\Desktop\madoyo\자동화\organizer_research_runs\03_labels_and_audits\threads_strict_profile_quality_audit_combined_20260515_v2.xlsx","E:\madoyo_excel_archive_20260522\from_madoyo\자동화\organizer_research_runs\03_labels_and_audits\threads_strict_profile_quality_audit_combined_20260515_v2.xlsx","C:\Users\ding9\Desktop\폐기\madoyo_cleanup_20260522\excel_from_madoyo\자동화\organizer_research_runs\03_labels_and_audits\threads_strict_profile_quality_audit_combined_20260515_v2.xlsx",,"A5C396A998C902E79BA70CDBC97D2EA7EE86D213","A5C396A998C902E79BA70CDBC97D2EA7EE86D213","A5C396A998C902E79BA70CDBC97D2EA7EE86D213","moved",""
"자동화\organizer_research_runs\03_labels_and_audits\threads_strict_relationship_ml_dataset_20260515.xlsx","C:\Users\ding9\Desktop\madoyo\자동화\organizer_research_runs\03_labels_and_audits\threads_strict_relationship_ml_dataset_20260515.xlsx","E:\madoyo_excel_archive_20260522\from_madoyo\자동화\organizer_research_runs\03_labels_and_audits\threads_strict_relationship_ml_dataset_20260515.xlsx","C:\Users\ding9\Desktop\폐기\madoyo_cleanup_20260522\excel_from_madoyo\자동화\organizer_research_runs\03_labels_and_audits\threads_strict_relationship_ml_dataset_20260515.xlsx",,"958B5ECAFB38D8701A243FD87C343F71264AA587","958B5ECAFB38D8701A243FD87C343F71264AA587","958B5ECAFB38D8701A243FD87C343F71264AA587","moved",""
"자동화\organizer_research_runs\03_labels_and_audits\threads_strict_relationship_ml_dataset_labeled_20260516.xlsx","C:\Users\ding9\Desktop\madoyo\자동화\organizer_research_runs\03_labels_and_audits\threads_strict_relationship_ml_dataset_labeled_20260516.xlsx","E:\madoyo_excel_archive_20260522\from_madoyo\자동화\organizer_research_runs\03_labels_and_audits\threads_strict_relationship_ml_dataset_labeled_20260516.xlsx","C:\Users\ding9\Desktop\폐기\madoyo_cleanup_20260522\excel_from_madoyo\자동화\organizer_research_runs\03_labels_and_audits\threads_strict_relationship_ml_dataset_labeled_20260516.xlsx",,"EE68CC1C129DCE27C74807664AA5322E87C4F5B2","EE68CC1C129DCE27C74807664AA5322E87C4F5B2","EE68CC1C129DCE27C74807664AA5322E87C4F5B2","moved",""
"자동화\organizer_research_runs\04_marketing_analysis_20260517\threads_marketing_analysis_workbook_20260517.xlsx","C:\Users\ding9\Desktop\madoyo\자동화\organizer_research_runs\04_marketing_analysis_20260517\threads_marketing_analysis_workbook_20260517.xlsx","E:\madoyo_excel_archive_20260522\from_madoyo\자동화\organizer_research_runs\04_marketing_analysis_20260517\threads_marketing_analysis_workbook_20260517.xlsx","C:\Users\ding9\Desktop\폐기\madoyo_cleanup_20260522\excel_from_madoyo\자동화\organizer_research_runs\04_marketing_analysis_20260517\threads_marketing_analysis_workbook_20260517.xlsx",,"B517736A528008FCFB1952B33624D204FD8D4D7D","B517736A528008FCFB1952B33624D204FD8D4D7D","B517736A528008FCFB1952B33624D204FD8D4D7D","moved",""
"자동화\organizer_research_runs\discard_review_20260516\codex_scratch\threads_bookclub_strategy_readable_20260516.xlsx","C:\Users\ding9\Desktop\madoyo\자동화\organizer_research_runs\discard_review_20260516\codex_scratch\threads_bookclub_strategy_readable_20260516.xlsx","E:\madoyo_excel_archive_20260522\from_madoyo\자동화\organizer_research_runs\discard_review_20260516\codex_scratch\threads_bookclub_strategy_readable_20260516.xlsx","C:\Users\ding9\Desktop\폐기\madoyo_cleanup_20260522\excel_from_madoyo\자동화\organizer_research_runs\discard_review_20260516\codex_scratch\threads_bookclub_strategy_readable_20260516.xlsx",,"F25611B28B73D3B9873D460D261395BD285D67CC","F25611B28B73D3B9873D460D261395BD285D67CC","F25611B28B73D3B9873D460D261395BD285D67CC","moved",""
"자동화\organizer_research_runs\discard_review_20260516\codex_scratch\threads_strict_relationship_ml_dataset_labeled_20260516.xlsx","C:\Users\ding9\Desktop\madoyo\자동화\organizer_research_runs\discard_review_20260516\codex_scratch\threads_strict_relationship_ml_dataset_labeled_20260516.xlsx","E:\madoyo_excel_archive_20260522\from_madoyo\자동화\organizer_research_runs\discard_review_20260516\codex_scratch\threads_strict_relationship_ml_dataset_labeled_20260516.xlsx","C:\Users\ding9\Desktop\폐기\madoyo_cleanup_20260522\excel_from_madoyo\자동화\organizer_research_runs\discard_review_20260516\codex_scratch\threads_strict_relationship_ml_dataset_labeled_20260516.xlsx",,"EE68CC1C129DCE27C74807664AA5322E87C4F5B2","EE68CC1C129DCE27C74807664AA5322E87C4F5B2","EE68CC1C129DCE27C74807664AA5322E87C4F5B2","moved",""
"자동화\organizer_research_runs\discard_review_20260516\threads_bookclub_strategy_readable_20260516.xlsx","C:\Users\ding9\Desktop\madoyo\자동화\organizer_research_runs\discard_review_20260516\threads_bookclub_strategy_readable_20260516.xlsx","E:\madoyo_excel_archive_20260522\from_madoyo\자동화\organizer_research_runs\discard_review_20260516\threads_bookclub_strategy_readable_20260516.xlsx","C:\Users\ding9\Desktop\폐기\madoyo_cleanup_20260522\excel_from_madoyo\자동화\organizer_research_runs\discard_review_20260516\threads_bookclub_strategy_readable_20260516.xlsx",,"7376D16CE0AD8B6634CD96E428B9135051826AEB","7376D16CE0AD8B6634CD96E428B9135051826AEB","7376D16CE0AD8B6634CD96E428B9135051826AEB","moved",""
"자동화\실패엑셀\실패목록_0401.xlsx","C:\Users\ding9\Desktop\madoyo\자동화\실패엑셀\실패목록_0401.xlsx","E:\madoyo_excel_archive_20260522\from_madoyo\자동화\실패엑셀\실패목록_0401.xlsx","C:\Users\ding9\Desktop\폐기\madoyo_cleanup_20260522\excel_from_madoyo\자동화\실패엑셀\실패목록_0401.xlsx",,"1FF60D0C20E80EF07F0F5371FEFA518627B5B04E","1FF60D0C20E80EF07F0F5371FEFA518627B5B04E","1FF60D0C20E80EF07F0F5371FEFA518627B5B04E","moved",""
"자동화\자동화참조\업로드완료\0301작업량20.xlsx","C:\Users\ding9\Desktop\madoyo\자동화\자동화참조\업로드완료\0301작업량20.xlsx","E:\madoyo_excel_archive_20260522\from_madoyo\자동화\자동화참조\업로드완료\0301작업량20.xlsx","C:\Users\ding9\Desktop\폐기\madoyo_cleanup_20260522\excel_from_madoyo\자동화\자동화참조\업로드완료\0301작업량20.xlsx",,"885DBD5524325CEB60A824A8275BAC61B71F00B9","885DBD5524325CEB60A824A8275BAC61B71F00B9","885DBD5524325CEB60A824A8275BAC61B71F00B9","moved",""
"자동화\자동화참조\업로드완료\0302작업량 25.xlsx","C:\Users\ding9\Desktop\madoyo\자동화\자동화참조\업로드완료\0302작업량 25.xlsx","E:\madoyo_excel_archive_20260522\from_madoyo\자동화\자동화참조\업로드완료\0302작업량 25.xlsx","C:\Users\ding9\Desktop\폐기\madoyo_cleanup_20260522\excel_from_madoyo\자동화\자동화참조\업로드완료\0302작업량 25.xlsx",,"9FA889641C2CC38FA813497FE2D3B0CCBC3AF4F2","9FA889641C2CC38FA813497FE2D3B0CCBC3AF4F2","9FA889641C2CC38FA813497FE2D3B0CCBC3AF4F2","moved",""
"자동화\자동화참조\업로드완료\0303작업량.xlsx","C:\Users\ding9\Desktop\madoyo\자동화\자동화참조\업로드완료\0303작업량.xlsx","E:\madoyo_excel_archive_20260522\from_madoyo\자동화\자동화참조\업로드완료\0303작업량.xlsx","C:\Users\ding9\Desktop\폐기\madoyo_cleanup_20260522\excel_from_madoyo\자동화\자동화참조\업로드완료\0303작업량.xlsx",,"249A01E1245C7443DB3A318208AA76546F6E98E4","249A01E1245C7443DB3A318208AA76546F6E98E4","249A01E1245C7443DB3A318208AA76546F6E98E4","moved",""
"자동화\자동화참조\업로드완료\0304작업량.xlsx","C:\Users\ding9\Desktop\madoyo\자동화\자동화참조\업로드완료\0304작업량.xlsx","E:\madoyo_excel_archive_20260522\from_madoyo\자동화\자동화참조\업로드완료\0304작업량.xlsx","C:\Users\ding9\Desktop\폐기\madoyo_cleanup_20260522\excel_from_madoyo\자동화\자동화참조\업로드완료\0304작업량.xlsx",,"0A02BB8EC457C51564048F75FB42290FBDA1BC18","0A02BB8EC457C51564048F75FB42290FBDA1BC18","0A02BB8EC457C51564048F75FB42290FBDA1BC18","moved",""
"자동화\자동화참조\업로드완료\0306-1.xlsx","C:\Users\ding9\Desktop\madoyo\자동화\자동화참조\업로드완료\0306-1.xlsx","E:\madoyo_excel_archive_20260522\from_madoyo\자동화\자동화참조\업로드완료\0306-1.xlsx","C:\Users\ding9\Desktop\폐기\madoyo_cleanup_20260522\excel_from_madoyo\자동화\자동화참조\업로드완료\0306-1.xlsx",,"20796307A48940C180C80758AB5F34A419A79A8F","20796307A48940C180C80758AB5F34A419A79A8F","20796307A48940C180C80758AB5F34A419A79A8F","moved",""
"자동화\자동화참조\업로드완료\0306-2.xlsx","C:\Users\ding9\Desktop\madoyo\자동화\자동화참조\업로드완료\0306-2.xlsx","E:\madoyo_excel_archive_20260522\from_madoyo\자동화\자동화참조\업로드완료\0306-2.xlsx","C:\Users\ding9\Desktop\폐기\madoyo_cleanup_20260522\excel_from_madoyo\자동화\자동화참조\업로드완료\0306-2.xlsx",,"0D93093031F2A88E4F13224AD1348FB1E15C6A44","0D93093031F2A88E4F13224AD1348FB1E15C6A44","0D93093031F2A88E4F13224AD1348FB1E15C6A44","moved",""
"자동화\자동화참조\업로드완료\dryrun_5.xlsx","C:\Users\ding9\Desktop\madoyo\자동화\자동화참조\업로드완료\dryrun_5.xlsx","E:\madoyo_excel_archive_20260522\from_madoyo\자동화\자동화참조\업로드완료\dryrun_5.xlsx","C:\Users\ding9\Desktop\폐기\madoyo_cleanup_20260522\excel_from_madoyo\자동화\자동화참조\업로드완료\dryrun_5.xlsx",,"0A02BB8EC457C51564048F75FB42290FBDA1BC18","0A02BB8EC457C51564048F75FB42290FBDA1BC18","0A02BB8EC457C51564048F75FB42290FBDA1BC18","moved",""
"자동화\자동화참조\업로드완료\failed_manual_upload_body_ready_18_0519_not_used_by_auto.xlsx","C:\Users\ding9\Desktop\madoyo\자동화\자동화참조\업로드완료\failed_manual_upload_body_ready_18_0519_not_used_by_auto.xlsx","E:\madoyo_excel_archive_20260522\from_madoyo\자동화\자동화참조\업로드완료\failed_manual_upload_body_ready_18_0519_not_used_by_auto.xlsx","C:\Users\ding9\Desktop\폐기\madoyo_cleanup_20260522\excel_from_madoyo\자동화\자동화참조\업로드완료\failed_manual_upload_body_ready_18_0519_not_used_by_auto.xlsx",,"B8A9AF7A582C5F253A908159E25D60C0D532FD72","B8A9AF7A582C5F253A908159E25D60C0D532FD72","B8A9AF7A582C5F253A908159E25D60C0D532FD72","moved",""
"자동화\자동화참조\업로드완료\retry_failed_all_0519_after_0630_before_collect.xlsx","C:\Users\ding9\Desktop\madoyo\자동화\자동화참조\업로드완료\retry_failed_all_0519_after_0630_before_collect.xlsx","E:\madoyo_excel_archive_20260522\from_madoyo\자동화\자동화참조\업로드완료\retry_failed_all_0519_after_0630_before_collect.xlsx","C:\Users\ding9\Desktop\폐기\madoyo_cleanup_20260522\excel_from_madoyo\자동화\자동화참조\업로드완료\retry_failed_all_0519_after_0630_before_collect.xlsx",,"2BD70741B660AF6C367C34067020A8A59EBF5843","2BD70741B660AF6C367C34067020A8A59EBF5843","2BD70741B660AF6C367C34067020A8A59EBF5843","moved",""
"자동화\자동화참조\업로드완료\retry_failed_partial_after_0600_20260518_interrupted.xlsx","C:\Users\ding9\Desktop\madoyo\자동화\자동화참조\업로드완료\retry_failed_partial_after_0600_20260518_interrupted.xlsx","E:\madoyo_excel_archive_20260522\from_madoyo\자동화\자동화참조\업로드완료\retry_failed_partial_after_0600_20260518_interrupted.xlsx","C:\Users\ding9\Desktop\폐기\madoyo_cleanup_20260522\excel_from_madoyo\자동화\자동화참조\업로드완료\retry_failed_partial_after_0600_20260518_interrupted.xlsx",,"F15E03B910D680FA5031CFC8794C29FCFB41DB13","F15E03B910D680FA5031CFC8794C29FCFB41DB13","F15E03B910D680FA5031CFC8794C29FCFB41DB13","moved",""
"자동화\자동화참조\업로드완료\retry_missing_only_0425.xlsx","C:\Users\ding9\Desktop\madoyo\자동화\자동화참조\업로드완료\retry_missing_only_0425.xlsx","E:\madoyo_excel_archive_20260522\from_madoyo\자동화\자동화참조\업로드완료\retry_missing_only_0425.xlsx","C:\Users\ding9\Desktop\폐기\madoyo_cleanup_20260522\excel_from_madoyo\자동화\자동화참조\업로드완료\retry_missing_only_0425.xlsx",,"3488EAA44338D8FDBC48E364D2D031A29E78FB37","3488EAA44338D8FDBC48E364D2D031A29E78FB37","3488EAA44338D8FDBC48E364D2D031A29E78FB37","moved",""
"자동화\자동화참조\업로드완료\retry_probe_one_row6_0519.xlsx","C:\Users\ding9\Desktop\madoyo\자동화\자동화참조\업로드완료\retry_probe_one_row6_0519.xlsx","E:\madoyo_excel_archive_20260522\from_madoyo\자동화\자동화참조\업로드완료\retry_probe_one_row6_0519.xlsx","C:\Users\ding9\Desktop\폐기\madoyo_cleanup_20260522\excel_from_madoyo\자동화\자동화참조\업로드완료\retry_probe_one_row6_0519.xlsx",,"7A67A6C9FFFBF3269855572F6CC23627C4F4DDDE","7A67A6C9FFFBF3269855572F6CC23627C4F4DDDE","7A67A6C9FFFBF3269855572F6CC23627C4F4DDDE","moved",""
"자동화\자동화참조\업로드완료\retry_remaining_10_20_24_20260518.xlsx","C:\Users\ding9\Desktop\madoyo\자동화\자동화참조\업로드완료\retry_remaining_10_20_24_20260518.xlsx","E:\madoyo_excel_archive_20260522\from_madoyo\자동화\자동화참조\업로드완료\retry_remaining_10_20_24_20260518.xlsx","C:\Users\ding9\Desktop\폐기\madoyo_cleanup_20260522\excel_from_madoyo\자동화\자동화참조\업로드완료\retry_remaining_10_20_24_20260518.xlsx",,"1B71D9ADCC4F603C07C07572F86BBC9A13CCF342","1B71D9ADCC4F603C07C07572F86BBC9A13CCF342","1B71D9ADCC4F603C07C07572F86BBC9A13CCF342","moved",""
"자동화\자동화참조\업로드완료\retry_tmpfiles_0511_213300.xlsx","C:\Users\ding9\Desktop\madoyo\자동화\자동화참조\업로드완료\retry_tmpfiles_0511_213300.xlsx","E:\madoyo_excel_archive_20260522\from_madoyo\자동화\자동화참조\업로드완료\retry_tmpfiles_0511_213300.xlsx","C:\Users\ding9\Desktop\폐기\madoyo_cleanup_20260522\excel_from_madoyo\자동화\자동화참조\업로드완료\retry_tmpfiles_0511_213300.xlsx",,"BAE661E0917EBAFEA388EC99EC13A3E7758BAEA2","BAE661E0917EBAFEA388EC99EC13A3E7758BAEA2","BAE661E0917EBAFEA388EC99EC13A3E7758BAEA2","moved",""
"자동화\자동화참조\업로드완료\threads_links_report_0424_2224.xlsx","C:\Users\ding9\Desktop\madoyo\자동화\자동화참조\업로드완료\threads_links_report_0424_2224.xlsx","E:\madoyo_excel_archive_20260522\from_madoyo\자동화\자동화참조\업로드완료\threads_links_report_0424_2224.xlsx","C:\Users\ding9\Desktop\폐기\madoyo_cleanup_20260522\excel_from_madoyo\자동화\자동화참조\업로드완료\threads_links_report_0424_2224.xlsx",,"335891394FC08658BCC12BB66CC184C7CD8363D3","335891394FC08658BCC12BB66CC184C7CD8363D3","335891394FC08658BCC12BB66CC184C7CD8363D3","moved",""
"자동화\자동화참조\업로드완료\threads_live_report_0308_0320.xlsx","C:\Users\ding9\Desktop\madoyo\자동화\자동화참조\업로드완료\threads_live_report_0308_0320.xlsx","E:\madoyo_excel_archive_20260522\from_madoyo\자동화\자동화참조\업로드완료\threads_live_report_0308_0320.xlsx","C:\Users\ding9\Desktop\폐기\madoyo_cleanup_20260522\excel_from_madoyo\자동화\자동화참조\업로드완료\threads_live_report_0308_0320.xlsx",,"D4D83B7163AD9A7FC3EDEFD977FA96B176C75E04","D4D83B7163AD9A7FC3EDEFD977FA96B176C75E04","D4D83B7163AD9A7FC3EDEFD977FA96B176C75E04","moved",""
"자동화\자동화참조\업로드완료\threads_live_report_0309_0145.xlsx","C:\Users\ding9\Desktop\madoyo\자동화\자동화참조\업로드완료\threads_live_report_0309_0145.xlsx","E:\madoyo_excel_archive_20260522\from_madoyo\자동화\자동화참조\업로드완료\threads_live_report_0309_0145.xlsx","C:\Users\ding9\Desktop\폐기\madoyo_cleanup_20260522\excel_from_madoyo\자동화\자동화참조\업로드완료\threads_live_report_0309_0145.xlsx",,"12D66A7F52E6833E2E92FCB5B22E0175575E3DC2","12D66A7F52E6833E2E92FCB5B22E0175575E3DC2","12D66A7F52E6833E2E92FCB5B22E0175575E3DC2","moved",""
"자동화\자동화참조\업로드완료\threads_live_report_0310_0033.xlsx","C:\Users\ding9\Desktop\madoyo\자동화\자동화참조\업로드완료\threads_live_report_0310_0033.xlsx","E:\madoyo_excel_archive_20260522\from_madoyo\자동화\자동화참조\업로드완료\threads_live_report_0310_0033.xlsx","C:\Users\ding9\Desktop\폐기\madoyo_cleanup_20260522\excel_from_madoyo\자동화\자동화참조\업로드완료\threads_live_report_0310_0033.xlsx",,"85AFF64FD8A2010D33CA1E0C4561CBEC217A1F91","85AFF64FD8A2010D33CA1E0C4561CBEC217A1F91","85AFF64FD8A2010D33CA1E0C4561CBEC217A1F91","moved",""
"자동화\자동화참조\업로드완료\threads_live_report_0312_0315.xlsx","C:\Users\ding9\Desktop\madoyo\자동화\자동화참조\업로드완료\threads_live_report_0312_0315.xlsx","E:\madoyo_excel_archive_20260522\from_madoyo\자동화\자동화참조\업로드완료\threads_live_report_0312_0315.xlsx","C:\Users\ding9\Desktop\폐기\madoyo_cleanup_20260522\excel_from_madoyo\자동화\자동화참조\업로드완료\threads_live_report_0312_0315.xlsx",,"10CBAAC1FF49AFDD25E6EFCFA2A4F0EA34F5AEF4","10CBAAC1FF49AFDD25E6EFCFA2A4F0EA34F5AEF4","10CBAAC1FF49AFDD25E6EFCFA2A4F0EA34F5AEF4","moved",""
"자동화\자동화참조\업로드완료\threads_live_report_0314_0441.xlsx","C:\Users\ding9\Desktop\madoyo\자동화\자동화참조\업로드완료\threads_live_report_0314_0441.xlsx","E:\madoyo_excel_archive_20260522\from_madoyo\자동화\자동화참조\업로드완료\threads_live_report_0314_0441.xlsx","C:\Users\ding9\Desktop\폐기\madoyo_cleanup_20260522\excel_from_madoyo\자동화\자동화참조\업로드완료\threads_live_report_0314_0441.xlsx",,"A7DA58B3AC6DB11ED091A02F904B9E633BE1CA96","A7DA58B3AC6DB11ED091A02F904B9E633BE1CA96","A7DA58B3AC6DB11ED091A02F904B9E633BE1CA96","moved",""
"자동화\자동화참조\업로드완료\threads_live_report_0320_0225.xlsx","C:\Users\ding9\Desktop\madoyo\자동화\자동화참조\업로드완료\threads_live_report_0320_0225.xlsx","E:\madoyo_excel_archive_20260522\from_madoyo\자동화\자동화참조\업로드완료\threads_live_report_0320_0225.xlsx","C:\Users\ding9\Desktop\폐기\madoyo_cleanup_20260522\excel_from_madoyo\자동화\자동화참조\업로드완료\threads_live_report_0320_0225.xlsx",,"2C4D0FA261D67D5F7D2F742C23AD1BC1ADA3EA08","2C4D0FA261D67D5F7D2F742C23AD1BC1ADA3EA08","2C4D0FA261D67D5F7D2F742C23AD1BC1ADA3EA08","moved",""
"자동화\자동화참조\업로드완료\threads_live_report_0321_0130.xlsx","C:\Users\ding9\Desktop\madoyo\자동화\자동화참조\업로드완료\threads_live_report_0321_0130.xlsx","E:\madoyo_excel_archive_20260522\from_madoyo\자동화\자동화참조\업로드완료\threads_live_report_0321_0130.xlsx","C:\Users\ding9\Desktop\폐기\madoyo_cleanup_20260522\excel_from_madoyo\자동화\자동화참조\업로드완료\threads_live_report_0321_0130.xlsx",,"793BCF08777358DC5A322332C6600A7EF30D6BC5","793BCF08777358DC5A322332C6600A7EF30D6BC5","793BCF08777358DC5A322332C6600A7EF30D6BC5","moved",""
"자동화\자동화참조\업로드완료\threads_live_report_0322_0416.xlsx","C:\Users\ding9\Desktop\madoyo\자동화\자동화참조\업로드완료\threads_live_report_0322_0416.xlsx","E:\madoyo_excel_archive_20260522\from_madoyo\자동화\자동화참조\업로드완료\threads_live_report_0322_0416.xlsx","C:\Users\ding9\Desktop\폐기\madoyo_cleanup_20260522\excel_from_madoyo\자동화\자동화참조\업로드완료\threads_live_report_0322_0416.xlsx",,"A11F80141E74A185A8EC11D2C883FF15B7D650DF","A11F80141E74A185A8EC11D2C883FF15B7D650DF","A11F80141E74A185A8EC11D2C883FF15B7D650DF","moved",""
"자동화\자동화참조\업로드완료\threads_live_report_0324_0401.xlsx","C:\Users\ding9\Desktop\madoyo\자동화\자동화참조\업로드완료\threads_live_report_0324_0401.xlsx","E:\madoyo_excel_archive_20260522\from_madoyo\자동화\자동화참조\업로드완료\threads_live_report_0324_0401.xlsx","C:\Users\ding9\Desktop\폐기\madoyo_cleanup_20260522\excel_from_madoyo\자동화\자동화참조\업로드완료\threads_live_report_0324_0401.xlsx",,"E8F38408BA1035F33936DBDA2F60FC3EA3251800","E8F38408BA1035F33936DBDA2F60FC3EA3251800","E8F38408BA1035F33936DBDA2F60FC3EA3251800","moved",""
"자동화\자동화참조\업로드완료\threads_live_report_0326_1728.xlsx","C:\Users\ding9\Desktop\madoyo\자동화\자동화참조\업로드완료\threads_live_report_0326_1728.xlsx","E:\madoyo_excel_archive_20260522\from_madoyo\자동화\자동화참조\업로드완료\threads_live_report_0326_1728.xlsx","C:\Users\ding9\Desktop\폐기\madoyo_cleanup_20260522\excel_from_madoyo\자동화\자동화참조\업로드완료\threads_live_report_0326_1728.xlsx",,"CF9C081846F5EB4AF07369FF885B3754B275D7F3","CF9C081846F5EB4AF07369FF885B3754B275D7F3","CF9C081846F5EB4AF07369FF885B3754B275D7F3","moved",""
"자동화\자동화참조\업로드완료\threads_live_report_0330_0543.xlsx","C:\Users\ding9\Desktop\madoyo\자동화\자동화참조\업로드완료\threads_live_report_0330_0543.xlsx","E:\madoyo_excel_archive_20260522\from_madoyo\자동화\자동화참조\업로드완료\threads_live_report_0330_0543.xlsx","C:\Users\ding9\Desktop\폐기\madoyo_cleanup_20260522\excel_from_madoyo\자동화\자동화참조\업로드완료\threads_live_report_0330_0543.xlsx",,"9A5EBE69056F310E1154FC2FEB1DA0A79641EBB0","9A5EBE69056F310E1154FC2FEB1DA0A79641EBB0","9A5EBE69056F310E1154FC2FEB1DA0A79641EBB0","moved",""
"자동화\자동화참조\업로드완료\threads_live_report_0402_0031.xlsx","C:\Users\ding9\Desktop\madoyo\자동화\자동화참조\업로드완료\threads_live_report_0402_0031.xlsx","E:\madoyo_excel_archive_20260522\from_madoyo\자동화\자동화참조\업로드완료\threads_live_report_0402_0031.xlsx","C:\Users\ding9\Desktop\폐기\madoyo_cleanup_20260522\excel_from_madoyo\자동화\자동화참조\업로드완료\threads_live_report_0402_0031.xlsx",,"CDE2EF0D1EFB00F6B4F4974B044C046D3433F0BB","CDE2EF0D1EFB00F6B4F4974B044C046D3433F0BB","CDE2EF0D1EFB00F6B4F4974B044C046D3433F0BB","moved",""
"자동화\자동화참조\업로드완료\threads_live_report_0403_0230.xlsx","C:\Users\ding9\Desktop\madoyo\자동화\자동화참조\업로드완료\threads_live_report_0403_0230.xlsx","E:\madoyo_excel_archive_20260522\from_madoyo\자동화\자동화참조\업로드완료\threads_live_report_0403_0230.xlsx","C:\Users\ding9\Desktop\폐기\madoyo_cleanup_20260522\excel_from_madoyo\자동화\자동화참조\업로드완료\threads_live_report_0403_0230.xlsx",,"88057ACFF89D3A380E020E03880D160805788584","88057ACFF89D3A380E020E03880D160805788584","88057ACFF89D3A380E020E03880D160805788584","moved",""
"자동화\자동화참조\업로드완료\threads_live_report_0403_2114.xlsx","C:\Users\ding9\Desktop\madoyo\자동화\자동화참조\업로드완료\threads_live_report_0403_2114.xlsx","E:\madoyo_excel_archive_20260522\from_madoyo\자동화\자동화참조\업로드완료\threads_live_report_0403_2114.xlsx","C:\Users\ding9\Desktop\폐기\madoyo_cleanup_20260522\excel_from_madoyo\자동화\자동화참조\업로드완료\threads_live_report_0403_2114.xlsx",,"C8E79503C764A01FFBA227C20DB276C6A7A5472C","C8E79503C764A01FFBA227C20DB276C6A7A5472C","C8E79503C764A01FFBA227C20DB276C6A7A5472C","moved",""
"자동화\자동화참조\업로드완료\threads_live_report_0405_0305.xlsx","C:\Users\ding9\Desktop\madoyo\자동화\자동화참조\업로드완료\threads_live_report_0405_0305.xlsx","E:\madoyo_excel_archive_20260522\from_madoyo\자동화\자동화참조\업로드완료\threads_live_report_0405_0305.xlsx","C:\Users\ding9\Desktop\폐기\madoyo_cleanup_20260522\excel_from_madoyo\자동화\자동화참조\업로드완료\threads_live_report_0405_0305.xlsx",,"E863011EE586CEC9E29BBFB566C3202FB9D0F463","E863011EE586CEC9E29BBFB566C3202FB9D0F463","E863011EE586CEC9E29BBFB566C3202FB9D0F463","moved",""
"자동화\자동화참조\업로드완료\threads_live_report_0405_0305_1775368457.xlsx","C:\Users\ding9\Desktop\madoyo\자동화\자동화참조\업로드완료\threads_live_report_0405_0305_1775368457.xlsx","E:\madoyo_excel_archive_20260522\from_madoyo\자동화\자동화참조\업로드완료\threads_live_report_0405_0305_1775368457.xlsx","C:\Users\ding9\Desktop\폐기\madoyo_cleanup_20260522\excel_from_madoyo\자동화\자동화참조\업로드완료\threads_live_report_0405_0305_1775368457.xlsx",,"E863011EE586CEC9E29BBFB566C3202FB9D0F463","E863011EE586CEC9E29BBFB566C3202FB9D0F463","E863011EE586CEC9E29BBFB566C3202FB9D0F463","moved",""
"자동화\자동화참조\업로드완료\threads_live_report_0406_0233.xlsx","C:\Users\ding9\Desktop\madoyo\자동화\자동화참조\업로드완료\threads_live_report_0406_0233.xlsx","E:\madoyo_excel_archive_20260522\from_madoyo\자동화\자동화참조\업로드완료\threads_live_report_0406_0233.xlsx","C:\Users\ding9\Desktop\폐기\madoyo_cleanup_20260522\excel_from_madoyo\자동화\자동화참조\업로드완료\threads_live_report_0406_0233.xlsx",,"F88D4746869C0717334A9F2B32741B64D08B4D95","F88D4746869C0717334A9F2B32741B64D08B4D95","F88D4746869C0717334A9F2B32741B64D08B4D95","moved",""
"자동화\자동화참조\업로드완료\threads_live_report_0406_0233_1775560750.xlsx","C:\Users\ding9\Desktop\madoyo\자동화\자동화참조\업로드완료\threads_live_report_0406_0233_1775560750.xlsx","E:\madoyo_excel_archive_20260522\from_madoyo\자동화\자동화참조\업로드완료\threads_live_report_0406_0233_1775560750.xlsx","C:\Users\ding9\Desktop\폐기\madoyo_cleanup_20260522\excel_from_madoyo\자동화\자동화참조\업로드완료\threads_live_report_0406_0233_1775560750.xlsx",,"93831C6D3504245FD25F039F2F7B2112A6AB2908","93831C6D3504245FD25F039F2F7B2112A6AB2908","93831C6D3504245FD25F039F2F7B2112A6AB2908","moved",""
"자동화\자동화참조\업로드완료\threads_live_report_0408_0521.xlsx","C:\Users\ding9\Desktop\madoyo\자동화\자동화참조\업로드완료\threads_live_report_0408_0521.xlsx","E:\madoyo_excel_archive_20260522\from_madoyo\자동화\자동화참조\업로드완료\threads_live_report_0408_0521.xlsx","C:\Users\ding9\Desktop\폐기\madoyo_cleanup_20260522\excel_from_madoyo\자동화\자동화참조\업로드완료\threads_live_report_0408_0521.xlsx",,"A01F18987E248E9DAFE60307D8D282B0425C8A00","A01F18987E248E9DAFE60307D8D282B0425C8A00","A01F18987E248E9DAFE60307D8D282B0425C8A00","moved",""
"자동화\자동화참조\업로드완료\threads_live_report_0408_0521_1775607808.xlsx","C:\Users\ding9\Desktop\madoyo\자동화\자동화참조\업로드완료\threads_live_report_0408_0521_1775607808.xlsx","E:\madoyo_excel_archive_20260522\from_madoyo\자동화\자동화참조\업로드완료\threads_live_report_0408_0521_1775607808.xlsx","C:\Users\ding9\Desktop\폐기\madoyo_cleanup_20260522\excel_from_madoyo\자동화\자동화참조\업로드완료\threads_live_report_0408_0521_1775607808.xlsx",,"B7C8ACB91084D02C1659F1DD23B154C60B158545","B7C8ACB91084D02C1659F1DD23B154C60B158545","B7C8ACB91084D02C1659F1DD23B154C60B158545","moved",""
"자동화\자동화참조\업로드완료\threads_live_report_0410_0208.xlsx","C:\Users\ding9\Desktop\madoyo\자동화\자동화참조\업로드완료\threads_live_report_0410_0208.xlsx","E:\madoyo_excel_archive_20260522\from_madoyo\자동화\자동화참조\업로드완료\threads_live_report_0410_0208.xlsx","C:\Users\ding9\Desktop\폐기\madoyo_cleanup_20260522\excel_from_madoyo\자동화\자동화참조\업로드완료\threads_live_report_0410_0208.xlsx",,"11CB24B308C11590FC8733845697A3684C1022C0","11CB24B308C11590FC8733845697A3684C1022C0","11CB24B308C11590FC8733845697A3684C1022C0","moved",""
"자동화\자동화참조\업로드완료\threads_live_report_0411_0330.xlsx","C:\Users\ding9\Desktop\madoyo\자동화\자동화참조\업로드완료\threads_live_report_0411_0330.xlsx","E:\madoyo_excel_archive_20260522\from_madoyo\자동화\자동화참조\업로드완료\threads_live_report_0411_0330.xlsx","C:\Users\ding9\Desktop\폐기\madoyo_cleanup_20260522\excel_from_madoyo\자동화\자동화참조\업로드완료\threads_live_report_0411_0330.xlsx",,"81A92AF46C57690D14C5F23A2783F7DAB7119726","81A92AF46C57690D14C5F23A2783F7DAB7119726","81A92AF46C57690D14C5F23A2783F7DAB7119726","moved",""
"자동화\자동화참조\업로드완료\threads_live_report_0413_1948.xlsx","C:\Users\ding9\Desktop\madoyo\자동화\자동화참조\업로드완료\threads_live_report_0413_1948.xlsx","E:\madoyo_excel_archive_20260522\from_madoyo\자동화\자동화참조\업로드완료\threads_live_report_0413_1948.xlsx","C:\Users\ding9\Desktop\폐기\madoyo_cleanup_20260522\excel_from_madoyo\자동화\자동화참조\업로드완료\threads_live_report_0413_1948.xlsx",,"740D9E5BBBBEB7AD56229952C1AEC967788085CD","740D9E5BBBBEB7AD56229952C1AEC967788085CD","740D9E5BBBBEB7AD56229952C1AEC967788085CD","moved",""
"자동화\자동화참조\업로드완료\threads_live_report_0415_0055.xlsx","C:\Users\ding9\Desktop\madoyo\자동화\자동화참조\업로드완료\threads_live_report_0415_0055.xlsx","E:\madoyo_excel_archive_20260522\from_madoyo\자동화\자동화참조\업로드완료\threads_live_report_0415_0055.xlsx","C:\Users\ding9\Desktop\폐기\madoyo_cleanup_20260522\excel_from_madoyo\자동화\자동화참조\업로드완료\threads_live_report_0415_0055.xlsx",,"09982E5518F467AEDDB8FBFE35A489F6771A86B7","09982E5518F467AEDDB8FBFE35A489F6771A86B7","09982E5518F467AEDDB8FBFE35A489F6771A86B7","moved",""
"자동화\자동화참조\업로드완료\threads_live_report_0416_0333.xlsx","C:\Users\ding9\Desktop\madoyo\자동화\자동화참조\업로드완료\threads_live_report_0416_0333.xlsx","E:\madoyo_excel_archive_20260522\from_madoyo\자동화\자동화참조\업로드완료\threads_live_report_0416_0333.xlsx","C:\Users\ding9\Desktop\폐기\madoyo_cleanup_20260522\excel_from_madoyo\자동화\자동화참조\업로드완료\threads_live_report_0416_0333.xlsx",,"EAE233966496876677CC4C76A198C842218E2207","EAE233966496876677CC4C76A198C842218E2207","EAE233966496876677CC4C76A198C842218E2207","moved",""
"자동화\자동화참조\업로드완료\threads_live_report_0417_0123.xlsx","C:\Users\ding9\Desktop\madoyo\자동화\자동화참조\업로드완료\threads_live_report_0417_0123.xlsx","E:\madoyo_excel_archive_20260522\from_madoyo\자동화\자동화참조\업로드완료\threads_live_report_0417_0123.xlsx","C:\Users\ding9\Desktop\폐기\madoyo_cleanup_20260522\excel_from_madoyo\자동화\자동화참조\업로드완료\threads_live_report_0417_0123.xlsx",,"3B6A5C913923CB86EFEB6073490FA7BE31CE0511","3B6A5C913923CB86EFEB6073490FA7BE31CE0511","3B6A5C913923CB86EFEB6073490FA7BE31CE0511","moved",""
"자동화\자동화참조\업로드완료\threads_live_report_0423_0301.xlsx","C:\Users\ding9\Desktop\madoyo\자동화\자동화참조\업로드완료\threads_live_report_0423_0301.xlsx","E:\madoyo_excel_archive_20260522\from_madoyo\자동화\자동화참조\업로드완료\threads_live_report_0423_0301.xlsx","C:\Users\ding9\Desktop\폐기\madoyo_cleanup_20260522\excel_from_madoyo\자동화\자동화참조\업로드완료\threads_live_report_0423_0301.xlsx",,"72DA15A063793F7CFE70250E43D5C160AD2381CA","72DA15A063793F7CFE70250E43D5C160AD2381CA","72DA15A063793F7CFE70250E43D5C160AD2381CA","moved",""
"자동화\자동화참조\업로드완료\threads_live_report_0424_0214.xlsx","C:\Users\ding9\Desktop\madoyo\자동화\자동화참조\업로드완료\threads_live_report_0424_0214.xlsx","E:\madoyo_excel_archive_20260522\from_madoyo\자동화\자동화참조\업로드완료\threads_live_report_0424_0214.xlsx","C:\Users\ding9\Desktop\폐기\madoyo_cleanup_20260522\excel_from_madoyo\자동화\자동화참조\업로드완료\threads_live_report_0424_0214.xlsx",,"D5E5D184985A55EAFD8E3BDDE83591137FE2C180","D5E5D184985A55EAFD8E3BDDE83591137FE2C180","D5E5D184985A55EAFD8E3BDDE83591137FE2C180","moved",""
"자동화\자동화참조\업로드완료\threads_live_report_0424_2340.xlsx","C:\Users\ding9\Desktop\madoyo\자동화\자동화참조\업로드완료\threads_live_report_0424_2340.xlsx","E:\madoyo_excel_archive_20260522\from_madoyo\자동화\자동화참조\업로드완료\threads_live_report_0424_2340.xlsx","C:\Users\ding9\Desktop\폐기\madoyo_cleanup_20260522\excel_from_madoyo\자동화\자동화참조\업로드완료\threads_live_report_0424_2340.xlsx",,"CB9B998803A571623614C9734FBDD1E3BA7F3C86","CB9B998803A571623614C9734FBDD1E3BA7F3C86","CB9B998803A571623614C9734FBDD1E3BA7F3C86","moved",""
"자동화\자동화참조\업로드완료\threads_live_report_0427_0106.xlsx","C:\Users\ding9\Desktop\madoyo\자동화\자동화참조\업로드완료\threads_live_report_0427_0106.xlsx","E:\madoyo_excel_archive_20260522\from_madoyo\자동화\자동화참조\업로드완료\threads_live_report_0427_0106.xlsx","C:\Users\ding9\Desktop\폐기\madoyo_cleanup_20260522\excel_from_madoyo\자동화\자동화참조\업로드완료\threads_live_report_0427_0106.xlsx",,"03EF02C9C9CAB7C18CAF9D1667D7657B59A4327F","03EF02C9C9CAB7C18CAF9D1667D7657B59A4327F","03EF02C9C9CAB7C18CAF9D1667D7657B59A4327F","moved",""
"자동화\자동화참조\업로드완료\threads_live_report_0428_0241.xlsx","C:\Users\ding9\Desktop\madoyo\자동화\자동화참조\업로드완료\threads_live_report_0428_0241.xlsx","E:\madoyo_excel_archive_20260522\from_madoyo\자동화\자동화참조\업로드완료\threads_live_report_0428_0241.xlsx","C:\Users\ding9\Desktop\폐기\madoyo_cleanup_20260522\excel_from_madoyo\자동화\자동화참조\업로드완료\threads_live_report_0428_0241.xlsx",,"6FC92926A462EEFEC59E6BB2BDDAD05B4DFCF744","6FC92926A462EEFEC59E6BB2BDDAD05B4DFCF744","6FC92926A462EEFEC59E6BB2BDDAD05B4DFCF744","moved",""
"자동화\자동화참조\업로드완료\threads_live_report_0501_0019.xlsx","C:\Users\ding9\Desktop\madoyo\자동화\자동화참조\업로드완료\threads_live_report_0501_0019.xlsx","E:\madoyo_excel_archive_20260522\from_madoyo\자동화\자동화참조\업로드완료\threads_live_report_0501_0019.xlsx","C:\Users\ding9\Desktop\폐기\madoyo_cleanup_20260522\excel_from_madoyo\자동화\자동화참조\업로드완료\threads_live_report_0501_0019.xlsx",,"C0ED8BD406C8317606002AADED7CA67C3A74AA66","C0ED8BD406C8317606002AADED7CA67C3A74AA66","C0ED8BD406C8317606002AADED7CA67C3A74AA66","moved",""
"자동화\자동화참조\업로드완료\threads_live_report_0502_0127.xlsx","C:\Users\ding9\Desktop\madoyo\자동화\자동화참조\업로드완료\threads_live_report_0502_0127.xlsx","E:\madoyo_excel_archive_20260522\from_madoyo\자동화\자동화참조\업로드완료\threads_live_report_0502_0127.xlsx","C:\Users\ding9\Desktop\폐기\madoyo_cleanup_20260522\excel_from_madoyo\자동화\자동화참조\업로드완료\threads_live_report_0502_0127.xlsx",,"9C7CF1EC736F3312E4A382AAF37545129773967C","9C7CF1EC736F3312E4A382AAF37545129773967C","9C7CF1EC736F3312E4A382AAF37545129773967C","moved",""
"자동화\자동화참조\업로드완료\threads_live_report_0503_1223.xlsx","C:\Users\ding9\Desktop\madoyo\자동화\자동화참조\업로드완료\threads_live_report_0503_1223.xlsx","E:\madoyo_excel_archive_20260522\from_madoyo\자동화\자동화참조\업로드완료\threads_live_report_0503_1223.xlsx","C:\Users\ding9\Desktop\폐기\madoyo_cleanup_20260522\excel_from_madoyo\자동화\자동화참조\업로드완료\threads_live_report_0503_1223.xlsx",,"F5332A61B703235C05B57EEF502E6C262ED4B658","F5332A61B703235C05B57EEF502E6C262ED4B658","F5332A61B703235C05B57EEF502E6C262ED4B658","moved",""
"자동화\자동화참조\업로드완료\threads_live_report_0504_2343.xlsx","C:\Users\ding9\Desktop\madoyo\자동화\자동화참조\업로드완료\threads_live_report_0504_2343.xlsx","E:\madoyo_excel_archive_20260522\from_madoyo\자동화\자동화참조\업로드완료\threads_live_report_0504_2343.xlsx","C:\Users\ding9\Desktop\폐기\madoyo_cleanup_20260522\excel_from_madoyo\자동화\자동화참조\업로드완료\threads_live_report_0504_2343.xlsx",,"C8636331DB8B161E77FE54DA5CFA34990ADE1F16","C8636331DB8B161E77FE54DA5CFA34990ADE1F16","C8636331DB8B161E77FE54DA5CFA34990ADE1F16","moved",""
"자동화\자동화참조\업로드완료\threads_live_report_0505_2126.xlsx","C:\Users\ding9\Desktop\madoyo\자동화\자동화참조\업로드완료\threads_live_report_0505_2126.xlsx","E:\madoyo_excel_archive_20260522\from_madoyo\자동화\자동화참조\업로드완료\threads_live_report_0505_2126.xlsx","C:\Users\ding9\Desktop\폐기\madoyo_cleanup_20260522\excel_from_madoyo\자동화\자동화참조\업로드완료\threads_live_report_0505_2126.xlsx",,"DD6804B1B32814F8B7318C8A80C61FC14EF8D3F9","DD6804B1B32814F8B7318C8A80C61FC14EF8D3F9","DD6804B1B32814F8B7318C8A80C61FC14EF8D3F9","moved",""
"자동화\자동화참조\업로드완료\threads_live_report_0506_1751.xlsx","C:\Users\ding9\Desktop\madoyo\자동화\자동화참조\업로드완료\threads_live_report_0506_1751.xlsx","E:\madoyo_excel_archive_20260522\from_madoyo\자동화\자동화참조\업로드완료\threads_live_report_0506_1751.xlsx","C:\Users\ding9\Desktop\폐기\madoyo_cleanup_20260522\excel_from_madoyo\자동화\자동화참조\업로드완료\threads_live_report_0506_1751.xlsx",,"CDBD74B33A22DAC349694851516AD77C8ADCB29A","CDBD74B33A22DAC349694851516AD77C8ADCB29A","CDBD74B33A22DAC349694851516AD77C8ADCB29A","moved",""
"자동화\자동화참조\업로드완료\threads_live_report_0507_2231.xlsx","C:\Users\ding9\Desktop\madoyo\자동화\자동화참조\업로드완료\threads_live_report_0507_2231.xlsx","E:\madoyo_excel_archive_20260522\from_madoyo\자동화\자동화참조\업로드완료\threads_live_report_0507_2231.xlsx","C:\Users\ding9\Desktop\폐기\madoyo_cleanup_20260522\excel_from_madoyo\자동화\자동화참조\업로드완료\threads_live_report_0507_2231.xlsx",,"88D97FE4A225E88ECE871584989E57CD36B40BBB","88D97FE4A225E88ECE871584989E57CD36B40BBB","88D97FE4A225E88ECE871584989E57CD36B40BBB","moved",""
"자동화\자동화참조\업로드완료\threads_live_report_0509_1347.xlsx","C:\Users\ding9\Desktop\madoyo\자동화\자동화참조\업로드완료\threads_live_report_0509_1347.xlsx","E:\madoyo_excel_archive_20260522\from_madoyo\자동화\자동화참조\업로드완료\threads_live_report_0509_1347.xlsx","C:\Users\ding9\Desktop\폐기\madoyo_cleanup_20260522\excel_from_madoyo\자동화\자동화참조\업로드완료\threads_live_report_0509_1347.xlsx",,"849E491CB453DD098A78C94042C0F8DE40C50823","849E491CB453DD098A78C94042C0F8DE40C50823","849E491CB453DD098A78C94042C0F8DE40C50823","moved",""
"자동화\자동화참조\업로드완료\threads_live_report_0510_1213.xlsx","C:\Users\ding9\Desktop\madoyo\자동화\자동화참조\업로드완료\threads_live_report_0510_1213.xlsx","E:\madoyo_excel_archive_20260522\from_madoyo\자동화\자동화참조\업로드완료\threads_live_report_0510_1213.xlsx","C:\Users\ding9\Desktop\폐기\madoyo_cleanup_20260522\excel_from_madoyo\자동화\자동화참조\업로드완료\threads_live_report_0510_1213.xlsx",,"EA7D9D09F46D0C87D69B5B1BD810D8DB2272C43A","EA7D9D09F46D0C87D69B5B1BD810D8DB2272C43A","EA7D9D09F46D0C87D69B5B1BD810D8DB2272C43A","moved",""
"자동화\자동화참조\업로드완료\threads_live_report_0511_1807.xlsx","C:\Users\ding9\Desktop\madoyo\자동화\자동화참조\업로드완료\threads_live_report_0511_1807.xlsx","E:\madoyo_excel_archive_20260522\from_madoyo\자동화\자동화참조\업로드완료\threads_live_report_0511_1807.xlsx","C:\Users\ding9\Desktop\폐기\madoyo_cleanup_20260522\excel_from_madoyo\자동화\자동화참조\업로드완료\threads_live_report_0511_1807.xlsx",,"C033FDF556E8B7EF66187AC44B329FCDE446E507","C033FDF556E8B7EF66187AC44B329FCDE446E507","C033FDF556E8B7EF66187AC44B329FCDE446E507","moved",""
"자동화\자동화참조\업로드완료\threads_live_report_0512_0036.xlsx","C:\Users\ding9\Desktop\madoyo\자동화\자동화참조\업로드완료\threads_live_report_0512_0036.xlsx","E:\madoyo_excel_archive_20260522\from_madoyo\자동화\자동화참조\업로드완료\threads_live_report_0512_0036.xlsx","C:\Users\ding9\Desktop\폐기\madoyo_cleanup_20260522\excel_from_madoyo\자동화\자동화참조\업로드완료\threads_live_report_0512_0036.xlsx",,"1D42AE4D9A6038E59DB9D786AC5EE5E7B79B0DE0","1D42AE4D9A6038E59DB9D786AC5EE5E7B79B0DE0","1D42AE4D9A6038E59DB9D786AC5EE5E7B79B0DE0","moved",""
"자동화\자동화참조\업로드완료\threads_live_report_0512_1855.xlsx","C:\Users\ding9\Desktop\madoyo\자동화\자동화참조\업로드완료\threads_live_report_0512_1855.xlsx","E:\madoyo_excel_archive_20260522\from_madoyo\자동화\자동화참조\업로드완료\threads_live_report_0512_1855.xlsx","C:\Users\ding9\Desktop\폐기\madoyo_cleanup_20260522\excel_from_madoyo\자동화\자동화참조\업로드완료\threads_live_report_0512_1855.xlsx",,"6038F6D0DF168A5019FA0ABDEF6E1FE02D8A6DF1","6038F6D0DF168A5019FA0ABDEF6E1FE02D8A6DF1","6038F6D0DF168A5019FA0ABDEF6E1FE02D8A6DF1","moved",""
"자동화\자동화참조\업로드완료\threads_live_report_0513_2130.xlsx","C:\Users\ding9\Desktop\madoyo\자동화\자동화참조\업로드완료\threads_live_report_0513_2130.xlsx","E:\madoyo_excel_archive_20260522\from_madoyo\자동화\자동화참조\업로드완료\threads_live_report_0513_2130.xlsx","C:\Users\ding9\Desktop\폐기\madoyo_cleanup_20260522\excel_from_madoyo\자동화\자동화참조\업로드완료\threads_live_report_0513_2130.xlsx",,"18AB4D8C8D8F12377D085A5F5CF7E02C858783F1","18AB4D8C8D8F12377D085A5F5CF7E02C858783F1","18AB4D8C8D8F12377D085A5F5CF7E02C858783F1","moved",""
"자동화\자동화참조\업로드완료\threads_live_report_0513_2130_1778727348.xlsx","C:\Users\ding9\Desktop\madoyo\자동화\자동화참조\업로드완료\threads_live_report_0513_2130_1778727348.xlsx","E:\madoyo_excel_archive_20260522\from_madoyo\자동화\자동화참조\업로드완료\threads_live_report_0513_2130_1778727348.xlsx","C:\Users\ding9\Desktop\폐기\madoyo_cleanup_20260522\excel_from_madoyo\자동화\자동화참조\업로드완료\threads_live_report_0513_2130_1778727348.xlsx",,"18AB4D8C8D8F12377D085A5F5CF7E02C858783F1","18AB4D8C8D8F12377D085A5F5CF7E02C858783F1","18AB4D8C8D8F12377D085A5F5CF7E02C858783F1","moved",""
"자동화\자동화참조\업로드완료\threads_live_report_0513_2130_1778763955.xlsx","C:\Users\ding9\Desktop\madoyo\자동화\자동화참조\업로드완료\threads_live_report_0513_2130_1778763955.xlsx","E:\madoyo_excel_archive_20260522\from_madoyo\자동화\자동화참조\업로드완료\threads_live_report_0513_2130_1778763955.xlsx","C:\Users\ding9\Desktop\폐기\madoyo_cleanup_20260522\excel_from_madoyo\자동화\자동화참조\업로드완료\threads_live_report_0513_2130_1778763955.xlsx",,"18AB4D8C8D8F12377D085A5F5CF7E02C858783F1","18AB4D8C8D8F12377D085A5F5CF7E02C858783F1","18AB4D8C8D8F12377D085A5F5CF7E02C858783F1","moved",""
"자동화\자동화참조\업로드완료\threads_live_report_0513_2130_1778765672.xlsx","C:\Users\ding9\Desktop\madoyo\자동화\자동화참조\업로드완료\threads_live_report_0513_2130_1778765672.xlsx","E:\madoyo_excel_archive_20260522\from_madoyo\자동화\자동화참조\업로드완료\threads_live_report_0513_2130_1778765672.xlsx","C:\Users\ding9\Desktop\폐기\madoyo_cleanup_20260522\excel_from_madoyo\자동화\자동화참조\업로드완료\threads_live_report_0513_2130_1778765672.xlsx",,"18AB4D8C8D8F12377D085A5F5CF7E02C858783F1","18AB4D8C8D8F12377D085A5F5CF7E02C858783F1","18AB4D8C8D8F12377D085A5F5CF7E02C858783F1","moved",""
"자동화\자동화참조\업로드완료\threads_live_report_0515_2054.xlsx","C:\Users\ding9\Desktop\madoyo\자동화\자동화참조\업로드완료\threads_live_report_0515_2054.xlsx","E:\madoyo_excel_archive_20260522\from_madoyo\자동화\자동화참조\업로드완료\threads_live_report_0515_2054.xlsx","C:\Users\ding9\Desktop\폐기\madoyo_cleanup_20260522\excel_from_madoyo\자동화\자동화참조\업로드완료\threads_live_report_0515_2054.xlsx",,"FBFB2A8845335E76206AB44448360A5A55B26CD8","FBFB2A8845335E76206AB44448360A5A55B26CD8","FBFB2A8845335E76206AB44448360A5A55B26CD8","moved",""
"자동화\자동화참조\업로드완료\threads_live_report_0517_1039.xlsx","C:\Users\ding9\Desktop\madoyo\자동화\자동화참조\업로드완료\threads_live_report_0517_1039.xlsx","E:\madoyo_excel_archive_20260522\from_madoyo\자동화\자동화참조\업로드완료\threads_live_report_0517_1039.xlsx","C:\Users\ding9\Desktop\폐기\madoyo_cleanup_20260522\excel_from_madoyo\자동화\자동화참조\업로드완료\threads_live_report_0517_1039.xlsx",,"212313E57CE53367BDB21FD4618113BB01B7F122","212313E57CE53367BDB21FD4618113BB01B7F122","212313E57CE53367BDB21FD4618113BB01B7F122","moved",""
"자동화\자동화참조\업로드완료\threads_live_report_0518_0109.xlsx","C:\Users\ding9\Desktop\madoyo\자동화\자동화참조\업로드완료\threads_live_report_0518_0109.xlsx","E:\madoyo_excel_archive_20260522\from_madoyo\자동화\자동화참조\업로드완료\threads_live_report_0518_0109.xlsx","C:\Users\ding9\Desktop\폐기\madoyo_cleanup_20260522\excel_from_madoyo\자동화\자동화참조\업로드완료\threads_live_report_0518_0109.xlsx",,"11F4D32F2FDE44EFDD3486B9027E9E44DEC12551","11F4D32F2FDE44EFDD3486B9027E9E44DEC12551","11F4D32F2FDE44EFDD3486B9027E9E44DEC12551","moved",""
"자동화\자동화참조\업로드완료\threads_live_report_0519_0045.xlsx","C:\Users\ding9\Desktop\madoyo\자동화\자동화참조\업로드완료\threads_live_report_0519_0045.xlsx","E:\madoyo_excel_archive_20260522\from_madoyo\자동화\자동화참조\업로드완료\threads_live_report_0519_0045.xlsx","C:\Users\ding9\Desktop\폐기\madoyo_cleanup_20260522\excel_from_madoyo\자동화\자동화참조\업로드완료\threads_live_report_0519_0045.xlsx",,"1FE3A8EF4E6D3E9FE6FE8F838DEE552499A7ADD9","1FE3A8EF4E6D3E9FE6FE8F838DEE552499A7ADD9","1FE3A8EF4E6D3E9FE6FE8F838DEE552499A7ADD9","moved",""
"자동화\자동화참조\업로드완료\threads_slow_report_0212_0320.xlsx","C:\Users\ding9\Desktop\madoyo\자동화\자동화참조\업로드완료\threads_slow_report_0212_0320.xlsx","E:\madoyo_excel_archive_20260522\from_madoyo\자동화\자동화참조\업로드완료\threads_slow_report_0212_0320.xlsx","C:\Users\ding9\Desktop\폐기\madoyo_cleanup_20260522\excel_from_madoyo\자동화\자동화참조\업로드완료\threads_slow_report_0212_0320.xlsx",,"67DE4F519978E5323160522D2751E4B441E2F4C2","67DE4F519978E5323160522D2751E4B441E2F4C2","67DE4F519978E5323160522D2751E4B441E2F4C2","moved",""
"자동화\자동화참조\업로드완료\upload_failed_plus_new_0519_1650.xlsx","C:\Users\ding9\Desktop\madoyo\자동화\자동화참조\업로드완료\upload_failed_plus_new_0519_1650.xlsx","E:\madoyo_excel_archive_20260522\from_madoyo\자동화\자동화참조\업로드완료\upload_failed_plus_new_0519_1650.xlsx","C:\Users\ding9\Desktop\폐기\madoyo_cleanup_20260522\excel_from_madoyo\자동화\자동화참조\업로드완료\upload_failed_plus_new_0519_1650.xlsx",,"61283E5C5D832DBF1A5AE9CE951E53B8FEAF08DE","61283E5C5D832DBF1A5AE9CE951E53B8FEAF08DE","61283E5C5D832DBF1A5AE9CE951E53B8FEAF08DE","moved",""
"자동화\자동화참조\업로드완료\자동화test.xlsx","C:\Users\ding9\Desktop\madoyo\자동화\자동화참조\업로드완료\자동화test.xlsx","E:\madoyo_excel_archive_20260522\from_madoyo\자동화\자동화참조\업로드완료\자동화test.xlsx","C:\Users\ding9\Desktop\폐기\madoyo_cleanup_20260522\excel_from_madoyo\자동화\자동화참조\업로드완료\자동화test.xlsx",,"773C8CB676D85A4D18D165092EE1B194D3312012","773C8CB676D85A4D18D165092EE1B194D3312012","773C8CB676D85A4D18D165092EE1B194D3312012","moved",""
"자동화\자동화참조\업로드완료\자동화test_1772286081.xlsx","C:\Users\ding9\Desktop\madoyo\자동화\자동화참조\업로드완료\자동화test_1772286081.xlsx","E:\madoyo_excel_archive_20260522\from_madoyo\자동화\자동화참조\업로드완료\자동화test_1772286081.xlsx","C:\Users\ding9\Desktop\폐기\madoyo_cleanup_20260522\excel_from_madoyo\자동화\자동화참조\업로드완료\자동화test_1772286081.xlsx",,"773C8CB676D85A4D18D165092EE1B194D3312012","773C8CB676D85A4D18D165092EE1B194D3312012","773C8CB676D85A4D18D165092EE1B194D3312012","moved",""
"자동화\자동화참조\업로드완료\자동화test_1772298785.xlsx","C:\Users\ding9\Desktop\madoyo\자동화\자동화참조\업로드완료\자동화test_1772298785.xlsx","E:\madoyo_excel_archive_20260522\from_madoyo\자동화\자동화참조\업로드완료\자동화test_1772298785.xlsx","C:\Users\ding9\Desktop\폐기\madoyo_cleanup_20260522\excel_from_madoyo\자동화\자동화참조\업로드완료\자동화test_1772298785.xlsx",,"F96E62200B3B2466F774169F1322A03C54AF455F","F96E62200B3B2466F774169F1322A03C54AF455F","F96E62200B3B2466F774169F1322A03C54AF455F","moved",""
"자동화\자동화참조\업로드완료\통합 문서 3.xlsx","C:\Users\ding9\Desktop\madoyo\자동화\자동화참조\업로드완료\통합 문서 3.xlsx","E:\madoyo_excel_archive_20260522\from_madoyo\자동화\자동화참조\업로드완료\통합 문서 3.xlsx","C:\Users\ding9\Desktop\폐기\madoyo_cleanup_20260522\excel_from_madoyo\자동화\자동화참조\업로드완료\통합 문서 3.xlsx",,"A72786AF05B73BBFE93C3DB1E671F24819B5DB5D","A72786AF05B73BBFE93C3DB1E671F24819B5DB5D","A72786AF05B73BBFE93C3DB1E671F24819B5DB5D","moved",""
"자동화\자동화참조\업로드완료\통합 문서 4.xlsx","C:\Users\ding9\Desktop\madoyo\자동화\자동화참조\업로드완료\통합 문서 4.xlsx","E:\madoyo_excel_archive_20260522\from_madoyo\자동화\자동화참조\업로드완료\통합 문서 4.xlsx","C:\Users\ding9\Desktop\폐기\madoyo_cleanup_20260522\excel_from_madoyo\자동화\자동화참조\업로드완료\통합 문서 4.xlsx",,"6E5A4E3B0158480F2715790248785B06071A47D6","6E5A4E3B0158480F2715790248785B06071A47D6","6E5A4E3B0158480F2715790248785B06071A47D6","moved",""
"자동화\검증결과_20260406_145542.xlsx","C:\Users\ding9\Desktop\madoyo\자동화\검증결과_20260406_145542.xlsx","E:\madoyo_excel_archive_20260522\from_madoyo\자동화\검증결과_20260406_145542.xlsx","C:\Users\ding9\Desktop\폐기\madoyo_cleanup_20260522\excel_from_madoyo\자동화\검증결과_20260406_145542.xlsx",,"5A8D8140A5565D338900EF749E2DCC1E4AD486CA","5A8D8140A5565D338900EF749E2DCC1E4AD486CA","5A8D8140A5565D338900EF749E2DCC1E4AD486CA","moved",""
"자동화\검증결과_20260406_154943.xlsx","C:\Users\ding9\Desktop\madoyo\자동화\검증결과_20260406_154943.xlsx","E:\madoyo_excel_archive_20260522\from_madoyo\자동화\검증결과_20260406_154943.xlsx","C:\Users\ding9\Desktop\폐기\madoyo_cleanup_20260522\excel_from_madoyo\자동화\검증결과_20260406_154943.xlsx",,"839353C11A657433BBF0B6F9B653141CF204E24C","839353C11A657433BBF0B6F9B653141CF204E24C","839353C11A657433BBF0B6F9B653141CF204E24C","moved",""
"자동화\검증결과_20260406_161429.xlsx","C:\Users\ding9\Desktop\madoyo\자동화\검증결과_20260406_161429.xlsx","E:\madoyo_excel_archive_20260522\from_madoyo\자동화\검증결과_20260406_161429.xlsx","C:\Users\ding9\Desktop\폐기\madoyo_cleanup_20260522\excel_from_madoyo\자동화\검증결과_20260406_161429.xlsx",,"493CBA9F471492E502484DA47646324C6AC22180","493CBA9F471492E502484DA47646324C6AC22180","493CBA9F471492E502484DA47646324C6AC22180","moved",""
"자동화\검증결과_20260406_165952.xlsx","C:\Users\ding9\Desktop\madoyo\자동화\검증결과_20260406_165952.xlsx","E:\madoyo_excel_archive_20260522\from_madoyo\자동화\검증결과_20260406_165952.xlsx","C:\Users\ding9\Desktop\폐기\madoyo_cleanup_20260522\excel_from_madoyo\자동화\검증결과_20260406_165952.xlsx",,"573FA2241D324171D84D58ABFACDD05AB2666BD2","573FA2241D324171D84D58ABFACDD05AB2666BD2","573FA2241D324171D84D58ABFACDD05AB2666BD2","moved",""
"자동화\검증결과_20260407_023457.xlsx","C:\Users\ding9\Desktop\madoyo\자동화\검증결과_20260407_023457.xlsx","E:\madoyo_excel_archive_20260522\from_madoyo\자동화\검증결과_20260407_023457.xlsx","C:\Users\ding9\Desktop\폐기\madoyo_cleanup_20260522\excel_from_madoyo\자동화\검증결과_20260407_023457.xlsx",,"E74700495D8A77324BAB47860475E2502FAC0A5A","E74700495D8A77324BAB47860475E2502FAC0A5A","E74700495D8A77324BAB47860475E2502FAC0A5A","moved",""
"자동화\검증결과_20260407_023543.xlsx","C:\Users\ding9\Desktop\madoyo\자동화\검증결과_20260407_023543.xlsx","E:\madoyo_excel_archive_20260522\from_madoyo\자동화\검증결과_20260407_023543.xlsx","C:\Users\ding9\Desktop\폐기\madoyo_cleanup_20260522\excel_from_madoyo\자동화\검증결과_20260407_023543.xlsx",,"50F5924B4D3D8B08340932E465C1956E684AFD7F","50F5924B4D3D8B08340932E465C1956E684AFD7F","50F5924B4D3D8B08340932E465C1956E684AFD7F","moved",""
"자동화\검증결과_20260407_031543.xlsx","C:\Users\ding9\Desktop\madoyo\자동화\검증결과_20260407_031543.xlsx","E:\madoyo_excel_archive_20260522\from_madoyo\자동화\검증결과_20260407_031543.xlsx","C:\Users\ding9\Desktop\폐기\madoyo_cleanup_20260522\excel_from_madoyo\자동화\검증결과_20260407_031543.xlsx",,"5310F2D6500AA8347529C2D7ACA1EBACA5BD1769","5310F2D6500AA8347529C2D7ACA1EBACA5BD1769","5310F2D6500AA8347529C2D7ACA1EBACA5BD1769","moved",""
"167246-daily-trend-AF3265449-2025-12-15-2026-01-13 (1).xlsx","C:\Users\ding9\Desktop\madoyo\167246-daily-trend-AF3265449-2025-12-15-2026-01-13 (1).xlsx","E:\madoyo_excel_archive_20260522\from_madoyo\167246-daily-trend-AF3265449-2025-12-15-2026-01-13 (1).xlsx","C:\Users\ding9\Desktop\폐기\madoyo_cleanup_20260522\excel_from_madoyo\167246-daily-trend-AF3265449-2025-12-15-2026-01-13 (1).xlsx",,"805859FC913AE1B5C09DBCD72123183C73061C31","805859FC913AE1B5C09DBCD72123183C73061C31","805859FC913AE1B5C09DBCD72123183C73061C31","moved",""
"threads_links_report_0429_1721.xlsx","C:\Users\ding9\Desktop\madoyo\threads_links_report_0429_1721.xlsx","E:\madoyo_excel_archive_20260522\from_madoyo\threads_links_report_0429_1721.xlsx","C:\Users\ding9\Desktop\폐기\madoyo_cleanup_20260522\excel_from_madoyo\threads_links_report_0429_1721.xlsx",,"E47B71A8CD0C285A2279B429ED349A629153EEE6","E47B71A8CD0C285A2279B429ED349A629153EEE6","E47B71A8CD0C285A2279B429ED349A629153EEE6","moved",""
"threads_live_report_0424_0210.xlsx","C:\Users\ding9\Desktop\madoyo\threads_live_report_0424_0210.xlsx","E:\madoyo_excel_archive_20260522\from_madoyo\threads_live_report_0424_0210.xlsx","C:\Users\ding9\Desktop\폐기\madoyo_cleanup_20260522\excel_from_madoyo\threads_live_report_0424_0210.xlsx",,"56CE00166A6C1791FABFC88FD12DE6CE4CCE12EA","56CE00166A6C1791FABFC88FD12DE6CE4CCE12EA","56CE00166A6C1791FABFC88FD12DE6CE4CCE12EA","moved",""
